# MINERvA Open Data per-file POT, read from each file's Meta tree over XRootD on 2026-09-14
beam	kind	playlist	tag	url	pot_used	pot_total	n_meta_entries	total_reco_entries	total_truth_entries	error
FHC	data	1A	data10000	root://fndcadoor.fnal.gov:1095/pnfs/fnal.gov/usr/minerva/persistent/OpenData/MediumEnergy_FHC/Data/Playlist1A/MasterAnaDev_data_AnaTuple_run00010000_Playlist.root	6.085272403092384e+17	6.202769761924488e+17	1	18753		
FHC	data	1A	data10001	root://fndcadoor.fnal.gov:1095/pnfs/fnal.gov/usr/minerva/persistent/OpenData/MediumEnergy_FHC/Data/Playlist1A/MasterAnaDev_data_AnaTuple_run00010001_Playlist.root	6.001858523979187e+17	6.030052052657312e+17	1	18619		
FHC	data	1A	data10002	root://fndcadoor.fnal.gov:1095/pnfs/fnal.gov/usr/minerva/persistent/OpenData/MediumEnergy_FHC/Data/Playlist1A/MasterAnaDev_data_AnaTuple_run00010002_Playlist.root	5.2850685500383366e+17	5.3148602674132045e+17	1	16556		
FHC	data	1A	data10003	root://fndcadoor.fnal.gov:1095/pnfs/fnal.gov/usr/minerva/persistent/OpenData/MediumEnergy_FHC/Data/Playlist1A/MasterAnaDev_data_AnaTuple_run00010003_Playlist.root	3.487697268371582e+17	3.5190234709087597e+17	1	10969		
FHC	data	1A	data10004	root://fndcadoor.fnal.gov:1095/pnfs/fnal.gov/usr/minerva/persistent/OpenData/MediumEnergy_FHC/Data/Playlist1A/MasterAnaDev_data_AnaTuple_run00010004_Playlist.root	5.875553275823594e+17	5.875558729624356e+17	1	18617		
FHC	data	1A	data10005	root://fndcadoor.fnal.gov:1095/pnfs/fnal.gov/usr/minerva/persistent/OpenData/MediumEnergy_FHC/Data/Playlist1A/MasterAnaDev_data_AnaTuple_run00010005_Playlist.root	5.909810395236015e+17	5.94023155252721e+17	1	18374		
FHC	data	1A	data10006	root://fndcadoor.fnal.gov:1095/pnfs/fnal.gov/usr/minerva/persistent/OpenData/MediumEnergy_FHC/Data/Playlist1A/MasterAnaDev_data_AnaTuple_run00010006_Playlist.root	5.5363468492317203e+17	5.818855173217082e+17	1	17260		
FHC	data	1A	data10007	root://fndcadoor.fnal.gov:1095/pnfs/fnal.gov/usr/minerva/persistent/OpenData/MediumEnergy_FHC/Data/Playlist1A/MasterAnaDev_data_AnaTuple_run00010007_Playlist.root	5.521956131687165e+17	5.5892546336507757e+17	1	17311		
FHC	data	1A	data10008	root://fndcadoor.fnal.gov:1095/pnfs/fnal.gov/usr/minerva/persistent/OpenData/MediumEnergy_FHC/Data/Playlist1A/MasterAnaDev_data_AnaTuple_run00010008_Playlist.root	4.5741632135796544e+17	4.574413343800204e+17	1	14486		
FHC	data	1A	data10010	root://fndcadoor.fnal.gov:1095/pnfs/fnal.gov/usr/minerva/persistent/OpenData/MediumEnergy_FHC/Data/Playlist1A/MasterAnaDev_data_AnaTuple_run00010010_Playlist.root	5.783551254177093e+17	5.813803319916474e+17	1	17690		
FHC	data	1A	data10011	root://fndcadoor.fnal.gov:1095/pnfs/fnal.gov/usr/minerva/persistent/OpenData/MediumEnergy_FHC/Data/Playlist1A/MasterAnaDev_data_AnaTuple_run00010011_Playlist.root	6.01632279410839e+17	6.016330209737594e+17	1	18784		
FHC	data	1A	data10012	root://fndcadoor.fnal.gov:1095/pnfs/fnal.gov/usr/minerva/persistent/OpenData/MediumEnergy_FHC/Data/Playlist1A/MasterAnaDev_data_AnaTuple_run00010012_Playlist.root	5.970784380788803e+17	6.001103000513816e+17	1	18457		
FHC	data	1A	data10013	root://fndcadoor.fnal.gov:1095/pnfs/fnal.gov/usr/minerva/persistent/OpenData/MediumEnergy_FHC/Data/Playlist1A/MasterAnaDev_data_AnaTuple_run00010013_Playlist.root	5.811471745843887e+17	5.811652616274337e+17	1	18108		
FHC	data	1A	data10014	root://fndcadoor.fnal.gov:1095/pnfs/fnal.gov/usr/minerva/persistent/OpenData/MediumEnergy_FHC/Data/Playlist1A/MasterAnaDev_data_AnaTuple_run00010014_Playlist.root	5.755719609594344e+17	5.786329543302299e+17	1	17937		
FHC	data	1A	data10015	root://fndcadoor.fnal.gov:1095/pnfs/fnal.gov/usr/minerva/persistent/OpenData/MediumEnergy_FHC/Data/Playlist1A/MasterAnaDev_data_AnaTuple_run00010015_Playlist.root	6.04233380513668e+17	6.074303671370715e+17	1	18585		
FHC	data	1A	data10016	root://fndcadoor.fnal.gov:1095/pnfs/fnal.gov/usr/minerva/persistent/OpenData/MediumEnergy_FHC/Data/Playlist1A/MasterAnaDev_data_AnaTuple_run00010016_Playlist.root	6.185065155115127e+17	6.185154110319231e+17	1	19178		
FHC	data	1A	data10017	root://fndcadoor.fnal.gov:1095/pnfs/fnal.gov/usr/minerva/persistent/OpenData/MediumEnergy_FHC/Data/Playlist1A/MasterAnaDev_data_AnaTuple_run00010017_Playlist.root	6.160931014795304e+17	6.191512883268361e+17	1	19349		
FHC	data	1A	data10018	root://fndcadoor.fnal.gov:1095/pnfs/fnal.gov/usr/minerva/persistent/OpenData/MediumEnergy_FHC/Data/Playlist1A/MasterAnaDev_data_AnaTuple_run00010018_Playlist.root	6.245232537889481e+17	6.245234927080727e+17	1	19381		
FHC	data	1A	data10019	root://fndcadoor.fnal.gov:1095/pnfs/fnal.gov/usr/minerva/persistent/OpenData/MediumEnergy_FHC/Data/Playlist1A/MasterAnaDev_data_AnaTuple_run00010019_Playlist.root	5.3035180711317056e+17	5.334753847764789e+17	1	16514		
FHC	data	1A	data10020	root://fndcadoor.fnal.gov:1095/pnfs/fnal.gov/usr/minerva/persistent/OpenData/MediumEnergy_FHC/Data/Playlist1A/MasterAnaDev_data_AnaTuple_run00010020_Playlist.root	6.06382480603218e+17	6.06384928764936e+17	1	18652		
FHC	data	1A	data10021	root://fndcadoor.fnal.gov:1095/pnfs/fnal.gov/usr/minerva/persistent/OpenData/MediumEnergy_FHC/Data/Playlist1A/MasterAnaDev_data_AnaTuple_run00010021_Playlist.root	6.240575120010376e+17	6.251859785343324e+17	1	19439		
FHC	data	1A	data10022	root://fndcadoor.fnal.gov:1095/pnfs/fnal.gov/usr/minerva/persistent/OpenData/MediumEnergy_FHC/Data/Playlist1A/MasterAnaDev_data_AnaTuple_run00010022_Playlist.root	5.760374952259063e+17	5.7604417159823136e+17	1	18072		
FHC	data	1A	data10023	root://fndcadoor.fnal.gov:1095/pnfs/fnal.gov/usr/minerva/persistent/OpenData/MediumEnergy_FHC/Data/Playlist1A/MasterAnaDev_data_AnaTuple_run00010023_Playlist.root	6.156730621681213e+17	6.187861483588366e+17	1	19188		
FHC	data	1A	data10024	root://fndcadoor.fnal.gov:1095/pnfs/fnal.gov/usr/minerva/persistent/OpenData/MediumEnergy_FHC/Data/Playlist1A/MasterAnaDev_data_AnaTuple_run00010024_Playlist.root	6.148316835699082e+17	6.17961108345562e+17	1	18989		
FHC	data	1A	data10025	root://fndcadoor.fnal.gov:1095/pnfs/fnal.gov/usr/minerva/persistent/OpenData/MediumEnergy_FHC/Data/Playlist1A/MasterAnaDev_data_AnaTuple_run00010025_Playlist.root	6.037051748628616e+17	6.037116142628594e+17	1	18708		
FHC	data	1A	data10026	root://fndcadoor.fnal.gov:1095/pnfs/fnal.gov/usr/minerva/persistent/OpenData/MediumEnergy_FHC/Data/Playlist1A/MasterAnaDev_data_AnaTuple_run00010026_Playlist.root	6.043020788216593e+17	6.064709993837083e+17	1	18889		
FHC	data	1A	data10027	root://fndcadoor.fnal.gov:1095/pnfs/fnal.gov/usr/minerva/persistent/OpenData/MediumEnergy_FHC/Data/Playlist1A/MasterAnaDev_data_AnaTuple_run00010027_Playlist.root	6.17276680281639e+17	6.213545668947968e+17	1	19238		
FHC	data	1A	data10028	root://fndcadoor.fnal.gov:1095/pnfs/fnal.gov/usr/minerva/persistent/OpenData/MediumEnergy_FHC/Data/Playlist1A/MasterAnaDev_data_AnaTuple_run00010028_Playlist.root	4.034089598140717e+17	4.034273442280238e+17	1	12442		
FHC	data	1A	data10031	root://fndcadoor.fnal.gov:1095/pnfs/fnal.gov/usr/minerva/persistent/OpenData/MediumEnergy_FHC/Data/Playlist1A/MasterAnaDev_data_AnaTuple_run00010031_Playlist.root	1.1964363092422486e+16	1.1964391083783704e+16	1	392		
FHC	data	1A	data10032	root://fndcadoor.fnal.gov:1095/pnfs/fnal.gov/usr/minerva/persistent/OpenData/MediumEnergy_FHC/Data/Playlist1A/MasterAnaDev_data_AnaTuple_run00010032_Playlist.root	8855229896545411.0	8855229896545411.0	1	257		
FHC	data	1A	data10034	root://fndcadoor.fnal.gov:1095/pnfs/fnal.gov/usr/minerva/persistent/OpenData/MediumEnergy_FHC/Data/Playlist1A/MasterAnaDev_data_AnaTuple_run00010034_Playlist.root	2.8738960990905764e+16	2.8739002085681076e+16	1	895		
FHC	data	1A	data10035	root://fndcadoor.fnal.gov:1095/pnfs/fnal.gov/usr/minerva/persistent/OpenData/MediumEnergy_FHC/Data/Playlist1A/MasterAnaDev_data_AnaTuple_run00010035_Playlist.root	1.113039698791504e+16	1.113039698791504e+16	1	335		
FHC	data	1A	data10036	root://fndcadoor.fnal.gov:1095/pnfs/fnal.gov/usr/minerva/persistent/OpenData/MediumEnergy_FHC/Data/Playlist1A/MasterAnaDev_data_AnaTuple_run00010036_Playlist.root	3.429078038225174e+17	5.897573783441313e+17	1	10737		
FHC	data	1A	data10037	root://fndcadoor.fnal.gov:1095/pnfs/fnal.gov/usr/minerva/persistent/OpenData/MediumEnergy_FHC/Data/Playlist1A/MasterAnaDev_data_AnaTuple_run00010037_Playlist.root	5.048778673782349e+17	6.122172029533084e+17	1	15599		
FHC	data	1A	data10038	root://fndcadoor.fnal.gov:1095/pnfs/fnal.gov/usr/minerva/persistent/OpenData/MediumEnergy_FHC/Data/Playlist1A/MasterAnaDev_data_AnaTuple_run00010038_Playlist.root	6.244069406948088e+17	6.279766049964744e+17	1	19529		
FHC	data	1A	data10039	root://fndcadoor.fnal.gov:1095/pnfs/fnal.gov/usr/minerva/persistent/OpenData/MediumEnergy_FHC/Data/Playlist1A/MasterAnaDev_data_AnaTuple_run00010039_Playlist.root	5.7145420970964454e+17	5.714886210011541e+17	1	17709		
FHC	data	1A	data10040	root://fndcadoor.fnal.gov:1095/pnfs/fnal.gov/usr/minerva/persistent/OpenData/MediumEnergy_FHC/Data/Playlist1A/MasterAnaDev_data_AnaTuple_run00010040_Playlist.root	6.032172899875642e+17	6.043745723544969e+17	1	18740		
FHC	data	1A	data10041	root://fndcadoor.fnal.gov:1095/pnfs/fnal.gov/usr/minerva/persistent/OpenData/MediumEnergy_FHC/Data/Playlist1A/MasterAnaDev_data_AnaTuple_run00010041_Playlist.root	6.137281770515442e+17	6.169566122987162e+17	1	18827		
FHC	data	1A	data10042	root://fndcadoor.fnal.gov:1095/pnfs/fnal.gov/usr/minerva/persistent/OpenData/MediumEnergy_FHC/Data/Playlist1A/MasterAnaDev_data_AnaTuple_run00010042_Playlist.root	6.120726587915423e+17	6.12100795104393e+17	1	19111		
FHC	data	1A	data10043	root://fndcadoor.fnal.gov:1095/pnfs/fnal.gov/usr/minerva/persistent/OpenData/MediumEnergy_FHC/Data/Playlist1A/MasterAnaDev_data_AnaTuple_run00010043_Playlist.root	5.6472497029495226e+17	5.681811892048467e+17	1	17679		
FHC	data	1A	data10044	root://fndcadoor.fnal.gov:1095/pnfs/fnal.gov/usr/minerva/persistent/OpenData/MediumEnergy_FHC/Data/Playlist1A/MasterAnaDev_data_AnaTuple_run00010044_Playlist.root	3.0624548467016224e+17	5.277720788534995e+17	1	9564		
FHC	data	1A	data10045	root://fndcadoor.fnal.gov:1095/pnfs/fnal.gov/usr/minerva/persistent/OpenData/MediumEnergy_FHC/Data/Playlist1A/MasterAnaDev_data_AnaTuple_run00010045_Playlist.root	2.7283399425029756e+16	7.502012783636688e+16	1	825		
FHC	data	1A	data10046	root://fndcadoor.fnal.gov:1095/pnfs/fnal.gov/usr/minerva/persistent/OpenData/MediumEnergy_FHC/Data/Playlist1A/MasterAnaDev_data_AnaTuple_run00010046_Playlist.root	5.80407905851841e+17	5.80497564357741e+17	1	17880		
FHC	data	1A	data10047	root://fndcadoor.fnal.gov:1095/pnfs/fnal.gov/usr/minerva/persistent/OpenData/MediumEnergy_FHC/Data/Playlist1A/MasterAnaDev_data_AnaTuple_run00010047_Playlist.root	1.86864091091156e+16	1.86864091091156e+16	1	587		
FHC	data	1A	data10048	root://fndcadoor.fnal.gov:1095/pnfs/fnal.gov/usr/minerva/persistent/OpenData/MediumEnergy_FHC/Data/Playlist1A/MasterAnaDev_data_AnaTuple_run00010048_Playlist.root	4.826410731868744e+17	5.935396214610452e+17	1	14925		
FHC	data	1A	data10049	root://fndcadoor.fnal.gov:1095/pnfs/fnal.gov/usr/minerva/persistent/OpenData/MediumEnergy_FHC/Data/Playlist1A/MasterAnaDev_data_AnaTuple_run00010049_Playlist.root	6.007758897085189e+17	6.00784308502111e+17	1	18325		
FHC	data	1A	data10050	root://fndcadoor.fnal.gov:1095/pnfs/fnal.gov/usr/minerva/persistent/OpenData/MediumEnergy_FHC/Data/Playlist1A/MasterAnaDev_data_AnaTuple_run00010050_Playlist.root	6.110989655752182e+17	6.14002550602616e+17	1	19104		
FHC	data	1A	data10051	root://fndcadoor.fnal.gov:1095/pnfs/fnal.gov/usr/minerva/persistent/OpenData/MediumEnergy_FHC/Data/Playlist1A/MasterAnaDev_data_AnaTuple_run00010051_Playlist.root	5.796217832784653e+17	5.796316587504781e+17	1	17921		
FHC	data	1A	data10052	root://fndcadoor.fnal.gov:1095/pnfs/fnal.gov/usr/minerva/persistent/OpenData/MediumEnergy_FHC/Data/Playlist1A/MasterAnaDev_data_AnaTuple_run00010052_Playlist.root	1.1253223969841003e+17	1.125354010858135e+17	1	3406		
FHC	data	1A	data10053	root://fndcadoor.fnal.gov:1095/pnfs/fnal.gov/usr/minerva/persistent/OpenData/MediumEnergy_FHC/Data/Playlist1A/MasterAnaDev_data_AnaTuple_run00010053_Playlist.root	4813419807434082.0	4813419807434082.0	1	147		
FHC	data	1A	data10054	root://fndcadoor.fnal.gov:1095/pnfs/fnal.gov/usr/minerva/persistent/OpenData/MediumEnergy_FHC/Data/Playlist1A/MasterAnaDev_data_AnaTuple_run00010054_Playlist.root	4.222858423423767e+16	4.222862910676445e+16	1	1321		
FHC	data	1A	data10056	root://fndcadoor.fnal.gov:1095/pnfs/fnal.gov/usr/minerva/persistent/OpenData/MediumEnergy_FHC/Data/Playlist1A/MasterAnaDev_data_AnaTuple_run00010056_Playlist.root	5.964320831861495e+17	5.985500636025277e+17	1	18540		
FHC	data	1A	data10057	root://fndcadoor.fnal.gov:1095/pnfs/fnal.gov/usr/minerva/persistent/OpenData/MediumEnergy_FHC/Data/Playlist1A/MasterAnaDev_data_AnaTuple_run00010057_Playlist.root	2.1417639044952394e+17	2.141763875983339e+17	1	6858		
FHC	data	1A	data10058	root://fndcadoor.fnal.gov:1095/pnfs/fnal.gov/usr/minerva/persistent/OpenData/MediumEnergy_FHC/Data/Playlist1A/MasterAnaDev_data_AnaTuple_run00010058_Playlist.root	1.7879135112762452e+16	1.7879134003172396e+16	1	590		
FHC	data	1A	data10059	root://fndcadoor.fnal.gov:1095/pnfs/fnal.gov/usr/minerva/persistent/OpenData/MediumEnergy_FHC/Data/Playlist1A/MasterAnaDev_data_AnaTuple_run00010059_Playlist.root	1.6713139429092408e+16	1.6713139429092408e+16	1	519		
FHC	data	1A	data10060	root://fndcadoor.fnal.gov:1095/pnfs/fnal.gov/usr/minerva/persistent/OpenData/MediumEnergy_FHC/Data/Playlist1A/MasterAnaDev_data_AnaTuple_run00010060_Playlist.root	4.805664084968568e+17	4.836762836043549e+17	1	15243		
FHC	data	1A	data10061	root://fndcadoor.fnal.gov:1095/pnfs/fnal.gov/usr/minerva/persistent/OpenData/MediumEnergy_FHC/Data/Playlist1A/MasterAnaDev_data_AnaTuple_run00010061_Playlist.root	9.046132013373377e+17	9.077892067714591e+17	1	28337		
FHC	data	1A	data10062	root://fndcadoor.fnal.gov:1095/pnfs/fnal.gov/usr/minerva/persistent/OpenData/MediumEnergy_FHC/Data/Playlist1A/MasterAnaDev_data_AnaTuple_run00010062_Playlist.root	5.946749167957306e+17	5.947061200836838e+17	1	18422		
FHC	data	1A	data10063	root://fndcadoor.fnal.gov:1095/pnfs/fnal.gov/usr/minerva/persistent/OpenData/MediumEnergy_FHC/Data/Playlist1A/MasterAnaDev_data_AnaTuple_run00010063_Playlist.root	5.4587195626735686e+17	5.489432511250793e+17	1	16980		
FHC	data	1A	data10064	root://fndcadoor.fnal.gov:1095/pnfs/fnal.gov/usr/minerva/persistent/OpenData/MediumEnergy_FHC/Data/Playlist1A/MasterAnaDev_data_AnaTuple_run00010064_Playlist.root	5.2724753798770906e+17	5.2726835679044077e+17	1	16387		
FHC	data	1A	data10065	root://fndcadoor.fnal.gov:1095/pnfs/fnal.gov/usr/minerva/persistent/OpenData/MediumEnergy_FHC/Data/Playlist1A/MasterAnaDev_data_AnaTuple_run00010065_Playlist.root	6.01945010023594e+17	6.02811845378893e+17	1	18548		
FHC	data	1A	data10066	root://fndcadoor.fnal.gov:1095/pnfs/fnal.gov/usr/minerva/persistent/OpenData/MediumEnergy_FHC/Data/Playlist1A/MasterAnaDev_data_AnaTuple_run00010066_Playlist.root	2.0497721920490272e+17	2.0497748259222675e+17	1	6304		
FHC	data	1A	data6038	root://fndcadoor.fnal.gov:1095/pnfs/fnal.gov/usr/minerva/persistent/OpenData/MediumEnergy_FHC/Data/Playlist1A/MasterAnaDev_data_AnaTuple_run00006038_Playlist.root	4.8283761550736435e+17	5.031618950581947e+17	1	15259		
FHC	data	1A	data6039	root://fndcadoor.fnal.gov:1095/pnfs/fnal.gov/usr/minerva/persistent/OpenData/MediumEnergy_FHC/Data/Playlist1A/MasterAnaDev_data_AnaTuple_run00006039_Playlist.root	6.192431488871574e+17	6.19904262544934e+17	1	19233		
FHC	data	1A	data6040	root://fndcadoor.fnal.gov:1095/pnfs/fnal.gov/usr/minerva/persistent/OpenData/MediumEnergy_FHC/Data/Playlist1A/MasterAnaDev_data_AnaTuple_run00006040_Playlist.root	2.5840281999588012e+16	2.599008445424796e+16	1	814		
FHC	data	1A	data6041	root://fndcadoor.fnal.gov:1095/pnfs/fnal.gov/usr/minerva/persistent/OpenData/MediumEnergy_FHC/Data/Playlist1A/MasterAnaDev_data_AnaTuple_run00006041_Playlist.root	4798102885246277.0	5075647755297599.0	1	146		
FHC	data	1A	data6042	root://fndcadoor.fnal.gov:1095/pnfs/fnal.gov/usr/minerva/persistent/OpenData/MediumEnergy_FHC/Data/Playlist1A/MasterAnaDev_data_AnaTuple_run00006042_Playlist.root	7.092353626444338e+17	7.170010167961453e+17	1	22271		
FHC	data	1A	data6043	root://fndcadoor.fnal.gov:1095/pnfs/fnal.gov/usr/minerva/persistent/OpenData/MediumEnergy_FHC/Data/Playlist1A/MasterAnaDev_data_AnaTuple_run00006043_Playlist.root	6.752253541412356e+17	6.779480368526212e+17	1	21257		
FHC	data	1A	data6044	root://fndcadoor.fnal.gov:1095/pnfs/fnal.gov/usr/minerva/persistent/OpenData/MediumEnergy_FHC/Data/Playlist1A/MasterAnaDev_data_AnaTuple_run00006044_Playlist.root	6.071372845277786e+17	6.222367404628646e+17	1	18916		
FHC	data	1A	data6045	root://fndcadoor.fnal.gov:1095/pnfs/fnal.gov/usr/minerva/persistent/OpenData/MediumEnergy_FHC/Data/Playlist1A/MasterAnaDev_data_AnaTuple_run00006045_Playlist.root	5.867032390806676e+17	5.939914724101457e+17	1	18534		
FHC	data	1A	data6046	root://fndcadoor.fnal.gov:1095/pnfs/fnal.gov/usr/minerva/persistent/OpenData/MediumEnergy_FHC/Data/Playlist1A/MasterAnaDev_data_AnaTuple_run00006046_Playlist.root	5.585501980445385e+17	5.6064915804544454e+17	1	17546		
FHC	data	1A	data6047	root://fndcadoor.fnal.gov:1095/pnfs/fnal.gov/usr/minerva/persistent/OpenData/MediumEnergy_FHC/Data/Playlist1A/MasterAnaDev_data_AnaTuple_run00006047_Playlist.root	0.0	198976832209.15497	1	0		
FHC	data	1A	data6048	root://fndcadoor.fnal.gov:1095/pnfs/fnal.gov/usr/minerva/persistent/OpenData/MediumEnergy_FHC/Data/Playlist1A/MasterAnaDev_data_AnaTuple_run00006048_Playlist.root	6.618888870453834e+17	6.62728959433417e+17	1	20626		
FHC	data	1A	data6051	root://fndcadoor.fnal.gov:1095/pnfs/fnal.gov/usr/minerva/persistent/OpenData/MediumEnergy_FHC/Data/Playlist1A/MasterAnaDev_data_AnaTuple_run00006051_Playlist.root	1.3336130645394325e+17	1.3346674891355888e+17	1	4214		
FHC	data	1A	data6052	root://fndcadoor.fnal.gov:1095/pnfs/fnal.gov/usr/minerva/persistent/OpenData/MediumEnergy_FHC/Data/Playlist1A/MasterAnaDev_data_AnaTuple_run00006052_Playlist.root	9.714301005053522e+16	1.0836310797464032e+17	1	3023		
FHC	data	1A	data6057	root://fndcadoor.fnal.gov:1095/pnfs/fnal.gov/usr/minerva/persistent/OpenData/MediumEnergy_FHC/Data/Playlist1A/MasterAnaDev_data_AnaTuple_run00006057_Playlist.root	4.5722524779748934e+17	4.576703421327112e+17	1	14075		
FHC	data	1A	data6058	root://fndcadoor.fnal.gov:1095/pnfs/fnal.gov/usr/minerva/persistent/OpenData/MediumEnergy_FHC/Data/Playlist1A/MasterAnaDev_data_AnaTuple_run00006058_Playlist.root	3.5010191441822054e+17	4.0335597489014246e+17	1	10784		
FHC	data	1A	data6059	root://fndcadoor.fnal.gov:1095/pnfs/fnal.gov/usr/minerva/persistent/OpenData/MediumEnergy_FHC/Data/Playlist1A/MasterAnaDev_data_AnaTuple_run00006059_Playlist.root	4.622274291055203e+17	4.626887718119473e+17	1	14496		
FHC	data	1A	data6060	root://fndcadoor.fnal.gov:1095/pnfs/fnal.gov/usr/minerva/persistent/OpenData/MediumEnergy_FHC/Data/Playlist1A/MasterAnaDev_data_AnaTuple_run00006060_Playlist.root	3.695689371790885e+17	4.534186836832681e+17	1	11460		
FHC	data	1A	data6061	root://fndcadoor.fnal.gov:1095/pnfs/fnal.gov/usr/minerva/persistent/OpenData/MediumEnergy_FHC/Data/Playlist1A/MasterAnaDev_data_AnaTuple_run00006061_Playlist.root	0.0	1.3729791467561714e+17	1	0		
FHC	data	1A	data6062	root://fndcadoor.fnal.gov:1095/pnfs/fnal.gov/usr/minerva/persistent/OpenData/MediumEnergy_FHC/Data/Playlist1A/MasterAnaDev_data_AnaTuple_run00006062_Playlist.root	3.5322012553381914e+17	3.7788215819101037e+17	1	11089		
FHC	data	1A	data6063	root://fndcadoor.fnal.gov:1095/pnfs/fnal.gov/usr/minerva/persistent/OpenData/MediumEnergy_FHC/Data/Playlist1A/MasterAnaDev_data_AnaTuple_run00006063_Playlist.root	3.6616720247912403e+17	3.680946338564089e+17	1	11474		
FHC	data	1A	data6064	root://fndcadoor.fnal.gov:1095/pnfs/fnal.gov/usr/minerva/persistent/OpenData/MediumEnergy_FHC/Data/Playlist1A/MasterAnaDev_data_AnaTuple_run00006064_Playlist.root	6.204267107105255e+16	6.208112962100445e+16	1	1901		
FHC	data	1A	data6065	root://fndcadoor.fnal.gov:1095/pnfs/fnal.gov/usr/minerva/persistent/OpenData/MediumEnergy_FHC/Data/Playlist1A/MasterAnaDev_data_AnaTuple_run00006065_Playlist.root	4.7618069993162144e+17	4.76619070056002e+17	1	14716		
FHC	data	1A	data6066	root://fndcadoor.fnal.gov:1095/pnfs/fnal.gov/usr/minerva/persistent/OpenData/MediumEnergy_FHC/Data/Playlist1A/MasterAnaDev_data_AnaTuple_run00006066_Playlist.root	4.238510603787899e+17	4.318091496536459e+17	1	13197		
FHC	data	1A	data6067	root://fndcadoor.fnal.gov:1095/pnfs/fnal.gov/usr/minerva/persistent/OpenData/MediumEnergy_FHC/Data/Playlist1A/MasterAnaDev_data_AnaTuple_run00006067_Playlist.root	5.213319893522263e+17	5.244206574441538e+17	1	16053		
FHC	data	1A	data6068	root://fndcadoor.fnal.gov:1095/pnfs/fnal.gov/usr/minerva/persistent/OpenData/MediumEnergy_FHC/Data/Playlist1A/MasterAnaDev_data_AnaTuple_run00006068_Playlist.root	4.112534232945441e+17	4.203460153637908e+17	1	12649		
FHC	data	1A	data6069	root://fndcadoor.fnal.gov:1095/pnfs/fnal.gov/usr/minerva/persistent/OpenData/MediumEnergy_FHC/Data/Playlist1A/MasterAnaDev_data_AnaTuple_run00006069_Playlist.root	4.169488838157653e+17	4.248091668867971e+17	1	12824		
FHC	data	1A	data6070	root://fndcadoor.fnal.gov:1095/pnfs/fnal.gov/usr/minerva/persistent/OpenData/MediumEnergy_FHC/Data/Playlist1A/MasterAnaDev_data_AnaTuple_run00006070_Playlist.root	3.5969095377349856e+17	5.040085077246844e+17	1	11061		
FHC	data	1A	data6071	root://fndcadoor.fnal.gov:1095/pnfs/fnal.gov/usr/minerva/persistent/OpenData/MediumEnergy_FHC/Data/Playlist1A/MasterAnaDev_data_AnaTuple_run00006071_Playlist.root	4.3497666677284243e+17	4.4181940046612806e+17	1	13418		
FHC	data	1A	data6072	root://fndcadoor.fnal.gov:1095/pnfs/fnal.gov/usr/minerva/persistent/OpenData/MediumEnergy_FHC/Data/Playlist1A/MasterAnaDev_data_AnaTuple_run00006072_Playlist.root	4.223525850939751e+17	4.524614864747145e+17	1	12894		
FHC	data	1A	data6073	root://fndcadoor.fnal.gov:1095/pnfs/fnal.gov/usr/minerva/persistent/OpenData/MediumEnergy_FHC/Data/Playlist1A/MasterAnaDev_data_AnaTuple_run00006073_Playlist.root	2.1013420650386813e+17	2.533002364071035e+17	1	6515		
FHC	data	1A	data6074	root://fndcadoor.fnal.gov:1095/pnfs/fnal.gov/usr/minerva/persistent/OpenData/MediumEnergy_FHC/Data/Playlist1A/MasterAnaDev_data_AnaTuple_run00006074_Playlist.root	5.373730770630835e+17	5.380691353398778e+17	1	16698		
FHC	data	1A	data6075	root://fndcadoor.fnal.gov:1095/pnfs/fnal.gov/usr/minerva/persistent/OpenData/MediumEnergy_FHC/Data/Playlist1A/MasterAnaDev_data_AnaTuple_run00006075_Playlist.root	5.250264373512268e+17	5.3682207564099635e+17	1	16054		
FHC	data	1A	data6076	root://fndcadoor.fnal.gov:1095/pnfs/fnal.gov/usr/minerva/persistent/OpenData/MediumEnergy_FHC/Data/Playlist1A/MasterAnaDev_data_AnaTuple_run00006076_Playlist.root	5.4846701426172243e+17	5.490298421482345e+17	1	16961		
FHC	data	1A	data6077	root://fndcadoor.fnal.gov:1095/pnfs/fnal.gov/usr/minerva/persistent/OpenData/MediumEnergy_FHC/Data/Playlist1A/MasterAnaDev_data_AnaTuple_run00006077_Playlist.root	5.2365602559351917e+17	5.421956501092846e+17	1	16278		
FHC	data	1A	data6078	root://fndcadoor.fnal.gov:1095/pnfs/fnal.gov/usr/minerva/persistent/OpenData/MediumEnergy_FHC/Data/Playlist1A/MasterAnaDev_data_AnaTuple_run00006078_Playlist.root	4.365658989138604e+17	4.39198579370521e+17	1	13400		
FHC	data	1A	data6079	root://fndcadoor.fnal.gov:1095/pnfs/fnal.gov/usr/minerva/persistent/OpenData/MediumEnergy_FHC/Data/Playlist1A/MasterAnaDev_data_AnaTuple_run00006079_Playlist.root	5.394130763292315e+17	5.401290002358696e+17	1	16881		
FHC	data	1A	data6080	root://fndcadoor.fnal.gov:1095/pnfs/fnal.gov/usr/minerva/persistent/OpenData/MediumEnergy_FHC/Data/Playlist1A/MasterAnaDev_data_AnaTuple_run00006080_Playlist.root	5.093940488126278e+17	5.214153840983514e+17	1	15812		
FHC	data	1A	data6081	root://fndcadoor.fnal.gov:1095/pnfs/fnal.gov/usr/minerva/persistent/OpenData/MediumEnergy_FHC/Data/Playlist1A/MasterAnaDev_data_AnaTuple_run00006081_Playlist.root	5.03931184820652e+17	5.075033529017503e+17	1	15695		
FHC	data	1A	data6082	root://fndcadoor.fnal.gov:1095/pnfs/fnal.gov/usr/minerva/persistent/OpenData/MediumEnergy_FHC/Data/Playlist1A/MasterAnaDev_data_AnaTuple_run00006082_Playlist.root	5.317296967458724e+17	5.327282508982569e+17	1	16600		
FHC	data	1A	data6083	root://fndcadoor.fnal.gov:1095/pnfs/fnal.gov/usr/minerva/persistent/OpenData/MediumEnergy_FHC/Data/Playlist1A/MasterAnaDev_data_AnaTuple_run00006083_Playlist.root	5.5451762204599386e+17	5.629181582499146e+17	1	17072		
FHC	data	1A	data6084	root://fndcadoor.fnal.gov:1095/pnfs/fnal.gov/usr/minerva/persistent/OpenData/MediumEnergy_FHC/Data/Playlist1A/MasterAnaDev_data_AnaTuple_run00006084_Playlist.root	5.080785290336608e+17	5.084078627498954e+17	1	15567		
FHC	data	1A	data6085	root://fndcadoor.fnal.gov:1095/pnfs/fnal.gov/usr/minerva/persistent/OpenData/MediumEnergy_FHC/Data/Playlist1A/MasterAnaDev_data_AnaTuple_run00006085_Playlist.root	4.4167927087116243e+17	4.4214626092825856e+17	1	13537		
FHC	data	1A	data6086	root://fndcadoor.fnal.gov:1095/pnfs/fnal.gov/usr/minerva/persistent/OpenData/MediumEnergy_FHC/Data/Playlist1A/MasterAnaDev_data_AnaTuple_run00006086_Playlist.root	5.023888367722035e+17	5.0695070498745683e+17	1	15397		
FHC	data	1A	data6087	root://fndcadoor.fnal.gov:1095/pnfs/fnal.gov/usr/minerva/persistent/OpenData/MediumEnergy_FHC/Data/Playlist1A/MasterAnaDev_data_AnaTuple_run00006087_Playlist.root	4.879080518360139e+17	4.9433516727242477e+17	1	15135		
FHC	data	1A	data6088	root://fndcadoor.fnal.gov:1095/pnfs/fnal.gov/usr/minerva/persistent/OpenData/MediumEnergy_FHC/Data/Playlist1A/MasterAnaDev_data_AnaTuple_run00006088_Playlist.root	5.0918345049643514e+17	5.1359154244786246e+17	1	15808		
FHC	data	1A	data6089	root://fndcadoor.fnal.gov:1095/pnfs/fnal.gov/usr/minerva/persistent/OpenData/MediumEnergy_FHC/Data/Playlist1A/MasterAnaDev_data_AnaTuple_run00006089_Playlist.root	4.9932673273706426e+17	5.0022805605968006e+17	1	15574		
FHC	data	1A	data6090	root://fndcadoor.fnal.gov:1095/pnfs/fnal.gov/usr/minerva/persistent/OpenData/MediumEnergy_FHC/Data/Playlist1A/MasterAnaDev_data_AnaTuple_run00006090_Playlist.root	5.087422583649158e+17	5.259582814850976e+17	1	15989		
FHC	data	1A	data6091	root://fndcadoor.fnal.gov:1095/pnfs/fnal.gov/usr/minerva/persistent/OpenData/MediumEnergy_FHC/Data/Playlist1A/MasterAnaDev_data_AnaTuple_run00006091_Playlist.root	3311274108886718.5	5953223516464233.0	1	104		
FHC	data	1A	data6092	root://fndcadoor.fnal.gov:1095/pnfs/fnal.gov/usr/minerva/persistent/OpenData/MediumEnergy_FHC/Data/Playlist1A/MasterAnaDev_data_AnaTuple_run00006092_Playlist.root	4.311715943565368e+17	4.977395259975174e+17	1	13251		
FHC	data	1A	data6093	root://fndcadoor.fnal.gov:1095/pnfs/fnal.gov/usr/minerva/persistent/OpenData/MediumEnergy_FHC/Data/Playlist1A/MasterAnaDev_data_AnaTuple_run00006093_Playlist.root	1.9964693938732148e+16	2.39929424868552e+16	1	616		
FHC	data	1A	data6094	root://fndcadoor.fnal.gov:1095/pnfs/fnal.gov/usr/minerva/persistent/OpenData/MediumEnergy_FHC/Data/Playlist1A/MasterAnaDev_data_AnaTuple_run00006094_Playlist.root	3983551902770996.0	3983551902770996.0	1	132		
FHC	data	1A	data6095	root://fndcadoor.fnal.gov:1095/pnfs/fnal.gov/usr/minerva/persistent/OpenData/MediumEnergy_FHC/Data/Playlist1A/MasterAnaDev_data_AnaTuple_run00006095_Playlist.root	1.764591858329773e+17	2.692251035586408e+17	1	5347		
FHC	data	1A	data6112	root://fndcadoor.fnal.gov:1095/pnfs/fnal.gov/usr/minerva/persistent/OpenData/MediumEnergy_FHC/Data/Playlist1A/MasterAnaDev_data_AnaTuple_run00006112_Playlist.root	0.0	1335247388575.226	1	0		
FHC	data	1A	data6113	root://fndcadoor.fnal.gov:1095/pnfs/fnal.gov/usr/minerva/persistent/OpenData/MediumEnergy_FHC/Data/Playlist1A/MasterAnaDev_data_AnaTuple_run00006113_Playlist.root	4.740287251901627e+16	5.024241015505208e+16	1	1430		
FHC	data	1A	data6114	root://fndcadoor.fnal.gov:1095/pnfs/fnal.gov/usr/minerva/persistent/OpenData/MediumEnergy_FHC/Data/Playlist1A/MasterAnaDev_data_AnaTuple_run00006114_Playlist.root	5.1768645991802214e+17	5.1842937287781626e+17	1	16047		
FHC	data	1A	data6115	root://fndcadoor.fnal.gov:1095/pnfs/fnal.gov/usr/minerva/persistent/OpenData/MediumEnergy_FHC/Data/Playlist1A/MasterAnaDev_data_AnaTuple_run00006115_Playlist.root	3.3484529106855386e+17	3.3528805023476755e+17	1	10418		
FHC	data	1A	data6116	root://fndcadoor.fnal.gov:1095/pnfs/fnal.gov/usr/minerva/persistent/OpenData/MediumEnergy_FHC/Data/Playlist1A/MasterAnaDev_data_AnaTuple_run00006116_Playlist.root	5.235970104966163e+17	5.238937880964378e+17	1	16529		
FHC	data	1A	data6117	root://fndcadoor.fnal.gov:1095/pnfs/fnal.gov/usr/minerva/persistent/OpenData/MediumEnergy_FHC/Data/Playlist1A/MasterAnaDev_data_AnaTuple_run00006117_Playlist.root	5.089750858354569e+17	5.27044819015701e+17	1	15727		
FHC	data	1A	data6118	root://fndcadoor.fnal.gov:1095/pnfs/fnal.gov/usr/minerva/persistent/OpenData/MediumEnergy_FHC/Data/Playlist1A/MasterAnaDev_data_AnaTuple_run00006118_Playlist.root	5.4291210798215846e+17	5.431541705369864e+17	1	16745		
FHC	data	1A	data6119	root://fndcadoor.fnal.gov:1095/pnfs/fnal.gov/usr/minerva/persistent/OpenData/MediumEnergy_FHC/Data/Playlist1A/MasterAnaDev_data_AnaTuple_run00006119_Playlist.root	3.837644793176651e+16	3.845396852709423e+16	1	1223		
FHC	data	1A	data6120	root://fndcadoor.fnal.gov:1095/pnfs/fnal.gov/usr/minerva/persistent/OpenData/MediumEnergy_FHC/Data/Playlist1A/MasterAnaDev_data_AnaTuple_run00006120_Playlist.root	5.2612391621732704e+17	5.294986537529433e+17	1	16318		
FHC	data	1A	data6121	root://fndcadoor.fnal.gov:1095/pnfs/fnal.gov/usr/minerva/persistent/OpenData/MediumEnergy_FHC/Data/Playlist1A/MasterAnaDev_data_AnaTuple_run00006121_Playlist.root	2.090422064590454e+17	2.0912364610879613e+17	1	6578		
FHC	data	1A	data6128	root://fndcadoor.fnal.gov:1095/pnfs/fnal.gov/usr/minerva/persistent/OpenData/MediumEnergy_FHC/Data/Playlist1A/MasterAnaDev_data_AnaTuple_run00006128_Playlist.root	2.7357008408999446e+17	2.98257289942048e+17	1	8670		
FHC	data	1A	data6129	root://fndcadoor.fnal.gov:1095/pnfs/fnal.gov/usr/minerva/persistent/OpenData/MediumEnergy_FHC/Data/Playlist1A/MasterAnaDev_data_AnaTuple_run00006129_Playlist.root	2.315192702660561e+17	4.0238820591755334e+17	1	7314		
FHC	data	1A	data6130	root://fndcadoor.fnal.gov:1095/pnfs/fnal.gov/usr/minerva/persistent/OpenData/MediumEnergy_FHC/Data/Playlist1A/MasterAnaDev_data_AnaTuple_run00006130_Playlist.root	4.259002153539658e+16	5.124369023533849e+17	1	1335		
FHC	data	1A	data6131	root://fndcadoor.fnal.gov:1095/pnfs/fnal.gov/usr/minerva/persistent/OpenData/MediumEnergy_FHC/Data/Playlist1A/MasterAnaDev_data_AnaTuple_run00006131_Playlist.root	7.239204576992989e+16	7.463925380131136e+16	1	2301		
FHC	data	1A	data6132	root://fndcadoor.fnal.gov:1095/pnfs/fnal.gov/usr/minerva/persistent/OpenData/MediumEnergy_FHC/Data/Playlist1A/MasterAnaDev_data_AnaTuple_run00006132_Playlist.root	1712296302795410.2	6.538122477766243e+16	1	62		
FHC	data	1A	data6133	root://fndcadoor.fnal.gov:1095/pnfs/fnal.gov/usr/minerva/persistent/OpenData/MediumEnergy_FHC/Data/Playlist1A/MasterAnaDev_data_AnaTuple_run00006133_Playlist.root	1.7466504544305805e+17	1.7680554993519744e+17	1	5480		
FHC	data	1A	data6134	root://fndcadoor.fnal.gov:1095/pnfs/fnal.gov/usr/minerva/persistent/OpenData/MediumEnergy_FHC/Data/Playlist1A/MasterAnaDev_data_AnaTuple_run00006134_Playlist.root	5.485444260783197e+17	5.5043845905966054e+17	1	17077		
FHC	data	1A	data6135	root://fndcadoor.fnal.gov:1095/pnfs/fnal.gov/usr/minerva/persistent/OpenData/MediumEnergy_FHC/Data/Playlist1A/MasterAnaDev_data_AnaTuple_run00006135_Playlist.root	3.27454112618208e+17	3.345237111729344e+17	1	10211		
FHC	data	1A	data6136	root://fndcadoor.fnal.gov:1095/pnfs/fnal.gov/usr/minerva/persistent/OpenData/MediumEnergy_FHC/Data/Playlist1A/MasterAnaDev_data_AnaTuple_run00006136_Playlist.root	5.179849001684188e+17	5.189970068841688e+17	1	16021		
FHC	data	1A	data6137	root://fndcadoor.fnal.gov:1095/pnfs/fnal.gov/usr/minerva/persistent/OpenData/MediumEnergy_FHC/Data/Playlist1A/MasterAnaDev_data_AnaTuple_run00006137_Playlist.root	2.4988734401750563e+17	2.8636554575120982e+17	1	7675		
FHC	data	1A	data6138	root://fndcadoor.fnal.gov:1095/pnfs/fnal.gov/usr/minerva/persistent/OpenData/MediumEnergy_FHC/Data/Playlist1A/MasterAnaDev_data_AnaTuple_run00006138_Playlist.root	1.7345295194625852e+16	4.51088880518686e+17	1	576		
FHC	data	1A	data6139	root://fndcadoor.fnal.gov:1095/pnfs/fnal.gov/usr/minerva/persistent/OpenData/MediumEnergy_FHC/Data/Playlist1A/MasterAnaDev_data_AnaTuple_run00006139_Playlist.root	0.0	4.859990624352506e+17	1	0		
FHC	data	1A	data6140	root://fndcadoor.fnal.gov:1095/pnfs/fnal.gov/usr/minerva/persistent/OpenData/MediumEnergy_FHC/Data/Playlist1A/MasterAnaDev_data_AnaTuple_run00006140_Playlist.root	0.0	1.873540413179416e+17	1	0		
FHC	data	1A	data6141	root://fndcadoor.fnal.gov:1095/pnfs/fnal.gov/usr/minerva/persistent/OpenData/MediumEnergy_FHC/Data/Playlist1A/MasterAnaDev_data_AnaTuple_run00006141_Playlist.root	0.0	2.420706748442375e+16	1	0		
FHC	data	1A	data6142	root://fndcadoor.fnal.gov:1095/pnfs/fnal.gov/usr/minerva/persistent/OpenData/MediumEnergy_FHC/Data/Playlist1A/MasterAnaDev_data_AnaTuple_run00006142_Playlist.root	0.0	3.330534044154174e+17	1	0		
FHC	data	1A	data6143	root://fndcadoor.fnal.gov:1095/pnfs/fnal.gov/usr/minerva/persistent/OpenData/MediumEnergy_FHC/Data/Playlist1A/MasterAnaDev_data_AnaTuple_run00006143_Playlist.root	0.0	3.749367621036358e+17	1	0		
FHC	data	1A	data6144	root://fndcadoor.fnal.gov:1095/pnfs/fnal.gov/usr/minerva/persistent/OpenData/MediumEnergy_FHC/Data/Playlist1A/MasterAnaDev_data_AnaTuple_run00006144_Playlist.root	5.3007618254804614e+17	5.377111652633883e+17	1	16343		
FHC	data	1A	data6145	root://fndcadoor.fnal.gov:1095/pnfs/fnal.gov/usr/minerva/persistent/OpenData/MediumEnergy_FHC/Data/Playlist1A/MasterAnaDev_data_AnaTuple_run00006145_Playlist.root	2.8328475694084166e+17	2.8332205862387133e+17	1	8687		
FHC	data	1A	data6151	root://fndcadoor.fnal.gov:1095/pnfs/fnal.gov/usr/minerva/persistent/OpenData/MediumEnergy_FHC/Data/Playlist1A/MasterAnaDev_data_AnaTuple_run00006151_Playlist.root	4.322264378709793e+17	4.3264654706608986e+17	1	13590		
FHC	data	1A	data6152	root://fndcadoor.fnal.gov:1095/pnfs/fnal.gov/usr/minerva/persistent/OpenData/MediumEnergy_FHC/Data/Playlist1A/MasterAnaDev_data_AnaTuple_run00006152_Playlist.root	5.120297198827265e+17	5.2032469714648256e+17	1	15974		
FHC	data	1A	data6153	root://fndcadoor.fnal.gov:1095/pnfs/fnal.gov/usr/minerva/persistent/OpenData/MediumEnergy_FHC/Data/Playlist1A/MasterAnaDev_data_AnaTuple_run00006153_Playlist.root	3.5756997280359277e+17	5.73485121778218e+17	1	11094		
FHC	data	1A	data6154	root://fndcadoor.fnal.gov:1095/pnfs/fnal.gov/usr/minerva/persistent/OpenData/MediumEnergy_FHC/Data/Playlist1A/MasterAnaDev_data_AnaTuple_run00006154_Playlist.root	5.663108703970909e+17	5.6957879794313805e+17	1	17570		
FHC	data	1A	data6155	root://fndcadoor.fnal.gov:1095/pnfs/fnal.gov/usr/minerva/persistent/OpenData/MediumEnergy_FHC/Data/Playlist1A/MasterAnaDev_data_AnaTuple_run00006155_Playlist.root	5.428277381620407e+17	5.428892115132072e+17	1	17119		
FHC	data	1A	data6156	root://fndcadoor.fnal.gov:1095/pnfs/fnal.gov/usr/minerva/persistent/OpenData/MediumEnergy_FHC/Data/Playlist1A/MasterAnaDev_data_AnaTuple_run00006156_Playlist.root	5.5756734595632544e+17	5.606543047787625e+17	1	17287		
FHC	data	1A	data6157	root://fndcadoor.fnal.gov:1095/pnfs/fnal.gov/usr/minerva/persistent/OpenData/MediumEnergy_FHC/Data/Playlist1A/MasterAnaDev_data_AnaTuple_run00006157_Playlist.root	4.448672116641998e+17	5.514850983582372e+17	1	13826		
FHC	data	1A	data6158	root://fndcadoor.fnal.gov:1095/pnfs/fnal.gov/usr/minerva/persistent/OpenData/MediumEnergy_FHC/Data/Playlist1A/MasterAnaDev_data_AnaTuple_run00006158_Playlist.root	5.688231019482611e+17	5.720304671670501e+17	1	17745		
FHC	data	1A	data6159	root://fndcadoor.fnal.gov:1095/pnfs/fnal.gov/usr/minerva/persistent/OpenData/MediumEnergy_FHC/Data/Playlist1A/MasterAnaDev_data_AnaTuple_run00006159_Playlist.root	5.876091236600876e+17	5.876120952396874e+17	1	18013		
FHC	data	1A	data6160	root://fndcadoor.fnal.gov:1095/pnfs/fnal.gov/usr/minerva/persistent/OpenData/MediumEnergy_FHC/Data/Playlist1A/MasterAnaDev_data_AnaTuple_run00006160_Playlist.root	1.9176120284366608e+17	1.9178054550582125e+17	1	5999		
FHC	data	1A	data6166	root://fndcadoor.fnal.gov:1095/pnfs/fnal.gov/usr/minerva/persistent/OpenData/MediumEnergy_FHC/Data/Playlist1A/MasterAnaDev_data_AnaTuple_run00006166_Playlist.root	4.3065141820430765e+17	4.3218611134333094e+17	1	13552		
FHC	data	1A	data6167	root://fndcadoor.fnal.gov:1095/pnfs/fnal.gov/usr/minerva/persistent/OpenData/MediumEnergy_FHC/Data/Playlist1A/MasterAnaDev_data_AnaTuple_run00006167_Playlist.root	4.3487140697169306e+17	4.379868984438158e+17	1	13569		
FHC	data	1A	data6168	root://fndcadoor.fnal.gov:1095/pnfs/fnal.gov/usr/minerva/persistent/OpenData/MediumEnergy_FHC/Data/Playlist1A/MasterAnaDev_data_AnaTuple_run00006168_Playlist.root	5.046505832989216e+17	5.047014220609672e+17	1	15839		
FHC	data	1A	data6169	root://fndcadoor.fnal.gov:1095/pnfs/fnal.gov/usr/minerva/persistent/OpenData/MediumEnergy_FHC/Data/Playlist1A/MasterAnaDev_data_AnaTuple_run00006169_Playlist.root	3.454966137769222e+17	3.784602472340175e+17	1	10715		
FHC	data	1A	data6170	root://fndcadoor.fnal.gov:1095/pnfs/fnal.gov/usr/minerva/persistent/OpenData/MediumEnergy_FHC/Data/Playlist1A/MasterAnaDev_data_AnaTuple_run00006170_Playlist.root	5.3566233080959315e+17	5.356700262197494e+17	1	16515		
FHC	data	1A	data6171	root://fndcadoor.fnal.gov:1095/pnfs/fnal.gov/usr/minerva/persistent/OpenData/MediumEnergy_FHC/Data/Playlist1A/MasterAnaDev_data_AnaTuple_run00006171_Playlist.root	5.581127679476738e+17	5.6101109997039066e+17	1	17040		
FHC	data	1A	data6172	root://fndcadoor.fnal.gov:1095/pnfs/fnal.gov/usr/minerva/persistent/OpenData/MediumEnergy_FHC/Data/Playlist1A/MasterAnaDev_data_AnaTuple_run00006172_Playlist.root	4.576743504805564e+17	5.530095451324604e+17	1	14422		
FHC	data	1A	data6173	root://fndcadoor.fnal.gov:1095/pnfs/fnal.gov/usr/minerva/persistent/OpenData/MediumEnergy_FHC/Data/Playlist1A/MasterAnaDev_data_AnaTuple_run00006173_Playlist.root	5.485017074809074e+17	5.5161402929839936e+17	1	16912		
FHC	data	1A	data6174	root://fndcadoor.fnal.gov:1095/pnfs/fnal.gov/usr/minerva/persistent/OpenData/MediumEnergy_FHC/Data/Playlist1A/MasterAnaDev_data_AnaTuple_run00006174_Playlist.root	5.477907084093093e+17	5.478190748830092e+17	1	16987		
FHC	data	1A	data6175	root://fndcadoor.fnal.gov:1095/pnfs/fnal.gov/usr/minerva/persistent/OpenData/MediumEnergy_FHC/Data/Playlist1A/MasterAnaDev_data_AnaTuple_run00006175_Playlist.root	1.2315071039962768e+17	1.2315133770944365e+17	1	3816		
FHC	data	1A	data6176	root://fndcadoor.fnal.gov:1095/pnfs/fnal.gov/usr/minerva/persistent/OpenData/MediumEnergy_FHC/Data/Playlist1A/MasterAnaDev_data_AnaTuple_run00006176_Playlist.root	1.965030159854889e+16	3.2822035969420804e+16	1	543		
FHC	data	1A	data6177	root://fndcadoor.fnal.gov:1095/pnfs/fnal.gov/usr/minerva/persistent/OpenData/MediumEnergy_FHC/Data/Playlist1A/MasterAnaDev_data_AnaTuple_run00006177_Playlist.root	4.977126869111061e+17	5.262104424391262e+17	1	15551		
FHC	data	1A	data6178	root://fndcadoor.fnal.gov:1095/pnfs/fnal.gov/usr/minerva/persistent/OpenData/MediumEnergy_FHC/Data/Playlist1A/MasterAnaDev_data_AnaTuple_run00006178_Playlist.root	1.056281693601608e+17	1.0562890963034845e+17	1	3242		
FHC	data	1A	data6182	root://fndcadoor.fnal.gov:1095/pnfs/fnal.gov/usr/minerva/persistent/OpenData/MediumEnergy_FHC/Data/Playlist1A/MasterAnaDev_data_AnaTuple_run00006182_Playlist.root	4.572439329090118e+17	4.572730591160126e+17	1	14342		
FHC	data	1A	data6183	root://fndcadoor.fnal.gov:1095/pnfs/fnal.gov/usr/minerva/persistent/OpenData/MediumEnergy_FHC/Data/Playlist1A/MasterAnaDev_data_AnaTuple_run00006183_Playlist.root	4.848330685386657e+17	4.84862226423484e+17	1	15029		
FHC	data	1A	data6184	root://fndcadoor.fnal.gov:1095/pnfs/fnal.gov/usr/minerva/persistent/OpenData/MediumEnergy_FHC/Data/Playlist1A/MasterAnaDev_data_AnaTuple_run00006184_Playlist.root	5.225397193841933e+17	5.260940954936739e+17	1	16312		
FHC	data	1A	data6185	root://fndcadoor.fnal.gov:1095/pnfs/fnal.gov/usr/minerva/persistent/OpenData/MediumEnergy_FHC/Data/Playlist1A/MasterAnaDev_data_AnaTuple_run00006185_Playlist.root	2.037584378299713e+17	5.812433745339548e+17	1	6218		
FHC	data	1A	data6186	root://fndcadoor.fnal.gov:1095/pnfs/fnal.gov/usr/minerva/persistent/OpenData/MediumEnergy_FHC/Data/Playlist1A/MasterAnaDev_data_AnaTuple_run00006186_Playlist.root	4.897547878506184e+17	4.898106369153847e+17	1	15353		
FHC	data	1A	data6187	root://fndcadoor.fnal.gov:1095/pnfs/fnal.gov/usr/minerva/persistent/OpenData/MediumEnergy_FHC/Data/Playlist1A/MasterAnaDev_data_AnaTuple_run00006187_Playlist.root	4.8657100843906406e+17	4.895907567958664e+17	1	15420		
FHC	data	1A	data6188	root://fndcadoor.fnal.gov:1095/pnfs/fnal.gov/usr/minerva/persistent/OpenData/MediumEnergy_FHC/Data/Playlist1A/MasterAnaDev_data_AnaTuple_run00006188_Playlist.root	2.0804474667930605e+17	2.0999514516891978e+17	1	6565		
FHC	data	1A	data6189	root://fndcadoor.fnal.gov:1095/pnfs/fnal.gov/usr/minerva/persistent/OpenData/MediumEnergy_FHC/Data/Playlist1A/MasterAnaDev_data_AnaTuple_run00006189_Playlist.root	1.2317745189666748e+16	2.695797601742577e+16	1	402		
FHC	data	1A	data6190	root://fndcadoor.fnal.gov:1095/pnfs/fnal.gov/usr/minerva/persistent/OpenData/MediumEnergy_FHC/Data/Playlist1A/MasterAnaDev_data_AnaTuple_run00006190_Playlist.root	5.3369371150493606e+17	5.448836444389493e+17	1	16452		
FHC	data	1A	data6191	root://fndcadoor.fnal.gov:1095/pnfs/fnal.gov/usr/minerva/persistent/OpenData/MediumEnergy_FHC/Data/Playlist1A/MasterAnaDev_data_AnaTuple_run00006191_Playlist.root	4.474649799427986e+17	4.9234832426302406e+17	1	13881		
FHC	data	1A	data6192	root://fndcadoor.fnal.gov:1095/pnfs/fnal.gov/usr/minerva/persistent/OpenData/MediumEnergy_FHC/Data/Playlist1A/MasterAnaDev_data_AnaTuple_run00006192_Playlist.root	5.816797786245348e+17	5.817314492680393e+17	1	18051		
FHC	data	1A	data6193	root://fndcadoor.fnal.gov:1095/pnfs/fnal.gov/usr/minerva/persistent/OpenData/MediumEnergy_FHC/Data/Playlist1A/MasterAnaDev_data_AnaTuple_run00006193_Playlist.root	2.242903700380325e+17	2.2771439407436973e+17	1	6724		
FHC	data	1A	data6194	root://fndcadoor.fnal.gov:1095/pnfs/fnal.gov/usr/minerva/persistent/OpenData/MediumEnergy_FHC/Data/Playlist1A/MasterAnaDev_data_AnaTuple_run00006194_Playlist.root	0.0	3.052596832154342e+16	1	0		
FHC	data	1A	data6195	root://fndcadoor.fnal.gov:1095/pnfs/fnal.gov/usr/minerva/persistent/OpenData/MediumEnergy_FHC/Data/Playlist1A/MasterAnaDev_data_AnaTuple_run00006195_Playlist.root	1479123994827270.5	7811598670084728.0	1	59		
FHC	data	1A	data6196	root://fndcadoor.fnal.gov:1095/pnfs/fnal.gov/usr/minerva/persistent/OpenData/MediumEnergy_FHC/Data/Playlist1A/MasterAnaDev_data_AnaTuple_run00006196_Playlist.root	4.339433148608208e+17	4.379544271025741e+17	1	13338		
FHC	data	1A	data6197	root://fndcadoor.fnal.gov:1095/pnfs/fnal.gov/usr/minerva/persistent/OpenData/MediumEnergy_FHC/Data/Playlist1A/MasterAnaDev_data_AnaTuple_run00006197_Playlist.root	3.8192286165666586e+17	3.825544913549326e+17	1	11825		
FHC	data	1A	data6198	root://fndcadoor.fnal.gov:1095/pnfs/fnal.gov/usr/minerva/persistent/OpenData/MediumEnergy_FHC/Data/Playlist1A/MasterAnaDev_data_AnaTuple_run00006198_Playlist.root	4.655796361637115e+16	1.110260792571702e+17	1	1443		
FHC	data	1A	data6199	root://fndcadoor.fnal.gov:1095/pnfs/fnal.gov/usr/minerva/persistent/OpenData/MediumEnergy_FHC/Data/Playlist1A/MasterAnaDev_data_AnaTuple_run00006199_Playlist.root	5.071440642318725e+17	5.0717614098653446e+17	1	15900		
FHC	data	1A	data6200	root://fndcadoor.fnal.gov:1095/pnfs/fnal.gov/usr/minerva/persistent/OpenData/MediumEnergy_FHC/Data/Playlist1A/MasterAnaDev_data_AnaTuple_run00006200_Playlist.root	2.907254238381386e+17	3.087274650591426e+17	1	9007		
FHC	data	1A	data6201	root://fndcadoor.fnal.gov:1095/pnfs/fnal.gov/usr/minerva/persistent/OpenData/MediumEnergy_FHC/Data/Playlist1A/MasterAnaDev_data_AnaTuple_run00006201_Playlist.root	6237887893676758.0	1.6629400162317325e+17	1	196		
FHC	data	1A	data6202	root://fndcadoor.fnal.gov:1095/pnfs/fnal.gov/usr/minerva/persistent/OpenData/MediumEnergy_FHC/Data/Playlist1A/MasterAnaDev_data_AnaTuple_run00006202_Playlist.root	2.1705200301885603e+17	2.198224250996406e+17	1	6775		
FHC	data	1A	data6203	root://fndcadoor.fnal.gov:1095/pnfs/fnal.gov/usr/minerva/persistent/OpenData/MediumEnergy_FHC/Data/Playlist1A/MasterAnaDev_data_AnaTuple_run00006203_Playlist.root	5510325403213501.0	6993551710128784.0	1	184		
FHC	data	1A	data6204	root://fndcadoor.fnal.gov:1095/pnfs/fnal.gov/usr/minerva/persistent/OpenData/MediumEnergy_FHC/Data/Playlist1A/MasterAnaDev_data_AnaTuple_run00006204_Playlist.root	2.1419086893081664e+16	3.1834406995773316e+16	1	683		
FHC	data	1A	data6205	root://fndcadoor.fnal.gov:1095/pnfs/fnal.gov/usr/minerva/persistent/OpenData/MediumEnergy_FHC/Data/Playlist1A/MasterAnaDev_data_AnaTuple_run00006205_Playlist.root	1.8759662421274182e+17	1.878626433131627e+17	1	5721		
FHC	data	1A	data6206	root://fndcadoor.fnal.gov:1095/pnfs/fnal.gov/usr/minerva/persistent/OpenData/MediumEnergy_FHC/Data/Playlist1A/MasterAnaDev_data_AnaTuple_run00006206_Playlist.root	4.509035609054565e+16	8.780693719395598e+16	1	1390		
FHC	data	1A	data6207	root://fndcadoor.fnal.gov:1095/pnfs/fnal.gov/usr/minerva/persistent/OpenData/MediumEnergy_FHC/Data/Playlist1A/MasterAnaDev_data_AnaTuple_run00006207_Playlist.root	5.048985107631683e+17	5.256003455739792e+17	1	15788		
FHC	data	1A	data6208	root://fndcadoor.fnal.gov:1095/pnfs/fnal.gov/usr/minerva/persistent/OpenData/MediumEnergy_FHC/Data/Playlist1A/MasterAnaDev_data_AnaTuple_run00006208_Playlist.root	0.0	1.5135408597490566e+17	1	0		
FHC	data	1A	data6209	root://fndcadoor.fnal.gov:1095/pnfs/fnal.gov/usr/minerva/persistent/OpenData/MediumEnergy_FHC/Data/Playlist1A/MasterAnaDev_data_AnaTuple_run00006209_Playlist.root	1.9015847246170044e+16	2.358632163447305e+16	1	561		
FHC	data	1A	data6210	root://fndcadoor.fnal.gov:1095/pnfs/fnal.gov/usr/minerva/persistent/OpenData/MediumEnergy_FHC/Data/Playlist1A/MasterAnaDev_data_AnaTuple_run00006210_Playlist.root	2676514202117920.0	1.97755333975791e+16	1	81		
FHC	data	1A	data6211	root://fndcadoor.fnal.gov:1095/pnfs/fnal.gov/usr/minerva/persistent/OpenData/MediumEnergy_FHC/Data/Playlist1A/MasterAnaDev_data_AnaTuple_run00006211_Playlist.root	5.633666659736633e+16	5.682055013174796e+16	1	1777		
FHC	data	1A	data6212	root://fndcadoor.fnal.gov:1095/pnfs/fnal.gov/usr/minerva/persistent/OpenData/MediumEnergy_FHC/Data/Playlist1A/MasterAnaDev_data_AnaTuple_run00006212_Playlist.root	0.0	2.2919521401882172e+16	1	0		
FHC	data	1A	data6213	root://fndcadoor.fnal.gov:1095/pnfs/fnal.gov/usr/minerva/persistent/OpenData/MediumEnergy_FHC/Data/Playlist1A/MasterAnaDev_data_AnaTuple_run00006213_Playlist.root	1.3131905426740646e+17	1.3248390176281309e+17	1	4071		
FHC	data	1A	data6218	root://fndcadoor.fnal.gov:1095/pnfs/fnal.gov/usr/minerva/persistent/OpenData/MediumEnergy_FHC/Data/Playlist1A/MasterAnaDev_data_AnaTuple_run00006218_Playlist.root	5.2910070478439336e+16	5.293427254858008e+16	1	1653		
FHC	data	1A	data6220	root://fndcadoor.fnal.gov:1095/pnfs/fnal.gov/usr/minerva/persistent/OpenData/MediumEnergy_FHC/Data/Playlist1A/MasterAnaDev_data_AnaTuple_run00006220_Playlist.root	4.981753318104744e+17	4.9821438318993517e+17	1	15576		
FHC	data	1A	data6221	root://fndcadoor.fnal.gov:1095/pnfs/fnal.gov/usr/minerva/persistent/OpenData/MediumEnergy_FHC/Data/Playlist1A/MasterAnaDev_data_AnaTuple_run00006221_Playlist.root	5.2837288574934016e+17	5.313596355167658e+17	1	16412		
FHC	data	1A	data6222	root://fndcadoor.fnal.gov:1095/pnfs/fnal.gov/usr/minerva/persistent/OpenData/MediumEnergy_FHC/Data/Playlist1A/MasterAnaDev_data_AnaTuple_run00006222_Playlist.root	5.13966637708664e+17	5.139795239933182e+17	1	16126		
FHC	data	1A	data6223	root://fndcadoor.fnal.gov:1095/pnfs/fnal.gov/usr/minerva/persistent/OpenData/MediumEnergy_FHC/Data/Playlist1A/MasterAnaDev_data_AnaTuple_run00006223_Playlist.root	21624899864196.777	22445649595698.34	1	1		
FHC	data	1A	data6224	root://fndcadoor.fnal.gov:1095/pnfs/fnal.gov/usr/minerva/persistent/OpenData/MediumEnergy_FHC/Data/Playlist1A/MasterAnaDev_data_AnaTuple_run00006224_Playlist.root	0.0	229622005950.65952	1	0		
FHC	data	1A	data6225	root://fndcadoor.fnal.gov:1095/pnfs/fnal.gov/usr/minerva/persistent/OpenData/MediumEnergy_FHC/Data/Playlist1A/MasterAnaDev_data_AnaTuple_run00006225_Playlist.root	5.189243932061196e+17	5.189327524085162e+17	1	16101		
FHC	data	1A	data6226	root://fndcadoor.fnal.gov:1095/pnfs/fnal.gov/usr/minerva/persistent/OpenData/MediumEnergy_FHC/Data/Playlist1A/MasterAnaDev_data_AnaTuple_run00006226_Playlist.root	2.438746197609902e+17	2.439623698550028e+17	1	7569		
FHC	data	1A	data6227	root://fndcadoor.fnal.gov:1095/pnfs/fnal.gov/usr/minerva/persistent/OpenData/MediumEnergy_FHC/Data/Playlist1A/MasterAnaDev_data_AnaTuple_run00006227_Playlist.root	3.288590712895393e+17	3.289018692519255e+17	1	10353		
FHC	data	1A	data6228	root://fndcadoor.fnal.gov:1095/pnfs/fnal.gov/usr/minerva/persistent/OpenData/MediumEnergy_FHC/Data/Playlist1A/MasterAnaDev_data_AnaTuple_run00006228_Playlist.root	1.6739339304924012e+16	1.6739465134629282e+16	1	589		
FHC	data	1A	data6229	root://fndcadoor.fnal.gov:1095/pnfs/fnal.gov/usr/minerva/persistent/OpenData/MediumEnergy_FHC/Data/Playlist1A/MasterAnaDev_data_AnaTuple_run00006229_Playlist.root	0.0	9282286415094044.0	1	0		
FHC	data	1A	data6230	root://fndcadoor.fnal.gov:1095/pnfs/fnal.gov/usr/minerva/persistent/OpenData/MediumEnergy_FHC/Data/Playlist1A/MasterAnaDev_data_AnaTuple_run00006230_Playlist.root	0.0	5.030001025270368e+16	1	0		
FHC	data	1A	data6231	root://fndcadoor.fnal.gov:1095/pnfs/fnal.gov/usr/minerva/persistent/OpenData/MediumEnergy_FHC/Data/Playlist1A/MasterAnaDev_data_AnaTuple_run00006231_Playlist.root	0.0	4831958871481940.0	1	0		
FHC	data	1A	data6232	root://fndcadoor.fnal.gov:1095/pnfs/fnal.gov/usr/minerva/persistent/OpenData/MediumEnergy_FHC/Data/Playlist1A/MasterAnaDev_data_AnaTuple_run00006232_Playlist.root	1.8728559282302856e+16	5.598682208986417e+16	1	602		
FHC	data	1A	data6233	root://fndcadoor.fnal.gov:1095/pnfs/fnal.gov/usr/minerva/persistent/OpenData/MediumEnergy_FHC/Data/Playlist1A/MasterAnaDev_data_AnaTuple_run00006233_Playlist.root	2.274507241344452e+16	3.1318607646468096e+16	1	711		
FHC	data	1A	data6234	root://fndcadoor.fnal.gov:1095/pnfs/fnal.gov/usr/minerva/persistent/OpenData/MediumEnergy_FHC/Data/Playlist1A/MasterAnaDev_data_AnaTuple_run00006234_Playlist.root	2.288714318180084e+16	1.3414004957135997e+17	1	732		
FHC	data	1A	data6235	root://fndcadoor.fnal.gov:1095/pnfs/fnal.gov/usr/minerva/persistent/OpenData/MediumEnergy_FHC/Data/Playlist1A/MasterAnaDev_data_AnaTuple_run00006235_Playlist.root	5.190025652313231e+17	5.190113875189947e+17	1	16226		
FHC	data	1A	data6236	root://fndcadoor.fnal.gov:1095/pnfs/fnal.gov/usr/minerva/persistent/OpenData/MediumEnergy_FHC/Data/Playlist1A/MasterAnaDev_data_AnaTuple_run00006236_Playlist.root	5.2915811396121984e+17	5.32122931265906e+17	1	16454		
FHC	data	1A	data6237	root://fndcadoor.fnal.gov:1095/pnfs/fnal.gov/usr/minerva/persistent/OpenData/MediumEnergy_FHC/Data/Playlist1A/MasterAnaDev_data_AnaTuple_run00006237_Playlist.root	4.980649379348756e+17	5.061134074168399e+17	1	15347		
FHC	data	1A	data6238	root://fndcadoor.fnal.gov:1095/pnfs/fnal.gov/usr/minerva/persistent/OpenData/MediumEnergy_FHC/Data/Playlist1A/MasterAnaDev_data_AnaTuple_run00006238_Playlist.root	1.1115996971797946e+17	1.1116018887609712e+17	1	3498		
FHC	data	1A	data6239	root://fndcadoor.fnal.gov:1095/pnfs/fnal.gov/usr/minerva/persistent/OpenData/MediumEnergy_FHC/Data/Playlist1A/MasterAnaDev_data_AnaTuple_run00006239_Playlist.root	1841143003463745.0	1.5390988293359288e+16	1	49		
FHC	data	1A	data6240	root://fndcadoor.fnal.gov:1095/pnfs/fnal.gov/usr/minerva/persistent/OpenData/MediumEnergy_FHC/Data/Playlist1A/MasterAnaDev_data_AnaTuple_run00006240_Playlist.root	5.053416819543838e+17	5.0670077898380614e+17	1	15859		
FHC	data	1A	data6241	root://fndcadoor.fnal.gov:1095/pnfs/fnal.gov/usr/minerva/persistent/OpenData/MediumEnergy_FHC/Data/Playlist1A/MasterAnaDev_data_AnaTuple_run00006241_Playlist.root	2.1643312011575702e+17	2.1643355612993104e+17	1	6754		
FHC	data	1A	data6243	root://fndcadoor.fnal.gov:1095/pnfs/fnal.gov/usr/minerva/persistent/OpenData/MediumEnergy_FHC/Data/Playlist1A/MasterAnaDev_data_AnaTuple_run00006243_Playlist.root	7.677411306858062e+16	1.0323324165773693e+17	1	2512		
FHC	data	1A	data6244	root://fndcadoor.fnal.gov:1095/pnfs/fnal.gov/usr/minerva/persistent/OpenData/MediumEnergy_FHC/Data/Playlist1A/MasterAnaDev_data_AnaTuple_run00006244_Playlist.root	835243705749511.8	2.482306728047272e+16	1	32		
FHC	data	1A	data6245	root://fndcadoor.fnal.gov:1095/pnfs/fnal.gov/usr/minerva/persistent/OpenData/MediumEnergy_FHC/Data/Playlist1A/MasterAnaDev_data_AnaTuple_run00006245_Playlist.root	5041731098175049.0	8831667828279780.0	1	165		
FHC	data	1A	data6246	root://fndcadoor.fnal.gov:1095/pnfs/fnal.gov/usr/minerva/persistent/OpenData/MediumEnergy_FHC/Data/Playlist1A/MasterAnaDev_data_AnaTuple_run00006246_Playlist.root	5521167083740234.0	2.2351119024818296e+16	1	184		
FHC	data	1A	data6247	root://fndcadoor.fnal.gov:1095/pnfs/fnal.gov/usr/minerva/persistent/OpenData/MediumEnergy_FHC/Data/Playlist1A/MasterAnaDev_data_AnaTuple_run00006247_Playlist.root	1.5920538954257966e+16	6.529653501156414e+16	1	511		
FHC	data	1A	data6248	root://fndcadoor.fnal.gov:1095/pnfs/fnal.gov/usr/minerva/persistent/OpenData/MediumEnergy_FHC/Data/Playlist1A/MasterAnaDev_data_AnaTuple_run00006248_Playlist.root	4.57089104962349e+17	4.5710194646503046e+17	1	14276		
FHC	data	1A	data6249	root://fndcadoor.fnal.gov:1095/pnfs/fnal.gov/usr/minerva/persistent/OpenData/MediumEnergy_FHC/Data/Playlist1A/MasterAnaDev_data_AnaTuple_run00006249_Playlist.root	4.771173526797296e+17	4.844736010443873e+17	1	14892		
FHC	data	1A	data6250	root://fndcadoor.fnal.gov:1095/pnfs/fnal.gov/usr/minerva/persistent/OpenData/MediumEnergy_FHC/Data/Playlist1A/MasterAnaDev_data_AnaTuple_run00006250_Playlist.root	566519701004028.4	566519701004028.4	1	15		
FHC	data	1A	data6251	root://fndcadoor.fnal.gov:1095/pnfs/fnal.gov/usr/minerva/persistent/OpenData/MediumEnergy_FHC/Data/Playlist1A/MasterAnaDev_data_AnaTuple_run00006251_Playlist.root	5.081290411601067e+17	5.0816665667512986e+17	1	15860		
FHC	data	1A	data6252	root://fndcadoor.fnal.gov:1095/pnfs/fnal.gov/usr/minerva/persistent/OpenData/MediumEnergy_FHC/Data/Playlist1A/MasterAnaDev_data_AnaTuple_run00006252_Playlist.root	4.4940447370100026e+17	4.5235125246659994e+17	1	14046		
FHC	data	1A	data6253	root://fndcadoor.fnal.gov:1095/pnfs/fnal.gov/usr/minerva/persistent/OpenData/MediumEnergy_FHC/Data/Playlist1A/MasterAnaDev_data_AnaTuple_run00006253_Playlist.root	1.7989278726100918e+17	1.798939873419674e+17	1	5528		
FHC	data	1A	data6254	root://fndcadoor.fnal.gov:1095/pnfs/fnal.gov/usr/minerva/persistent/OpenData/MediumEnergy_FHC/Data/Playlist1A/MasterAnaDev_data_AnaTuple_run00006254_Playlist.root	4.8583560484886163e+17	4.8852156056575814e+17	1	15222		
FHC	data	1A	data6255	root://fndcadoor.fnal.gov:1095/pnfs/fnal.gov/usr/minerva/persistent/OpenData/MediumEnergy_FHC/Data/Playlist1A/MasterAnaDev_data_AnaTuple_run00006255_Playlist.root	4.446109810247422e+17	4.481673568159452e+17	1	13871		
FHC	data	1A	data6256	root://fndcadoor.fnal.gov:1095/pnfs/fnal.gov/usr/minerva/persistent/OpenData/MediumEnergy_FHC/Data/Playlist1A/MasterAnaDev_data_AnaTuple_run00006256_Playlist.root	3.8599863913965216e+17	3.8605028005368506e+17	1	12108		
FHC	data	1A	data8000	root://fndcadoor.fnal.gov:1095/pnfs/fnal.gov/usr/minerva/persistent/OpenData/MediumEnergy_FHC/Data/Playlist1A/MasterAnaDev_data_AnaTuple_run00008000_Playlist.root	4.4621547952413555e+17	4.462804929753032e+17	1	13971		
FHC	data	1A	data8001	root://fndcadoor.fnal.gov:1095/pnfs/fnal.gov/usr/minerva/persistent/OpenData/MediumEnergy_FHC/Data/Playlist1A/MasterAnaDev_data_AnaTuple_run00008001_Playlist.root	4.8344082312726976e+17	4.857260654212937e+17	1	15494		
FHC	data	1A	data8002	root://fndcadoor.fnal.gov:1095/pnfs/fnal.gov/usr/minerva/persistent/OpenData/MediumEnergy_FHC/Data/Playlist1A/MasterAnaDev_data_AnaTuple_run00008002_Playlist.root	4.7267169424200064e+17	4.7268419388740966e+17	1	14738		
FHC	data	1A	data8003	root://fndcadoor.fnal.gov:1095/pnfs/fnal.gov/usr/minerva/persistent/OpenData/MediumEnergy_FHC/Data/Playlist1A/MasterAnaDev_data_AnaTuple_run00008003_Playlist.root	4.70646141749382e+17	4.731834374904485e+17	1	14849		
FHC	data	1A	data8004	root://fndcadoor.fnal.gov:1095/pnfs/fnal.gov/usr/minerva/persistent/OpenData/MediumEnergy_FHC/Data/Playlist1A/MasterAnaDev_data_AnaTuple_run00008004_Playlist.root	4.6225745772743226e+17	4.622706471298388e+17	1	14728		
FHC	data	1A	data8005	root://fndcadoor.fnal.gov:1095/pnfs/fnal.gov/usr/minerva/persistent/OpenData/MediumEnergy_FHC/Data/Playlist1A/MasterAnaDev_data_AnaTuple_run00008005_Playlist.root	4.819866613068581e+17	4.844558988478271e+17	1	14893		
FHC	data	1A	data8006	root://fndcadoor.fnal.gov:1095/pnfs/fnal.gov/usr/minerva/persistent/OpenData/MediumEnergy_FHC/Data/Playlist1A/MasterAnaDev_data_AnaTuple_run00008006_Playlist.root	4.4640297571992877e+17	4.465220340825433e+17	1	14027		
FHC	data	1A	data8007	root://fndcadoor.fnal.gov:1095/pnfs/fnal.gov/usr/minerva/persistent/OpenData/MediumEnergy_FHC/Data/Playlist1A/MasterAnaDev_data_AnaTuple_run00008007_Playlist.root	4.132800669384003e+17	4.1332566778653e+17	1	13069		
FHC	data	1A	data8011	root://fndcadoor.fnal.gov:1095/pnfs/fnal.gov/usr/minerva/persistent/OpenData/MediumEnergy_FHC/Data/Playlist1A/MasterAnaDev_data_AnaTuple_run00008011_Playlist.root	7.831054923286437e+17	7.838160414812696e+17	1	24477		
FHC	data	1A	data8012	root://fndcadoor.fnal.gov:1095/pnfs/fnal.gov/usr/minerva/persistent/OpenData/MediumEnergy_FHC/Data/Playlist1A/MasterAnaDev_data_AnaTuple_run00008012_Playlist.root	1.2632593352985382e+17	1.2917115206386197e+17	1	3992		
FHC	data	1A	data8013	root://fndcadoor.fnal.gov:1095/pnfs/fnal.gov/usr/minerva/persistent/OpenData/MediumEnergy_FHC/Data/Playlist1A/MasterAnaDev_data_AnaTuple_run00008013_Playlist.root	5.3046375228881824e+17	5.304668545425801e+17	1	16668		
FHC	data	1A	data8014	root://fndcadoor.fnal.gov:1095/pnfs/fnal.gov/usr/minerva/persistent/OpenData/MediumEnergy_FHC/Data/Playlist1A/MasterAnaDev_data_AnaTuple_run00008014_Playlist.root	7.308682328996657e+17	7.339432809687763e+17	1	23081		
FHC	data	1A	data8015	root://fndcadoor.fnal.gov:1095/pnfs/fnal.gov/usr/minerva/persistent/OpenData/MediumEnergy_FHC/Data/Playlist1A/MasterAnaDev_data_AnaTuple_run00008015_Playlist.root	3.9889043870735155e+17	3.988906406181643e+17	1	12299		
FHC	data	1A	data8029	root://fndcadoor.fnal.gov:1095/pnfs/fnal.gov/usr/minerva/persistent/OpenData/MediumEnergy_FHC/Data/Playlist1A/MasterAnaDev_data_AnaTuple_run00008029_Playlist.root	2.5451548774862285e+17	2.575022023159065e+17	1	8286		
FHC	data	1A	data8030	root://fndcadoor.fnal.gov:1095/pnfs/fnal.gov/usr/minerva/persistent/OpenData/MediumEnergy_FHC/Data/Playlist1A/MasterAnaDev_data_AnaTuple_run00008030_Playlist.root	1.2153765564012528e+17	1.2153755083748512e+17	1	3773		
FHC	data	1A	data8031	root://fndcadoor.fnal.gov:1095/pnfs/fnal.gov/usr/minerva/persistent/OpenData/MediumEnergy_FHC/Data/Playlist1A/MasterAnaDev_data_AnaTuple_run00008031_Playlist.root	5.2732985310077664e+17	5.2735271350730374e+17	1	16379		
FHC	data	1A	data8032	root://fndcadoor.fnal.gov:1095/pnfs/fnal.gov/usr/minerva/persistent/OpenData/MediumEnergy_FHC/Data/Playlist1A/MasterAnaDev_data_AnaTuple_run00008032_Playlist.root	3.539713048429489e+17	3.540040950584729e+17	1	10927		
FHC	data	1A	data8033	root://fndcadoor.fnal.gov:1095/pnfs/fnal.gov/usr/minerva/persistent/OpenData/MediumEnergy_FHC/Data/Playlist1A/MasterAnaDev_data_AnaTuple_run00008033_Playlist.root	3.9550225300788883e+17	3.955100536424609e+17	1	12431		
FHC	data	1A	data8034	root://fndcadoor.fnal.gov:1095/pnfs/fnal.gov/usr/minerva/persistent/OpenData/MediumEnergy_FHC/Data/Playlist1A/MasterAnaDev_data_AnaTuple_run00008034_Playlist.root	9.58942589302063e+16	9.900016176802549e+16	1	3057		
FHC	data	1B	data10068	root://fndcadoor.fnal.gov:1095/pnfs/fnal.gov/usr/minerva/persistent/OpenData/MediumEnergy_FHC/Data/Playlist1B/MasterAnaDev_data_AnaTuple_run00010068_Playlist.root	5.760389450111389e+17	5.791616662328396e+17	1	17930		
FHC	data	1B	data10069	root://fndcadoor.fnal.gov:1095/pnfs/fnal.gov/usr/minerva/persistent/OpenData/MediumEnergy_FHC/Data/Playlist1B/MasterAnaDev_data_AnaTuple_run00010069_Playlist.root	5.5371001806068416e+17	5.5374736721034336e+17	1	17266		
FHC	data	1B	data10070	root://fndcadoor.fnal.gov:1095/pnfs/fnal.gov/usr/minerva/persistent/OpenData/MediumEnergy_FHC/Data/Playlist1B/MasterAnaDev_data_AnaTuple_run00010070_Playlist.root	1228800399780273.5	1230278505927650.2	1	35		
FHC	data	1B	data10071	root://fndcadoor.fnal.gov:1095/pnfs/fnal.gov/usr/minerva/persistent/OpenData/MediumEnergy_FHC/Data/Playlist1B/MasterAnaDev_data_AnaTuple_run00010071_Playlist.root	5.747078846740723e+17	5.771936132153495e+17	1	18033		
FHC	data	1B	data10072	root://fndcadoor.fnal.gov:1095/pnfs/fnal.gov/usr/minerva/persistent/OpenData/MediumEnergy_FHC/Data/Playlist1B/MasterAnaDev_data_AnaTuple_run00010072_Playlist.root	5.487900006513594e+17	5.5153211780948006e+17	1	17363		
FHC	data	1B	data10073	root://fndcadoor.fnal.gov:1095/pnfs/fnal.gov/usr/minerva/persistent/OpenData/MediumEnergy_FHC/Data/Playlist1B/MasterAnaDev_data_AnaTuple_run00010073_Playlist.root	5.724122236604691e+17	5.7243798495178266e+17	1	17996		
FHC	data	1B	data10074	root://fndcadoor.fnal.gov:1095/pnfs/fnal.gov/usr/minerva/persistent/OpenData/MediumEnergy_FHC/Data/Playlist1B/MasterAnaDev_data_AnaTuple_run00010074_Playlist.root	1.3805460117816925e+17	1.3807080163773298e+17	1	4252		
FHC	data	1B	data10075	root://fndcadoor.fnal.gov:1095/pnfs/fnal.gov/usr/minerva/persistent/OpenData/MediumEnergy_FHC/Data/Playlist1B/MasterAnaDev_data_AnaTuple_run00010075_Playlist.root	1.647579389438629e+17	1.7113158388546358e+17	1	5464		
FHC	data	1B	data10076	root://fndcadoor.fnal.gov:1095/pnfs/fnal.gov/usr/minerva/persistent/OpenData/MediumEnergy_FHC/Data/Playlist1B/MasterAnaDev_data_AnaTuple_run00010076_Playlist.root	2.4019497135639194e+17	2.4021698705691754e+17	1	7726		
FHC	data	1B	data10077	root://fndcadoor.fnal.gov:1095/pnfs/fnal.gov/usr/minerva/persistent/OpenData/MediumEnergy_FHC/Data/Playlist1B/MasterAnaDev_data_AnaTuple_run00010077_Playlist.root	1.1306171674537658e+17	1.1441093705398416e+17	1	3661		
FHC	data	1B	data10079	root://fndcadoor.fnal.gov:1095/pnfs/fnal.gov/usr/minerva/persistent/OpenData/MediumEnergy_FHC/Data/Playlist1B/MasterAnaDev_data_AnaTuple_run00010079_Playlist.root	2.1135592315340035e+17	2.113783576837735e+17	1	6644		
FHC	data	1B	data10080	root://fndcadoor.fnal.gov:1095/pnfs/fnal.gov/usr/minerva/persistent/OpenData/MediumEnergy_FHC/Data/Playlist1B/MasterAnaDev_data_AnaTuple_run00010080_Playlist.root	5.2693219580650323e+17	5.297016871712826e+17	1	16614		
FHC	data	1B	data10081	root://fndcadoor.fnal.gov:1095/pnfs/fnal.gov/usr/minerva/persistent/OpenData/MediumEnergy_FHC/Data/Playlist1B/MasterAnaDev_data_AnaTuple_run00010081_Playlist.root	5.637384042015076e+17	5.6377830559770074e+17	1	17513		
FHC	data	1B	data10082	root://fndcadoor.fnal.gov:1095/pnfs/fnal.gov/usr/minerva/persistent/OpenData/MediumEnergy_FHC/Data/Playlist1B/MasterAnaDev_data_AnaTuple_run00010082_Playlist.root	3.563778524236679e+17	3.5939000374164064e+17	1	11204		
FHC	data	1B	data10083	root://fndcadoor.fnal.gov:1095/pnfs/fnal.gov/usr/minerva/persistent/OpenData/MediumEnergy_FHC/Data/Playlist1B/MasterAnaDev_data_AnaTuple_run00010083_Playlist.root	5.707831016359328e+17	5.708062229262685e+17	1	17605		
FHC	data	1B	data10084	root://fndcadoor.fnal.gov:1095/pnfs/fnal.gov/usr/minerva/persistent/OpenData/MediumEnergy_FHC/Data/Playlist1B/MasterAnaDev_data_AnaTuple_run00010084_Playlist.root	1.601949536085129e+17	1.6037140885339197e+17	1	4983		
FHC	data	1B	data10085	root://fndcadoor.fnal.gov:1095/pnfs/fnal.gov/usr/minerva/persistent/OpenData/MediumEnergy_FHC/Data/Playlist1B/MasterAnaDev_data_AnaTuple_run00010085_Playlist.root	5.3842294539451603e+17	5.3845945913616346e+17	1	16758		
FHC	data	1B	data10086	root://fndcadoor.fnal.gov:1095/pnfs/fnal.gov/usr/minerva/persistent/OpenData/MediumEnergy_FHC/Data/Playlist1B/MasterAnaDev_data_AnaTuple_run00010086_Playlist.root	1.1906650031757352e+17	1.1908762075321712e+17	1	3721		
FHC	data	1B	data10088	root://fndcadoor.fnal.gov:1095/pnfs/fnal.gov/usr/minerva/persistent/OpenData/MediumEnergy_FHC/Data/Playlist1B/MasterAnaDev_data_AnaTuple_run00010088_Playlist.root	2.192385542297363e+16	2.192385542297363e+16	1	702		
FHC	data	1B	data10089	root://fndcadoor.fnal.gov:1095/pnfs/fnal.gov/usr/minerva/persistent/OpenData/MediumEnergy_FHC/Data/Playlist1B/MasterAnaDev_data_AnaTuple_run00010089_Playlist.root	4.568974618244171e+16	4.5689802484738984e+16	1	1471		
FHC	data	1B	data10091	root://fndcadoor.fnal.gov:1095/pnfs/fnal.gov/usr/minerva/persistent/OpenData/MediumEnergy_FHC/Data/Playlist1B/MasterAnaDev_data_AnaTuple_run00010091_Playlist.root	5.81500871641159e+17	5.868922905167482e+17	1	18241		
FHC	data	1B	data10095	root://fndcadoor.fnal.gov:1095/pnfs/fnal.gov/usr/minerva/persistent/OpenData/MediumEnergy_FHC/Data/Playlist1B/MasterAnaDev_data_AnaTuple_run00010095_Playlist.root	5.806059352645874e+17	5.806067439628352e+17	1	17919		
FHC	data	1B	data10096	root://fndcadoor.fnal.gov:1095/pnfs/fnal.gov/usr/minerva/persistent/OpenData/MediumEnergy_FHC/Data/Playlist1B/MasterAnaDev_data_AnaTuple_run00010096_Playlist.root	5.821509568548204e+17	5.821573374484132e+17	1	18290		
FHC	data	1B	data10097	root://fndcadoor.fnal.gov:1095/pnfs/fnal.gov/usr/minerva/persistent/OpenData/MediumEnergy_FHC/Data/Playlist1B/MasterAnaDev_data_AnaTuple_run00010097_Playlist.root	4.740077578010559e+17	4.768713960652041e+17	1	14685		
FHC	data	1B	data10098	root://fndcadoor.fnal.gov:1095/pnfs/fnal.gov/usr/minerva/persistent/OpenData/MediumEnergy_FHC/Data/Playlist1B/MasterAnaDev_data_AnaTuple_run00010098_Playlist.root	5.450596030626297e+17	5.4794587756720403e+17	1	17141		
FHC	data	1B	data10099	root://fndcadoor.fnal.gov:1095/pnfs/fnal.gov/usr/minerva/persistent/OpenData/MediumEnergy_FHC/Data/Playlist1B/MasterAnaDev_data_AnaTuple_run00010099_Playlist.root	5.032295177583694e+17	5.0412772511169754e+17	1	15797		
FHC	data	1B	data10100	root://fndcadoor.fnal.gov:1095/pnfs/fnal.gov/usr/minerva/persistent/OpenData/MediumEnergy_FHC/Data/Playlist1B/MasterAnaDev_data_AnaTuple_run00010100_Playlist.root	5.1504194675731654e+17	5.203628665568806e+17	1	16100		
FHC	data	1B	data10101	root://fndcadoor.fnal.gov:1095/pnfs/fnal.gov/usr/minerva/persistent/OpenData/MediumEnergy_FHC/Data/Playlist1B/MasterAnaDev_data_AnaTuple_run00010101_Playlist.root	0.0	13161324487067.758	1	0		
FHC	data	1B	data10106	root://fndcadoor.fnal.gov:1095/pnfs/fnal.gov/usr/minerva/persistent/OpenData/MediumEnergy_FHC/Data/Playlist1B/MasterAnaDev_data_AnaTuple_run00010106_Playlist.root	0.0	-29205877217.46415	1	0		
FHC	data	1B	data10109	root://fndcadoor.fnal.gov:1095/pnfs/fnal.gov/usr/minerva/persistent/OpenData/MediumEnergy_FHC/Data/Playlist1B/MasterAnaDev_data_AnaTuple_run00010109_Playlist.root	5.1132370486545555e+17	5.113735617026343e+17	1	15831		
FHC	data	1B	data10110	root://fndcadoor.fnal.gov:1095/pnfs/fnal.gov/usr/minerva/persistent/OpenData/MediumEnergy_FHC/Data/Playlist1B/MasterAnaDev_data_AnaTuple_run00010110_Playlist.root	3.6266968235588077e+17	3.6266998575276666e+17	1	11392		
FHC	data	1B	data10111	root://fndcadoor.fnal.gov:1095/pnfs/fnal.gov/usr/minerva/persistent/OpenData/MediumEnergy_FHC/Data/Playlist1B/MasterAnaDev_data_AnaTuple_run00010111_Playlist.root	2.7096302599430084e+16	2.7101862519576564e+16	1	852		
FHC	data	1B	data10112	root://fndcadoor.fnal.gov:1095/pnfs/fnal.gov/usr/minerva/persistent/OpenData/MediumEnergy_FHC/Data/Playlist1B/MasterAnaDev_data_AnaTuple_run00010112_Playlist.root	5.873551150484084e+17	5.900943889306175e+17	1	18355		
FHC	data	1B	data10113	root://fndcadoor.fnal.gov:1095/pnfs/fnal.gov/usr/minerva/persistent/OpenData/MediumEnergy_FHC/Data/Playlist1B/MasterAnaDev_data_AnaTuple_run00010113_Playlist.root	5.721238495235444e+17	5.738608633122501e+17	1	17875		
FHC	data	1B	data10114	root://fndcadoor.fnal.gov:1095/pnfs/fnal.gov/usr/minerva/persistent/OpenData/MediumEnergy_FHC/Data/Playlist1B/MasterAnaDev_data_AnaTuple_run00010114_Playlist.root	5.694823176746368e+17	5.695012638570948e+17	1	17910		
FHC	data	1B	data10115	root://fndcadoor.fnal.gov:1095/pnfs/fnal.gov/usr/minerva/persistent/OpenData/MediumEnergy_FHC/Data/Playlist1B/MasterAnaDev_data_AnaTuple_run00010115_Playlist.root	5.484565822772979e+17	5.518077634093311e+17	1	17328		
FHC	data	1B	data10116	root://fndcadoor.fnal.gov:1095/pnfs/fnal.gov/usr/minerva/persistent/OpenData/MediumEnergy_FHC/Data/Playlist1B/MasterAnaDev_data_AnaTuple_run00010116_Playlist.root	5.6783150376653677e+17	5.678947659122743e+17	1	17754		
FHC	data	1B	data10117	root://fndcadoor.fnal.gov:1095/pnfs/fnal.gov/usr/minerva/persistent/OpenData/MediumEnergy_FHC/Data/Playlist1B/MasterAnaDev_data_AnaTuple_run00010117_Playlist.root	5.525553926944732e+17	5.555237564585875e+17	1	17675		
FHC	data	1B	data10118	root://fndcadoor.fnal.gov:1095/pnfs/fnal.gov/usr/minerva/persistent/OpenData/MediumEnergy_FHC/Data/Playlist1B/MasterAnaDev_data_AnaTuple_run00010118_Playlist.root	5.145986826720239e+17	5.146544094562159e+17	1	15979		
FHC	data	1B	data10119	root://fndcadoor.fnal.gov:1095/pnfs/fnal.gov/usr/minerva/persistent/OpenData/MediumEnergy_FHC/Data/Playlist1B/MasterAnaDev_data_AnaTuple_run00010119_Playlist.root	5.047677007832528e+17	5.0775337623534637e+17	1	15784		
FHC	data	1B	data10120	root://fndcadoor.fnal.gov:1095/pnfs/fnal.gov/usr/minerva/persistent/OpenData/MediumEnergy_FHC/Data/Playlist1B/MasterAnaDev_data_AnaTuple_run00010120_Playlist.root	5.786474215483666e+17	5.786522574232004e+17	1	18236		
FHC	data	1B	data10121	root://fndcadoor.fnal.gov:1095/pnfs/fnal.gov/usr/minerva/persistent/OpenData/MediumEnergy_FHC/Data/Playlist1B/MasterAnaDev_data_AnaTuple_run00010121_Playlist.root	5.3632338088607795e+17	5.3929617499173466e+17	1	16671		
FHC	data	1B	data10122	root://fndcadoor.fnal.gov:1095/pnfs/fnal.gov/usr/minerva/persistent/OpenData/MediumEnergy_FHC/Data/Playlist1B/MasterAnaDev_data_AnaTuple_run00010122_Playlist.root	4.576383878555297e+17	4.796022641593351e+17	1	14231		
FHC	data	1B	data10123	root://fndcadoor.fnal.gov:1095/pnfs/fnal.gov/usr/minerva/persistent/OpenData/MediumEnergy_FHC/Data/Playlist1B/MasterAnaDev_data_AnaTuple_run00010123_Playlist.root	5.5674383427906035e+17	5.930659646456623e+17	1	17314		
FHC	data	1B	data10124	root://fndcadoor.fnal.gov:1095/pnfs/fnal.gov/usr/minerva/persistent/OpenData/MediumEnergy_FHC/Data/Playlist1B/MasterAnaDev_data_AnaTuple_run00010124_Playlist.root	3.007011696510315e+17	3.007296568653106e+17	1	9620		
FHC	data	1B	data10125	root://fndcadoor.fnal.gov:1095/pnfs/fnal.gov/usr/minerva/persistent/OpenData/MediumEnergy_FHC/Data/Playlist1B/MasterAnaDev_data_AnaTuple_run00010125_Playlist.root	2.4085959597539894e+17	2.4135226133812224e+17	1	7560		
FHC	data	1B	data10128	root://fndcadoor.fnal.gov:1095/pnfs/fnal.gov/usr/minerva/persistent/OpenData/MediumEnergy_FHC/Data/Playlist1B/MasterAnaDev_data_AnaTuple_run00010128_Playlist.root	3.0577318312835686e+17	3.0849168165514304e+17	1	9516		
FHC	data	1C	data10129	root://fndcadoor.fnal.gov:1095/pnfs/fnal.gov/usr/minerva/persistent/OpenData/MediumEnergy_FHC/Data/Playlist1C/MasterAnaDev_data_AnaTuple_run00010129_Playlist.root	3.882975759124756e+16	3.882973951271991e+16	1	1189		
FHC	data	1C	data10130	root://fndcadoor.fnal.gov:1095/pnfs/fnal.gov/usr/minerva/persistent/OpenData/MediumEnergy_FHC/Data/Playlist1C/MasterAnaDev_data_AnaTuple_run00010130_Playlist.root	5.4751671126556397e+17	5.475930680756103e+17	1	17076		
FHC	data	1C	data10131	root://fndcadoor.fnal.gov:1095/pnfs/fnal.gov/usr/minerva/persistent/OpenData/MediumEnergy_FHC/Data/Playlist1C/MasterAnaDev_data_AnaTuple_run00010131_Playlist.root	5.436879175972939e+17	5.466789313481189e+17	1	16985		
FHC	data	1C	data10132	root://fndcadoor.fnal.gov:1095/pnfs/fnal.gov/usr/minerva/persistent/OpenData/MediumEnergy_FHC/Data/Playlist1C/MasterAnaDev_data_AnaTuple_run00010132_Playlist.root	5.7117544603729254e+17	5.712026213287189e+17	1	17550		
FHC	data	1C	data10133	root://fndcadoor.fnal.gov:1095/pnfs/fnal.gov/usr/minerva/persistent/OpenData/MediumEnergy_FHC/Data/Playlist1C/MasterAnaDev_data_AnaTuple_run00010133_Playlist.root	5.1086681100940717e+17	5.139737323796603e+17	1	15895		
FHC	data	1C	data10134	root://fndcadoor.fnal.gov:1095/pnfs/fnal.gov/usr/minerva/persistent/OpenData/MediumEnergy_FHC/Data/Playlist1C/MasterAnaDev_data_AnaTuple_run00010134_Playlist.root	2.7983981410312653e+17	2.851419528399073e+17	1	9033		
FHC	data	1C	data10135	root://fndcadoor.fnal.gov:1095/pnfs/fnal.gov/usr/minerva/persistent/OpenData/MediumEnergy_FHC/Data/Playlist1C/MasterAnaDev_data_AnaTuple_run00010135_Playlist.root	3.4451803493785856e+17	3.4454304321881184e+17	1	11133		
FHC	data	1C	data10136	root://fndcadoor.fnal.gov:1095/pnfs/fnal.gov/usr/minerva/persistent/OpenData/MediumEnergy_FHC/Data/Playlist1C/MasterAnaDev_data_AnaTuple_run00010136_Playlist.root	4.163933359594345e+17	4.1879672399476474e+17	1	13229		
FHC	data	1C	data10137	root://fndcadoor.fnal.gov:1095/pnfs/fnal.gov/usr/minerva/persistent/OpenData/MediumEnergy_FHC/Data/Playlist1C/MasterAnaDev_data_AnaTuple_run00010137_Playlist.root	4.0148494169950483e+17	4.015136709942043e+17	1	12946		
FHC	data	1C	data10138	root://fndcadoor.fnal.gov:1095/pnfs/fnal.gov/usr/minerva/persistent/OpenData/MediumEnergy_FHC/Data/Playlist1C/MasterAnaDev_data_AnaTuple_run00010138_Playlist.root	3.4763578178882605e+17	3.4805423683427155e+17	1	11166		
FHC	data	1C	data10139	root://fndcadoor.fnal.gov:1095/pnfs/fnal.gov/usr/minerva/persistent/OpenData/MediumEnergy_FHC/Data/Playlist1C/MasterAnaDev_data_AnaTuple_run00010139_Playlist.root	3.544820213246345e+17	3.545387595041129e+17	1	11495		
FHC	data	1C	data10140	root://fndcadoor.fnal.gov:1095/pnfs/fnal.gov/usr/minerva/persistent/OpenData/MediumEnergy_FHC/Data/Playlist1C/MasterAnaDev_data_AnaTuple_run00010140_Playlist.root	4.7296202438879e+17	4.783774420240179e+17	1	14879		
FHC	data	1C	data10141	root://fndcadoor.fnal.gov:1095/pnfs/fnal.gov/usr/minerva/persistent/OpenData/MediumEnergy_FHC/Data/Playlist1C/MasterAnaDev_data_AnaTuple_run00010141_Playlist.root	4.48272754529953e+17	4.4830601847128224e+17	1	14211		
FHC	data	1C	data10144	root://fndcadoor.fnal.gov:1095/pnfs/fnal.gov/usr/minerva/persistent/OpenData/MediumEnergy_FHC/Data/Playlist1C/MasterAnaDev_data_AnaTuple_run00010144_Playlist.root	4.1558050278186797e+17	4.15603801260225e+17	1	13270		
FHC	data	1C	data10145	root://fndcadoor.fnal.gov:1095/pnfs/fnal.gov/usr/minerva/persistent/OpenData/MediumEnergy_FHC/Data/Playlist1C/MasterAnaDev_data_AnaTuple_run00010145_Playlist.root	3.086376298003197e+17	3.108397162257755e+17	1	9732		
FHC	data	1C	data10146	root://fndcadoor.fnal.gov:1095/pnfs/fnal.gov/usr/minerva/persistent/OpenData/MediumEnergy_FHC/Data/Playlist1C/MasterAnaDev_data_AnaTuple_run00010146_Playlist.root	2.224108584709167e+17	2.2252560158449933e+17	1	7395		
FHC	data	1C	data10147	root://fndcadoor.fnal.gov:1095/pnfs/fnal.gov/usr/minerva/persistent/OpenData/MediumEnergy_FHC/Data/Playlist1C/MasterAnaDev_data_AnaTuple_run00010147_Playlist.root	2.1159839669704435e+17	2.1278762658239584e+17	1	7068		
FHC	data	1C	data10148	root://fndcadoor.fnal.gov:1095/pnfs/fnal.gov/usr/minerva/persistent/OpenData/MediumEnergy_FHC/Data/Playlist1C/MasterAnaDev_data_AnaTuple_run00010148_Playlist.root	2.1968005090904237e+17	2.2082098060665626e+17	1	7072		
FHC	data	1C	data10149	root://fndcadoor.fnal.gov:1095/pnfs/fnal.gov/usr/minerva/persistent/OpenData/MediumEnergy_FHC/Data/Playlist1C/MasterAnaDev_data_AnaTuple_run00010149_Playlist.root	2.1852923078680042e+17	2.1853870399403818e+17	1	7121		
FHC	data	1C	data10150	root://fndcadoor.fnal.gov:1095/pnfs/fnal.gov/usr/minerva/persistent/OpenData/MediumEnergy_FHC/Data/Playlist1C/MasterAnaDev_data_AnaTuple_run00010150_Playlist.root	2.86417719534874e+17	2.8802023488435744e+17	1	9236		
FHC	data	1C	data10151	root://fndcadoor.fnal.gov:1095/pnfs/fnal.gov/usr/minerva/persistent/OpenData/MediumEnergy_FHC/Data/Playlist1C/MasterAnaDev_data_AnaTuple_run00010151_Playlist.root	2.3619157318973546e+17	2.362459204397112e+17	1	7481		
FHC	data	1C	data10159	root://fndcadoor.fnal.gov:1095/pnfs/fnal.gov/usr/minerva/persistent/OpenData/MediumEnergy_FHC/Data/Playlist1C/MasterAnaDev_data_AnaTuple_run00010159_Playlist.root	1.3425527004623414e+17	1.3443690698699701e+17	1	4250		
FHC	data	1C	data10161	root://fndcadoor.fnal.gov:1095/pnfs/fnal.gov/usr/minerva/persistent/OpenData/MediumEnergy_FHC/Data/Playlist1C/MasterAnaDev_data_AnaTuple_run00010161_Playlist.root	3.925516391234399e+17	3.926407410312372e+17	1	12420		
FHC	data	1C	data10162	root://fndcadoor.fnal.gov:1095/pnfs/fnal.gov/usr/minerva/persistent/OpenData/MediumEnergy_FHC/Data/Playlist1C/MasterAnaDev_data_AnaTuple_run00010162_Playlist.root	5.268886868085861e+17	5.294063441722571e+17	1	16440		
FHC	data	1C	data10163	root://fndcadoor.fnal.gov:1095/pnfs/fnal.gov/usr/minerva/persistent/OpenData/MediumEnergy_FHC/Data/Playlist1C/MasterAnaDev_data_AnaTuple_run00010163_Playlist.root	5.186050500192642e+17	5.1861115462829926e+17	1	16341		
FHC	data	1C	data10164	root://fndcadoor.fnal.gov:1095/pnfs/fnal.gov/usr/minerva/persistent/OpenData/MediumEnergy_FHC/Data/Playlist1C/MasterAnaDev_data_AnaTuple_run00010164_Playlist.root	4.750199010534287e+17	5.1919809353116646e+17	1	14940		
FHC	data	1C	data10165	root://fndcadoor.fnal.gov:1095/pnfs/fnal.gov/usr/minerva/persistent/OpenData/MediumEnergy_FHC/Data/Playlist1C/MasterAnaDev_data_AnaTuple_run00010165_Playlist.root	4.181921302313804e+17	5.140543009100492e+17	1	13050		
FHC	data	1C	data10166	root://fndcadoor.fnal.gov:1095/pnfs/fnal.gov/usr/minerva/persistent/OpenData/MediumEnergy_FHC/Data/Playlist1C/MasterAnaDev_data_AnaTuple_run00010166_Playlist.root	5.261918595838547e+17	5.298639603453161e+17	1	16817		
FHC	data	1C	data10167	root://fndcadoor.fnal.gov:1095/pnfs/fnal.gov/usr/minerva/persistent/OpenData/MediumEnergy_FHC/Data/Playlist1C/MasterAnaDev_data_AnaTuple_run00010167_Playlist.root	5.382890358171463e+17	5.4113489560303514e+17	1	16940		
FHC	data	1C	data10168	root://fndcadoor.fnal.gov:1095/pnfs/fnal.gov/usr/minerva/persistent/OpenData/MediumEnergy_FHC/Data/Playlist1C/MasterAnaDev_data_AnaTuple_run00010168_Playlist.root	5.670559864778518e+17	5.671273287196444e+17	1	17724		
FHC	data	1C	data10169	root://fndcadoor.fnal.gov:1095/pnfs/fnal.gov/usr/minerva/persistent/OpenData/MediumEnergy_FHC/Data/Playlist1C/MasterAnaDev_data_AnaTuple_run00010169_Playlist.root	5.360589932374954e+17	5.3920990306661824e+17	1	16919		
FHC	data	1C	data10170	root://fndcadoor.fnal.gov:1095/pnfs/fnal.gov/usr/minerva/persistent/OpenData/MediumEnergy_FHC/Data/Playlist1C/MasterAnaDev_data_AnaTuple_run00010170_Playlist.root	5.978129591197967e+17	5.978370465669382e+17	1	18860		
FHC	data	1C	data10171	root://fndcadoor.fnal.gov:1095/pnfs/fnal.gov/usr/minerva/persistent/OpenData/MediumEnergy_FHC/Data/Playlist1C/MasterAnaDev_data_AnaTuple_run00010171_Playlist.root	5.940463492097856e+17	5.978930890141829e+17	1	18382		
FHC	data	1C	data10172	root://fndcadoor.fnal.gov:1095/pnfs/fnal.gov/usr/minerva/persistent/OpenData/MediumEnergy_FHC/Data/Playlist1C/MasterAnaDev_data_AnaTuple_run00010172_Playlist.root	6.114129910259249e+17	6.144585645346025e+17	1	19038		
FHC	data	1C	data10173	root://fndcadoor.fnal.gov:1095/pnfs/fnal.gov/usr/minerva/persistent/OpenData/MediumEnergy_FHC/Data/Playlist1C/MasterAnaDev_data_AnaTuple_run00010173_Playlist.root	5.760026682510376e+17	5.7600837506521165e+17	1	17934		
FHC	data	1C	data10174	root://fndcadoor.fnal.gov:1095/pnfs/fnal.gov/usr/minerva/persistent/OpenData/MediumEnergy_FHC/Data/Playlist1C/MasterAnaDev_data_AnaTuple_run00010174_Playlist.root	5.5659679357433325e+17	5.5661195171723475e+17	1	17471		
FHC	data	1C	data10175	root://fndcadoor.fnal.gov:1095/pnfs/fnal.gov/usr/minerva/persistent/OpenData/MediumEnergy_FHC/Data/Playlist1C/MasterAnaDev_data_AnaTuple_run00010175_Playlist.root	3.322182591667176e+17	3.322243564775044e+17	1	10543		
FHC	data	1C	data10176	root://fndcadoor.fnal.gov:1095/pnfs/fnal.gov/usr/minerva/persistent/OpenData/MediumEnergy_FHC/Data/Playlist1C/MasterAnaDev_data_AnaTuple_run00010176_Playlist.root	4.429745110354423e+17	4.460287587542421e+17	1	14001		
FHC	data	1C	data10177	root://fndcadoor.fnal.gov:1095/pnfs/fnal.gov/usr/minerva/persistent/OpenData/MediumEnergy_FHC/Data/Playlist1C/MasterAnaDev_data_AnaTuple_run00010177_Playlist.root	6.120561902165412e+17	6.12056631046347e+17	1	18850		
FHC	data	1C	data10178	root://fndcadoor.fnal.gov:1095/pnfs/fnal.gov/usr/minerva/persistent/OpenData/MediumEnergy_FHC/Data/Playlist1C/MasterAnaDev_data_AnaTuple_run00010178_Playlist.root	5.2995598634576794e+17	5.3251734033329837e+17	1	16415		
FHC	data	1C	data10179	root://fndcadoor.fnal.gov:1095/pnfs/fnal.gov/usr/minerva/persistent/OpenData/MediumEnergy_FHC/Data/Playlist1C/MasterAnaDev_data_AnaTuple_run00010179_Playlist.root	6.251230056238176e+17	6.282175285994523e+17	1	19660		
FHC	data	1C	data10180	root://fndcadoor.fnal.gov:1095/pnfs/fnal.gov/usr/minerva/persistent/OpenData/MediumEnergy_FHC/Data/Playlist1C/MasterAnaDev_data_AnaTuple_run00010180_Playlist.root	6.411232692375182e+17	6.411249515444371e+17	1	19994		
FHC	data	1C	data10181	root://fndcadoor.fnal.gov:1095/pnfs/fnal.gov/usr/minerva/persistent/OpenData/MediumEnergy_FHC/Data/Playlist1C/MasterAnaDev_data_AnaTuple_run00010181_Playlist.root	5.667353409461975e+17	5.683282402827176e+17	1	17924		
FHC	data	1C	data10182	root://fndcadoor.fnal.gov:1095/pnfs/fnal.gov/usr/minerva/persistent/OpenData/MediumEnergy_FHC/Data/Playlist1C/MasterAnaDev_data_AnaTuple_run00010182_Playlist.root	5.2223494567728045e+17	5.223105939375294e+17	1	16329		
FHC	data	1C	data10183	root://fndcadoor.fnal.gov:1095/pnfs/fnal.gov/usr/minerva/persistent/OpenData/MediumEnergy_FHC/Data/Playlist1C/MasterAnaDev_data_AnaTuple_run00010183_Playlist.root	5.646131245703697e+17	5.917098598320374e+17	1	17585		
FHC	data	1C	data10184	root://fndcadoor.fnal.gov:1095/pnfs/fnal.gov/usr/minerva/persistent/OpenData/MediumEnergy_FHC/Data/Playlist1C/MasterAnaDev_data_AnaTuple_run00010184_Playlist.root	5.616125053710936e+17	5.617445063908966e+17	1	17502		
FHC	data	1C	data10185	root://fndcadoor.fnal.gov:1095/pnfs/fnal.gov/usr/minerva/persistent/OpenData/MediumEnergy_FHC/Data/Playlist1C/MasterAnaDev_data_AnaTuple_run00010185_Playlist.root	3.876375122938156e+17	4.063418836443021e+17	1	11719		
FHC	data	1C	data10186	root://fndcadoor.fnal.gov:1095/pnfs/fnal.gov/usr/minerva/persistent/OpenData/MediumEnergy_FHC/Data/Playlist1C/MasterAnaDev_data_AnaTuple_run00010186_Playlist.root	5.242432731437683e+17	5.270280090362716e+17	1	16210		
FHC	data	1C	data10187	root://fndcadoor.fnal.gov:1095/pnfs/fnal.gov/usr/minerva/persistent/OpenData/MediumEnergy_FHC/Data/Playlist1C/MasterAnaDev_data_AnaTuple_run00010187_Playlist.root	6.028497734689713e+17	6.028844351467352e+17	1	18775		
FHC	data	1C	data10188	root://fndcadoor.fnal.gov:1095/pnfs/fnal.gov/usr/minerva/persistent/OpenData/MediumEnergy_FHC/Data/Playlist1C/MasterAnaDev_data_AnaTuple_run00010188_Playlist.root	2.7158045618343354e+17	5.475020274470806e+17	1	8462		
FHC	data	1C	data10189	root://fndcadoor.fnal.gov:1095/pnfs/fnal.gov/usr/minerva/persistent/OpenData/MediumEnergy_FHC/Data/Playlist1C/MasterAnaDev_data_AnaTuple_run00010189_Playlist.root	8986994897842407.0	5.990204206737423e+17	1	289		
FHC	data	1C	data10190	root://fndcadoor.fnal.gov:1095/pnfs/fnal.gov/usr/minerva/persistent/OpenData/MediumEnergy_FHC/Data/Playlist1C/MasterAnaDev_data_AnaTuple_run00010190_Playlist.root	5.219278520774842e+16	5.987041703114166e+17	1	1610		
FHC	data	1C	data10191	root://fndcadoor.fnal.gov:1095/pnfs/fnal.gov/usr/minerva/persistent/OpenData/MediumEnergy_FHC/Data/Playlist1C/MasterAnaDev_data_AnaTuple_run00010191_Playlist.root	1.1348634572505952e+16	5.947196653208943e+17	1	329		
FHC	data	1C	data10192	root://fndcadoor.fnal.gov:1095/pnfs/fnal.gov/usr/minerva/persistent/OpenData/MediumEnergy_FHC/Data/Playlist1C/MasterAnaDev_data_AnaTuple_run00010192_Playlist.root	2.8248137978553772e+16	5.500743315780239e+17	1	812		
FHC	data	1C	data10193	root://fndcadoor.fnal.gov:1095/pnfs/fnal.gov/usr/minerva/persistent/OpenData/MediumEnergy_FHC/Data/Playlist1C/MasterAnaDev_data_AnaTuple_run00010193_Playlist.root	5.849348377132416e+16	6.324831574403446e+17	1	1832		
FHC	data	1C	data10194	root://fndcadoor.fnal.gov:1095/pnfs/fnal.gov/usr/minerva/persistent/OpenData/MediumEnergy_FHC/Data/Playlist1C/MasterAnaDev_data_AnaTuple_run00010194_Playlist.root	7.434166891288758e+16	5.602500231591169e+17	1	2288		
FHC	data	1C	data10195	root://fndcadoor.fnal.gov:1095/pnfs/fnal.gov/usr/minerva/persistent/OpenData/MediumEnergy_FHC/Data/Playlist1C/MasterAnaDev_data_AnaTuple_run00010195_Playlist.root	6.116313094091415e+17	6.406917227790625e+17	1	18687		
FHC	data	1C	data10196	root://fndcadoor.fnal.gov:1095/pnfs/fnal.gov/usr/minerva/persistent/OpenData/MediumEnergy_FHC/Data/Playlist1C/MasterAnaDev_data_AnaTuple_run00010196_Playlist.root	5.570247812404632e+17	6.200077957181976e+17	1	17386		
FHC	data	1C	data10197	root://fndcadoor.fnal.gov:1095/pnfs/fnal.gov/usr/minerva/persistent/OpenData/MediumEnergy_FHC/Data/Playlist1C/MasterAnaDev_data_AnaTuple_run00010197_Playlist.root	6.064653884639741e+17	6.345050586100285e+17	1	18726		
FHC	data	1C	data10198	root://fndcadoor.fnal.gov:1095/pnfs/fnal.gov/usr/minerva/persistent/OpenData/MediumEnergy_FHC/Data/Playlist1C/MasterAnaDev_data_AnaTuple_run00010198_Playlist.root	1.372690261039734e+17	6.306743834794729e+17	1	4231		
FHC	data	1C	data10199	root://fndcadoor.fnal.gov:1095/pnfs/fnal.gov/usr/minerva/persistent/OpenData/MediumEnergy_FHC/Data/Playlist1C/MasterAnaDev_data_AnaTuple_run00010199_Playlist.root	0.0	6.245263170519507e+17	1	0		
FHC	data	1C	data10200	root://fndcadoor.fnal.gov:1095/pnfs/fnal.gov/usr/minerva/persistent/OpenData/MediumEnergy_FHC/Data/Playlist1C/MasterAnaDev_data_AnaTuple_run00010200_Playlist.root	0.0	6.37086748222636e+17	1	0		
FHC	data	1C	data10201	root://fndcadoor.fnal.gov:1095/pnfs/fnal.gov/usr/minerva/persistent/OpenData/MediumEnergy_FHC/Data/Playlist1C/MasterAnaDev_data_AnaTuple_run00010201_Playlist.root	0.0	2.9328446237404294e+17	1	0		
FHC	data	1C	data10202	root://fndcadoor.fnal.gov:1095/pnfs/fnal.gov/usr/minerva/persistent/OpenData/MediumEnergy_FHC/Data/Playlist1C/MasterAnaDev_data_AnaTuple_run00010202_Playlist.root	0.0	2035437404632568.2	1	0		
FHC	data	1C	data10203	root://fndcadoor.fnal.gov:1095/pnfs/fnal.gov/usr/minerva/persistent/OpenData/MediumEnergy_FHC/Data/Playlist1C/MasterAnaDev_data_AnaTuple_run00010203_Playlist.root	0.0	5.193178365410853e+16	1	0		
FHC	data	1C	data10205	root://fndcadoor.fnal.gov:1095/pnfs/fnal.gov/usr/minerva/persistent/OpenData/MediumEnergy_FHC/Data/Playlist1C/MasterAnaDev_data_AnaTuple_run00010205_Playlist.root	8.521690207400321e+17	8.521752063867658e+17	1	26516		
FHC	data	1C	data10206	root://fndcadoor.fnal.gov:1095/pnfs/fnal.gov/usr/minerva/persistent/OpenData/MediumEnergy_FHC/Data/Playlist1C/MasterAnaDev_data_AnaTuple_run00010206_Playlist.root	6.116908147716524e+17	6.285986986756521e+17	1	19029		
FHC	data	1C	data10207	root://fndcadoor.fnal.gov:1095/pnfs/fnal.gov/usr/minerva/persistent/OpenData/MediumEnergy_FHC/Data/Playlist1C/MasterAnaDev_data_AnaTuple_run00010207_Playlist.root	6.321692667112348e+17	6.352268130322536e+17	1	19571		
FHC	data	1C	data10208	root://fndcadoor.fnal.gov:1095/pnfs/fnal.gov/usr/minerva/persistent/OpenData/MediumEnergy_FHC/Data/Playlist1C/MasterAnaDev_data_AnaTuple_run00010208_Playlist.root	6.356600945734979e+17	6.356673229927884e+17	1	19757		
FHC	data	1C	data10209	root://fndcadoor.fnal.gov:1095/pnfs/fnal.gov/usr/minerva/persistent/OpenData/MediumEnergy_FHC/Data/Playlist1C/MasterAnaDev_data_AnaTuple_run00010209_Playlist.root	6.114350659408571e+17	6.145892647122892e+17	1	19014		
FHC	data	1C	data10210	root://fndcadoor.fnal.gov:1095/pnfs/fnal.gov/usr/minerva/persistent/OpenData/MediumEnergy_FHC/Data/Playlist1C/MasterAnaDev_data_AnaTuple_run00010210_Playlist.root	6.314815452389719e+17	6.357897888089208e+17	1	19741		
FHC	data	1C	data10211	root://fndcadoor.fnal.gov:1095/pnfs/fnal.gov/usr/minerva/persistent/OpenData/MediumEnergy_FHC/Data/Playlist1C/MasterAnaDev_data_AnaTuple_run00010211_Playlist.root	5.968144535822867e+17	5.996194157039174e+17	1	18351		
FHC	data	1C	data10212	root://fndcadoor.fnal.gov:1095/pnfs/fnal.gov/usr/minerva/persistent/OpenData/MediumEnergy_FHC/Data/Playlist1C/MasterAnaDev_data_AnaTuple_run00010212_Playlist.root	6.400114981250764e+17	6.400132015960156e+17	1	19877		
FHC	data	1C	data10213	root://fndcadoor.fnal.gov:1095/pnfs/fnal.gov/usr/minerva/persistent/OpenData/MediumEnergy_FHC/Data/Playlist1C/MasterAnaDev_data_AnaTuple_run00010213_Playlist.root	5.91445520807743e+17	5.939721357782418e+17	1	18347		
FHC	data	1C	data10214	root://fndcadoor.fnal.gov:1095/pnfs/fnal.gov/usr/minerva/persistent/OpenData/MediumEnergy_FHC/Data/Playlist1C/MasterAnaDev_data_AnaTuple_run00010214_Playlist.root	6.157479764404298e+17	6.157579840316814e+17	1	19150		
FHC	data	1C	data10215	root://fndcadoor.fnal.gov:1095/pnfs/fnal.gov/usr/minerva/persistent/OpenData/MediumEnergy_FHC/Data/Playlist1C/MasterAnaDev_data_AnaTuple_run00010215_Playlist.root	6.521248618149755e+17	6.553017144995497e+17	1	19991		
FHC	data	1C	data10216	root://fndcadoor.fnal.gov:1095/pnfs/fnal.gov/usr/minerva/persistent/OpenData/MediumEnergy_FHC/Data/Playlist1C/MasterAnaDev_data_AnaTuple_run00010216_Playlist.root	6.451881123065947e+17	6.475791146216366e+17	1	20078		
FHC	data	1C	data10217	root://fndcadoor.fnal.gov:1095/pnfs/fnal.gov/usr/minerva/persistent/OpenData/MediumEnergy_FHC/Data/Playlist1C/MasterAnaDev_data_AnaTuple_run00010217_Playlist.root	6.655559761486057e+17	6.663330716524626e+17	1	20623		
FHC	data	1C	data10218	root://fndcadoor.fnal.gov:1095/pnfs/fnal.gov/usr/minerva/persistent/OpenData/MediumEnergy_FHC/Data/Playlist1C/MasterAnaDev_data_AnaTuple_run00010218_Playlist.root	5.1641811566829664e+17	6.56942148807098e+17	1	16099		
FHC	data	1C	data10219	root://fndcadoor.fnal.gov:1095/pnfs/fnal.gov/usr/minerva/persistent/OpenData/MediumEnergy_FHC/Data/Playlist1C/MasterAnaDev_data_AnaTuple_run00010219_Playlist.root	0.0	3.2591781507685037e+17	1	0		
FHC	data	1C	data10229	root://fndcadoor.fnal.gov:1095/pnfs/fnal.gov/usr/minerva/persistent/OpenData/MediumEnergy_FHC/Data/Playlist1C/MasterAnaDev_data_AnaTuple_run00010229_Playlist.root	2.1051908923244474e+17	2.2625126906516378e+17	1	6718		
FHC	data	1C	data10230	root://fndcadoor.fnal.gov:1095/pnfs/fnal.gov/usr/minerva/persistent/OpenData/MediumEnergy_FHC/Data/Playlist1C/MasterAnaDev_data_AnaTuple_run00010230_Playlist.root	1.2137030611038208e+16	3.956757794952392e+16	1	372		
FHC	data	1C	data10231	root://fndcadoor.fnal.gov:1095/pnfs/fnal.gov/usr/minerva/persistent/OpenData/MediumEnergy_FHC/Data/Playlist1C/MasterAnaDev_data_AnaTuple_run00010231_Playlist.root	5.6807171016263955e+17	5.680780357902062e+17	1	17576		
FHC	data	1C	data10232	root://fndcadoor.fnal.gov:1095/pnfs/fnal.gov/usr/minerva/persistent/OpenData/MediumEnergy_FHC/Data/Playlist1C/MasterAnaDev_data_AnaTuple_run00010232_Playlist.root	5.3638567427635194e+17	5.387559541763227e+17	1	17009		
FHC	data	1C	data10233	root://fndcadoor.fnal.gov:1095/pnfs/fnal.gov/usr/minerva/persistent/OpenData/MediumEnergy_FHC/Data/Playlist1C/MasterAnaDev_data_AnaTuple_run00010233_Playlist.root	5.102845834956169e+17	5.102852926886542e+17	1	16243		
FHC	data	1C	data10234	root://fndcadoor.fnal.gov:1095/pnfs/fnal.gov/usr/minerva/persistent/OpenData/MediumEnergy_FHC/Data/Playlist1C/MasterAnaDev_data_AnaTuple_run00010234_Playlist.root	4.7058948908901203e+17	4.731355838890268e+17	1	14943		
FHC	data	1C	data10235	root://fndcadoor.fnal.gov:1095/pnfs/fnal.gov/usr/minerva/persistent/OpenData/MediumEnergy_FHC/Data/Playlist1C/MasterAnaDev_data_AnaTuple_run00010235_Playlist.root	3.761358049941063e+17	3.761599089798909e+17	1	11803		
FHC	data	1C	data10236	root://fndcadoor.fnal.gov:1095/pnfs/fnal.gov/usr/minerva/persistent/OpenData/MediumEnergy_FHC/Data/Playlist1C/MasterAnaDev_data_AnaTuple_run00010236_Playlist.root	5.983072827534676e+17	6.011948013058629e+17	1	18736		
FHC	data	1C	data10237	root://fndcadoor.fnal.gov:1095/pnfs/fnal.gov/usr/minerva/persistent/OpenData/MediumEnergy_FHC/Data/Playlist1C/MasterAnaDev_data_AnaTuple_run00010237_Playlist.root	5.960729616799356e+17	5.993113703679744e+17	1	18551		
FHC	data	1C	data10238	root://fndcadoor.fnal.gov:1095/pnfs/fnal.gov/usr/minerva/persistent/OpenData/MediumEnergy_FHC/Data/Playlist1C/MasterAnaDev_data_AnaTuple_run00010238_Playlist.root	6.144860494966509e+17	6.144966215527478e+17	1	19322		
FHC	data	1C	data10239	root://fndcadoor.fnal.gov:1095/pnfs/fnal.gov/usr/minerva/persistent/OpenData/MediumEnergy_FHC/Data/Playlist1C/MasterAnaDev_data_AnaTuple_run00010239_Playlist.root	5.547039214234353e+17	5.5760321763190144e+17	1	17320		
FHC	data	1C	data10240	root://fndcadoor.fnal.gov:1095/pnfs/fnal.gov/usr/minerva/persistent/OpenData/MediumEnergy_FHC/Data/Playlist1C/MasterAnaDev_data_AnaTuple_run00010240_Playlist.root	4.0458750982046125e+17	4.074625447743549e+17	1	12667		
FHC	data	1C	data10241	root://fndcadoor.fnal.gov:1095/pnfs/fnal.gov/usr/minerva/persistent/OpenData/MediumEnergy_FHC/Data/Playlist1C/MasterAnaDev_data_AnaTuple_run00010241_Playlist.root	2.7950914417600634e+17	2.7952495607692163e+17	1	8685		
FHC	data	1C	data10246	root://fndcadoor.fnal.gov:1095/pnfs/fnal.gov/usr/minerva/persistent/OpenData/MediumEnergy_FHC/Data/Playlist1C/MasterAnaDev_data_AnaTuple_run00010246_Playlist.root	5.438246257648467e+17	5.468274328158026e+17	1	16959		
FHC	data	1C	data10247	root://fndcadoor.fnal.gov:1095/pnfs/fnal.gov/usr/minerva/persistent/OpenData/MediumEnergy_FHC/Data/Playlist1C/MasterAnaDev_data_AnaTuple_run00010247_Playlist.root	5.542102474484444e+17	5.5718261113936403e+17	1	17292		
FHC	data	1C	data10248	root://fndcadoor.fnal.gov:1095/pnfs/fnal.gov/usr/minerva/persistent/OpenData/MediumEnergy_FHC/Data/Playlist1C/MasterAnaDev_data_AnaTuple_run00010248_Playlist.root	5.95754022904396e+17	5.957665043299252e+17	1	18654		
FHC	data	1C	data10249	root://fndcadoor.fnal.gov:1095/pnfs/fnal.gov/usr/minerva/persistent/OpenData/MediumEnergy_FHC/Data/Playlist1C/MasterAnaDev_data_AnaTuple_run00010249_Playlist.root	5.500320971841812e+17	5.53071065496592e+17	1	17367		
FHC	data	1C	data10250	root://fndcadoor.fnal.gov:1095/pnfs/fnal.gov/usr/minerva/persistent/OpenData/MediumEnergy_FHC/Data/Playlist1C/MasterAnaDev_data_AnaTuple_run00010250_Playlist.root	5.935889211449623e+17	5.936211178321157e+17	1	18558		
FHC	data	1C	data10251	root://fndcadoor.fnal.gov:1095/pnfs/fnal.gov/usr/minerva/persistent/OpenData/MediumEnergy_FHC/Data/Playlist1C/MasterAnaDev_data_AnaTuple_run00010251_Playlist.root	5.768821550374031e+17	5.798751709510179e+17	1	17842		
FHC	data	1C	data10252	root://fndcadoor.fnal.gov:1095/pnfs/fnal.gov/usr/minerva/persistent/OpenData/MediumEnergy_FHC/Data/Playlist1C/MasterAnaDev_data_AnaTuple_run00010252_Playlist.root	5.957100174736978e+17	5.957207315568685e+17	1	18431		
FHC	data	1C	data10253	root://fndcadoor.fnal.gov:1095/pnfs/fnal.gov/usr/minerva/persistent/OpenData/MediumEnergy_FHC/Data/Playlist1C/MasterAnaDev_data_AnaTuple_run00010253_Playlist.root	0.0	1975367689970.8809	1	0		
FHC	data	1C	data10254	root://fndcadoor.fnal.gov:1095/pnfs/fnal.gov/usr/minerva/persistent/OpenData/MediumEnergy_FHC/Data/Playlist1C/MasterAnaDev_data_AnaTuple_run00010254_Playlist.root	7405732183933257.0	7412166719214176.0	1	276		
FHC	data	1D	data10255	root://fndcadoor.fnal.gov:1095/pnfs/fnal.gov/usr/minerva/persistent/OpenData/MediumEnergy_FHC/Data/Playlist1D/MasterAnaDev_data_AnaTuple_run00010255_Playlist.root	4.431722006959915e+17	4.431888900771048e+17	1	13640		
FHC	data	1D	data10256	root://fndcadoor.fnal.gov:1095/pnfs/fnal.gov/usr/minerva/persistent/OpenData/MediumEnergy_FHC/Data/Playlist1D/MasterAnaDev_data_AnaTuple_run00010256_Playlist.root	5.147032125034332e+17	5.176492399607729e+17	1	16122		
FHC	data	1D	data10257	root://fndcadoor.fnal.gov:1095/pnfs/fnal.gov/usr/minerva/persistent/OpenData/MediumEnergy_FHC/Data/Playlist1D/MasterAnaDev_data_AnaTuple_run00010257_Playlist.root	3.952987064309121e+17	3.9533162354552634e+17	1	12309		
FHC	data	1D	data10259	root://fndcadoor.fnal.gov:1095/pnfs/fnal.gov/usr/minerva/persistent/OpenData/MediumEnergy_FHC/Data/Playlist1D/MasterAnaDev_data_AnaTuple_run00010259_Playlist.root	5.7620487538957606e+17	5.79226518015151e+17	1	18128		
FHC	data	1D	data10260	root://fndcadoor.fnal.gov:1095/pnfs/fnal.gov/usr/minerva/persistent/OpenData/MediumEnergy_FHC/Data/Playlist1D/MasterAnaDev_data_AnaTuple_run00010260_Playlist.root	5.913903905997276e+17	5.913964441161019e+17	1	18472		
FHC	data	1D	data10261	root://fndcadoor.fnal.gov:1095/pnfs/fnal.gov/usr/minerva/persistent/OpenData/MediumEnergy_FHC/Data/Playlist1D/MasterAnaDev_data_AnaTuple_run00010261_Playlist.root	6.067926158924101e+17	6.097899233748576e+17	1	18771		
FHC	data	1D	data10262	root://fndcadoor.fnal.gov:1095/pnfs/fnal.gov/usr/minerva/persistent/OpenData/MediumEnergy_FHC/Data/Playlist1D/MasterAnaDev_data_AnaTuple_run00010262_Playlist.root	5.981703040637969e+17	6.010343185467717e+17	1	18805		
FHC	data	1D	data10263	root://fndcadoor.fnal.gov:1095/pnfs/fnal.gov/usr/minerva/persistent/OpenData/MediumEnergy_FHC/Data/Playlist1D/MasterAnaDev_data_AnaTuple_run00010263_Playlist.root	5.4304807575321184e+17	5.430706871853311e+17	1	17030		
FHC	data	1D	data10264	root://fndcadoor.fnal.gov:1095/pnfs/fnal.gov/usr/minerva/persistent/OpenData/MediumEnergy_FHC/Data/Playlist1D/MasterAnaDev_data_AnaTuple_run00010264_Playlist.root	5.6570173926639565e+17	5.6856877349674906e+17	1	17745		
FHC	data	1D	data10265	root://fndcadoor.fnal.gov:1095/pnfs/fnal.gov/usr/minerva/persistent/OpenData/MediumEnergy_FHC/Data/Playlist1D/MasterAnaDev_data_AnaTuple_run00010265_Playlist.root	5.831315688734056e+17	5.831565912739039e+17	1	18207		
FHC	data	1D	data10266	root://fndcadoor.fnal.gov:1095/pnfs/fnal.gov/usr/minerva/persistent/OpenData/MediumEnergy_FHC/Data/Playlist1D/MasterAnaDev_data_AnaTuple_run00010266_Playlist.root	5.689038856720922e+17	5.743628532951755e+17	1	17575		
FHC	data	1D	data10267	root://fndcadoor.fnal.gov:1095/pnfs/fnal.gov/usr/minerva/persistent/OpenData/MediumEnergy_FHC/Data/Playlist1D/MasterAnaDev_data_AnaTuple_run00010267_Playlist.root	5.777640346837043e+17	5.77769833408324e+17	1	17890		
FHC	data	1D	data10268	root://fndcadoor.fnal.gov:1095/pnfs/fnal.gov/usr/minerva/persistent/OpenData/MediumEnergy_FHC/Data/Playlist1D/MasterAnaDev_data_AnaTuple_run00010268_Playlist.root	6.007130480747224e+17	6.038333519158724e+17	1	18490		
FHC	data	1D	data10269	root://fndcadoor.fnal.gov:1095/pnfs/fnal.gov/usr/minerva/persistent/OpenData/MediumEnergy_FHC/Data/Playlist1D/MasterAnaDev_data_AnaTuple_run00010269_Playlist.root	6.021597842402458e+17	6.022904198923153e+17	1	18537		
FHC	data	1D	data10270	root://fndcadoor.fnal.gov:1095/pnfs/fnal.gov/usr/minerva/persistent/OpenData/MediumEnergy_FHC/Data/Playlist1D/MasterAnaDev_data_AnaTuple_run00010270_Playlist.root	6.049450456004142e+17	6.080154138524431e+17	1	18878		
FHC	data	1D	data10271	root://fndcadoor.fnal.gov:1095/pnfs/fnal.gov/usr/minerva/persistent/OpenData/MediumEnergy_FHC/Data/Playlist1D/MasterAnaDev_data_AnaTuple_run00010271_Playlist.root	5.877244938087462e+17	5.917615946892709e+17	1	18460		
FHC	data	1D	data10272	root://fndcadoor.fnal.gov:1095/pnfs/fnal.gov/usr/minerva/persistent/OpenData/MediumEnergy_FHC/Data/Playlist1D/MasterAnaDev_data_AnaTuple_run00010272_Playlist.root	5.7285092846775046e+17	5.728514289355709e+17	1	18056		
FHC	data	1D	data10273	root://fndcadoor.fnal.gov:1095/pnfs/fnal.gov/usr/minerva/persistent/OpenData/MediumEnergy_FHC/Data/Playlist1D/MasterAnaDev_data_AnaTuple_run00010273_Playlist.root	5.90743795894623e+17	5.93400430630263e+17	1	18534		
FHC	data	1D	data10274	root://fndcadoor.fnal.gov:1095/pnfs/fnal.gov/usr/minerva/persistent/OpenData/MediumEnergy_FHC/Data/Playlist1D/MasterAnaDev_data_AnaTuple_run00010274_Playlist.root	5.5494889394998554e+17	5.549601273537265e+17	1	17074		
FHC	data	1D	data10275	root://fndcadoor.fnal.gov:1095/pnfs/fnal.gov/usr/minerva/persistent/OpenData/MediumEnergy_FHC/Data/Playlist1D/MasterAnaDev_data_AnaTuple_run00010275_Playlist.root	5.990135123758317e+17	6.021051275767532e+17	1	18370		
FHC	data	1D	data10276	root://fndcadoor.fnal.gov:1095/pnfs/fnal.gov/usr/minerva/persistent/OpenData/MediumEnergy_FHC/Data/Playlist1D/MasterAnaDev_data_AnaTuple_run00010276_Playlist.root	5.929864959020616e+17	5.929870085116814e+17	1	18553		
FHC	data	1D	data10277	root://fndcadoor.fnal.gov:1095/pnfs/fnal.gov/usr/minerva/persistent/OpenData/MediumEnergy_FHC/Data/Playlist1D/MasterAnaDev_data_AnaTuple_run00010277_Playlist.root	5.776513840250968e+17	5.806676585964389e+17	1	17946		
FHC	data	1D	data10278	root://fndcadoor.fnal.gov:1095/pnfs/fnal.gov/usr/minerva/persistent/OpenData/MediumEnergy_FHC/Data/Playlist1D/MasterAnaDev_data_AnaTuple_run00010278_Playlist.root	5.5869134086322784e+17	5.5869386529710957e+17	1	17151		
FHC	data	1D	data10279	root://fndcadoor.fnal.gov:1095/pnfs/fnal.gov/usr/minerva/persistent/OpenData/MediumEnergy_FHC/Data/Playlist1D/MasterAnaDev_data_AnaTuple_run00010279_Playlist.root	5.886896801509857e+17	5.920604130957603e+17	1	18607		
FHC	data	1D	data10280	root://fndcadoor.fnal.gov:1095/pnfs/fnal.gov/usr/minerva/persistent/OpenData/MediumEnergy_FHC/Data/Playlist1D/MasterAnaDev_data_AnaTuple_run00010280_Playlist.root	6.01160167906761e+17	6.011950955234808e+17	1	18738		
FHC	data	1D	data10281	root://fndcadoor.fnal.gov:1095/pnfs/fnal.gov/usr/minerva/persistent/OpenData/MediumEnergy_FHC/Data/Playlist1D/MasterAnaDev_data_AnaTuple_run00010281_Playlist.root	4.65584036919594e+17	4.6888758902753734e+17	1	14307		
FHC	data	1D	data10282	root://fndcadoor.fnal.gov:1095/pnfs/fnal.gov/usr/minerva/persistent/OpenData/MediumEnergy_FHC/Data/Playlist1D/MasterAnaDev_data_AnaTuple_run00010282_Playlist.root	3.6053036847114566e+17	3.605475434213197e+17	1	11089		
FHC	data	1D	data10283	root://fndcadoor.fnal.gov:1095/pnfs/fnal.gov/usr/minerva/persistent/OpenData/MediumEnergy_FHC/Data/Playlist1D/MasterAnaDev_data_AnaTuple_run00010283_Playlist.root	5.43485086827278e+17	5.434967048660011e+17	1	17110		
FHC	data	1D	data10284	root://fndcadoor.fnal.gov:1095/pnfs/fnal.gov/usr/minerva/persistent/OpenData/MediumEnergy_FHC/Data/Playlist1D/MasterAnaDev_data_AnaTuple_run00010284_Playlist.root	5.784249533700942e+17	5.815308457080005e+17	1	18143		
FHC	data	1D	data10285	root://fndcadoor.fnal.gov:1095/pnfs/fnal.gov/usr/minerva/persistent/OpenData/MediumEnergy_FHC/Data/Playlist1D/MasterAnaDev_data_AnaTuple_run00010285_Playlist.root	5.7270366847324384e+17	5.804545264001431e+17	1	17928		
FHC	data	1D	data10286	root://fndcadoor.fnal.gov:1095/pnfs/fnal.gov/usr/minerva/persistent/OpenData/MediumEnergy_FHC/Data/Playlist1D/MasterAnaDev_data_AnaTuple_run00010286_Playlist.root	5.62418686135292e+17	5.624417110366e+17	1	17628		
FHC	data	1D	data10287	root://fndcadoor.fnal.gov:1095/pnfs/fnal.gov/usr/minerva/persistent/OpenData/MediumEnergy_FHC/Data/Playlist1D/MasterAnaDev_data_AnaTuple_run00010287_Playlist.root	5.818837469387054e+17	6.009704224779313e+17	1	17915		
FHC	data	1D	data10288	root://fndcadoor.fnal.gov:1095/pnfs/fnal.gov/usr/minerva/persistent/OpenData/MediumEnergy_FHC/Data/Playlist1D/MasterAnaDev_data_AnaTuple_run00010288_Playlist.root	5.911597600822449e+17	5.940591164840833e+17	1	18622		
FHC	data	1D	data10289	root://fndcadoor.fnal.gov:1095/pnfs/fnal.gov/usr/minerva/persistent/OpenData/MediumEnergy_FHC/Data/Playlist1D/MasterAnaDev_data_AnaTuple_run00010289_Playlist.root	5.136982027091981e+17	5.137091938420672e+17	1	16014		
FHC	data	1D	data10290	root://fndcadoor.fnal.gov:1095/pnfs/fnal.gov/usr/minerva/persistent/OpenData/MediumEnergy_FHC/Data/Playlist1D/MasterAnaDev_data_AnaTuple_run00010290_Playlist.root	5.4404494362068166e+17	5.446674497854108e+17	1	16698		
FHC	data	1D	data10291	root://fndcadoor.fnal.gov:1095/pnfs/fnal.gov/usr/minerva/persistent/OpenData/MediumEnergy_FHC/Data/Playlist1D/MasterAnaDev_data_AnaTuple_run00010291_Playlist.root	5.893128025250435e+17	5.89314966598527e+17	1	18600		
FHC	data	1D	data10292	root://fndcadoor.fnal.gov:1095/pnfs/fnal.gov/usr/minerva/persistent/OpenData/MediumEnergy_FHC/Data/Playlist1D/MasterAnaDev_data_AnaTuple_run00010292_Playlist.root	5.321654831533433e+17	5.352047056472893e+17	1	16695		
FHC	data	1D	data10293	root://fndcadoor.fnal.gov:1095/pnfs/fnal.gov/usr/minerva/persistent/OpenData/MediumEnergy_FHC/Data/Playlist1D/MasterAnaDev_data_AnaTuple_run00010293_Playlist.root	5.861692456264497e+17	5.861705547856831e+17	1	18329		
FHC	data	1D	data10294	root://fndcadoor.fnal.gov:1095/pnfs/fnal.gov/usr/minerva/persistent/OpenData/MediumEnergy_FHC/Data/Playlist1D/MasterAnaDev_data_AnaTuple_run00010294_Playlist.root	5.957171194410323e+17	5.985100335274648e+17	1	18587		
FHC	data	1D	data10295	root://fndcadoor.fnal.gov:1095/pnfs/fnal.gov/usr/minerva/persistent/OpenData/MediumEnergy_FHC/Data/Playlist1D/MasterAnaDev_data_AnaTuple_run00010295_Playlist.root	5.534705228066444e+17	5.5660857325755366e+17	1	17347		
FHC	data	1D	data10296	root://fndcadoor.fnal.gov:1095/pnfs/fnal.gov/usr/minerva/persistent/OpenData/MediumEnergy_FHC/Data/Playlist1D/MasterAnaDev_data_AnaTuple_run00010296_Playlist.root	5.808450792074204e+17	5.808802607086683e+17	1	18148		
FHC	data	1D	data10297	root://fndcadoor.fnal.gov:1095/pnfs/fnal.gov/usr/minerva/persistent/OpenData/MediumEnergy_FHC/Data/Playlist1D/MasterAnaDev_data_AnaTuple_run00010297_Playlist.root	2.229564235744476e+17	2.2295633566534835e+17	1	6998		
FHC	data	1D	data10298	root://fndcadoor.fnal.gov:1095/pnfs/fnal.gov/usr/minerva/persistent/OpenData/MediumEnergy_FHC/Data/Playlist1D/MasterAnaDev_data_AnaTuple_run00010298_Playlist.root	5.1760929925727846e+17	5.630180782355239e+17	1	15956		
FHC	data	1D	data10299	root://fndcadoor.fnal.gov:1095/pnfs/fnal.gov/usr/minerva/persistent/OpenData/MediumEnergy_FHC/Data/Playlist1D/MasterAnaDev_data_AnaTuple_run00010299_Playlist.root	5.904302051439284e+17	5.932331277072081e+17	1	18541		
FHC	data	1D	data10300	root://fndcadoor.fnal.gov:1095/pnfs/fnal.gov/usr/minerva/persistent/OpenData/MediumEnergy_FHC/Data/Playlist1D/MasterAnaDev_data_AnaTuple_run00010300_Playlist.root	5.638534085869788e+17	5.638941736893678e+17	1	17541		
FHC	data	1D	data10301	root://fndcadoor.fnal.gov:1095/pnfs/fnal.gov/usr/minerva/persistent/OpenData/MediumEnergy_FHC/Data/Playlist1D/MasterAnaDev_data_AnaTuple_run00010301_Playlist.root	6.033393259868623e+17	6.064658018588174e+17	1	18747		
FHC	data	1D	data10302	root://fndcadoor.fnal.gov:1095/pnfs/fnal.gov/usr/minerva/persistent/OpenData/MediumEnergy_FHC/Data/Playlist1D/MasterAnaDev_data_AnaTuple_run00010302_Playlist.root	6.11109886522293e+17	6.111118594050939e+17	1	19263		
FHC	data	1D	data10303	root://fndcadoor.fnal.gov:1095/pnfs/fnal.gov/usr/minerva/persistent/OpenData/MediumEnergy_FHC/Data/Playlist1D/MasterAnaDev_data_AnaTuple_run00010303_Playlist.root	5.935218245277407e+17	5.964973086515882e+17	1	18547		
FHC	data	1D	data10304	root://fndcadoor.fnal.gov:1095/pnfs/fnal.gov/usr/minerva/persistent/OpenData/MediumEnergy_FHC/Data/Playlist1D/MasterAnaDev_data_AnaTuple_run00010304_Playlist.root	4.000172924246788e+17	4.000361030869885e+17	1	12385		
FHC	data	1D	data10305	root://fndcadoor.fnal.gov:1095/pnfs/fnal.gov/usr/minerva/persistent/OpenData/MediumEnergy_FHC/Data/Playlist1D/MasterAnaDev_data_AnaTuple_run00010305_Playlist.root	5.7381446443367e+17	5.766163486497706e+17	1	17765		
FHC	data	1D	data10306	root://fndcadoor.fnal.gov:1095/pnfs/fnal.gov/usr/minerva/persistent/OpenData/MediumEnergy_FHC/Data/Playlist1D/MasterAnaDev_data_AnaTuple_run00010306_Playlist.root	5.630703969850541e+17	5.630845183387037e+17	1	17532		
FHC	data	1D	data10307	root://fndcadoor.fnal.gov:1095/pnfs/fnal.gov/usr/minerva/persistent/OpenData/MediumEnergy_FHC/Data/Playlist1D/MasterAnaDev_data_AnaTuple_run00010307_Playlist.root	4.860341912965775e+17	4.8606698522808934e+17	1	15350		
FHC	data	1D	data10308	root://fndcadoor.fnal.gov:1095/pnfs/fnal.gov/usr/minerva/persistent/OpenData/MediumEnergy_FHC/Data/Playlist1D/MasterAnaDev_data_AnaTuple_run00010308_Playlist.root	5.596781205272673e+17	5.627640167429287e+17	1	17269		
FHC	data	1D	data10309	root://fndcadoor.fnal.gov:1095/pnfs/fnal.gov/usr/minerva/persistent/OpenData/MediumEnergy_FHC/Data/Playlist1D/MasterAnaDev_data_AnaTuple_run00010309_Playlist.root	5.5149903522014624e+17	5.75427826240787e+17	1	17118		
FHC	data	1D	data10310	root://fndcadoor.fnal.gov:1095/pnfs/fnal.gov/usr/minerva/persistent/OpenData/MediumEnergy_FHC/Data/Playlist1D/MasterAnaDev_data_AnaTuple_run00010310_Playlist.root	5.6542507030391686e+17	5.6545144795742464e+17	1	17758		
FHC	data	1D	data10311	root://fndcadoor.fnal.gov:1095/pnfs/fnal.gov/usr/minerva/persistent/OpenData/MediumEnergy_FHC/Data/Playlist1D/MasterAnaDev_data_AnaTuple_run00010311_Playlist.root	5.35434790316105e+17	5.3668891493594246e+17	1	16626		
FHC	data	1D	data10312	root://fndcadoor.fnal.gov:1095/pnfs/fnal.gov/usr/minerva/persistent/OpenData/MediumEnergy_FHC/Data/Playlist1D/MasterAnaDev_data_AnaTuple_run00010312_Playlist.root	5.378550607275963e+17	5.3788561818938643e+17	1	17007		
FHC	data	1D	data10313	root://fndcadoor.fnal.gov:1095/pnfs/fnal.gov/usr/minerva/persistent/OpenData/MediumEnergy_FHC/Data/Playlist1D/MasterAnaDev_data_AnaTuple_run00010313_Playlist.root	4.907035680618285e+17	4.937541866427367e+17	1	15307		
FHC	data	1D	data10314	root://fndcadoor.fnal.gov:1095/pnfs/fnal.gov/usr/minerva/persistent/OpenData/MediumEnergy_FHC/Data/Playlist1D/MasterAnaDev_data_AnaTuple_run00010314_Playlist.root	5.3771235759687424e+17	5.3776737971850086e+17	1	16924		
FHC	data	1D	data10315	root://fndcadoor.fnal.gov:1095/pnfs/fnal.gov/usr/minerva/persistent/OpenData/MediumEnergy_FHC/Data/Playlist1D/MasterAnaDev_data_AnaTuple_run00010315_Playlist.root	5.5382405383443834e+17	5.56716967306215e+17	1	17197		
FHC	data	1D	data10316	root://fndcadoor.fnal.gov:1095/pnfs/fnal.gov/usr/minerva/persistent/OpenData/MediumEnergy_FHC/Data/Playlist1D/MasterAnaDev_data_AnaTuple_run00010316_Playlist.root	5.611932346086502e+17	5.641672044623887e+17	1	17574		
FHC	data	1D	data10317	root://fndcadoor.fnal.gov:1095/pnfs/fnal.gov/usr/minerva/persistent/OpenData/MediumEnergy_FHC/Data/Playlist1D/MasterAnaDev_data_AnaTuple_run00010317_Playlist.root	5.0634138964653005e+17	5.0637031839153517e+17	1	15774		
FHC	data	1D	data10318	root://fndcadoor.fnal.gov:1095/pnfs/fnal.gov/usr/minerva/persistent/OpenData/MediumEnergy_FHC/Data/Playlist1D/MasterAnaDev_data_AnaTuple_run00010318_Playlist.root	3.487422772445678e+17	3.512762625754176e+17	1	11046		
FHC	data	1D	data10319	root://fndcadoor.fnal.gov:1095/pnfs/fnal.gov/usr/minerva/persistent/OpenData/MediumEnergy_FHC/Data/Playlist1D/MasterAnaDev_data_AnaTuple_run00010319_Playlist.root	1.5034675384044646e+17	1.5034698560876262e+17	1	4816		
FHC	data	1D	data10332	root://fndcadoor.fnal.gov:1095/pnfs/fnal.gov/usr/minerva/persistent/OpenData/MediumEnergy_FHC/Data/Playlist1D/MasterAnaDev_data_AnaTuple_run00010332_Playlist.root	2.9181723180294035e+17	3.284192797065119e+17	1	9487		
FHC	data	1D	data10333	root://fndcadoor.fnal.gov:1095/pnfs/fnal.gov/usr/minerva/persistent/OpenData/MediumEnergy_FHC/Data/Playlist1D/MasterAnaDev_data_AnaTuple_run00010333_Playlist.root	5.245394953312875e+17	5.2654522822230624e+17	1	16300		
FHC	data	1D	data10334	root://fndcadoor.fnal.gov:1095/pnfs/fnal.gov/usr/minerva/persistent/OpenData/MediumEnergy_FHC/Data/Playlist1D/MasterAnaDev_data_AnaTuple_run00010334_Playlist.root	4.75306578623295e+17	4.755490964435101e+17	1	14896		
FHC	data	1D	data10335	root://fndcadoor.fnal.gov:1095/pnfs/fnal.gov/usr/minerva/persistent/OpenData/MediumEnergy_FHC/Data/Playlist1D/MasterAnaDev_data_AnaTuple_run00010335_Playlist.root	5.158372435851097e+17	5.185884710333924e+17	1	16328		
FHC	data	1D	data10336	root://fndcadoor.fnal.gov:1095/pnfs/fnal.gov/usr/minerva/persistent/OpenData/MediumEnergy_FHC/Data/Playlist1D/MasterAnaDev_data_AnaTuple_run00010336_Playlist.root	5.7013056728839885e+17	5.730376852280894e+17	1	17949		
FHC	data	1D	data10337	root://fndcadoor.fnal.gov:1095/pnfs/fnal.gov/usr/minerva/persistent/OpenData/MediumEnergy_FHC/Data/Playlist1D/MasterAnaDev_data_AnaTuple_run00010337_Playlist.root	5.589932740316392e+17	5.590201077492935e+17	1	17733		
FHC	data	1D	data10338	root://fndcadoor.fnal.gov:1095/pnfs/fnal.gov/usr/minerva/persistent/OpenData/MediumEnergy_FHC/Data/Playlist1D/MasterAnaDev_data_AnaTuple_run00010338_Playlist.root	5.247093847265243e+17	5.292595914610336e+17	1	16560		
FHC	data	1D	data10339	root://fndcadoor.fnal.gov:1095/pnfs/fnal.gov/usr/minerva/persistent/OpenData/MediumEnergy_FHC/Data/Playlist1D/MasterAnaDev_data_AnaTuple_run00010339_Playlist.root	5.625747450180055e+17	5.625782411965584e+17	1	17449		
FHC	data	1D	data10340	root://fndcadoor.fnal.gov:1095/pnfs/fnal.gov/usr/minerva/persistent/OpenData/MediumEnergy_FHC/Data/Playlist1D/MasterAnaDev_data_AnaTuple_run00010340_Playlist.root	9.20511119720459e+17	9.260551354417829e+17	1	28704		
FHC	data	1D	data10341	root://fndcadoor.fnal.gov:1095/pnfs/fnal.gov/usr/minerva/persistent/OpenData/MediumEnergy_FHC/Data/Playlist1D/MasterAnaDev_data_AnaTuple_run00010341_Playlist.root	5.809484066500664e+17	5.849667768550774e+17	1	18322		
FHC	data	1D	data10342	root://fndcadoor.fnal.gov:1095/pnfs/fnal.gov/usr/minerva/persistent/OpenData/MediumEnergy_FHC/Data/Playlist1D/MasterAnaDev_data_AnaTuple_run00010342_Playlist.root	5.4792474874877926e+17	5.4798286362913146e+17	1	16995		
FHC	data	1D	data10343	root://fndcadoor.fnal.gov:1095/pnfs/fnal.gov/usr/minerva/persistent/OpenData/MediumEnergy_FHC/Data/Playlist1D/MasterAnaDev_data_AnaTuple_run00010343_Playlist.root	5.441982812132834e+17	5.4716042689778144e+17	1	16917		
FHC	data	1D	data10344	root://fndcadoor.fnal.gov:1095/pnfs/fnal.gov/usr/minerva/persistent/OpenData/MediumEnergy_FHC/Data/Playlist1D/MasterAnaDev_data_AnaTuple_run00010344_Playlist.root	7.006538832230566e+17	7.043567779545876e+17	1	21812		
FHC	data	1D	data10345	root://fndcadoor.fnal.gov:1095/pnfs/fnal.gov/usr/minerva/persistent/OpenData/MediumEnergy_FHC/Data/Playlist1D/MasterAnaDev_data_AnaTuple_run00010345_Playlist.root	5.783304281306268e+17	5.783400513250776e+17	1	18057		
FHC	data	1D	data10346	root://fndcadoor.fnal.gov:1095/pnfs/fnal.gov/usr/minerva/persistent/OpenData/MediumEnergy_FHC/Data/Playlist1D/MasterAnaDev_data_AnaTuple_run00010346_Playlist.root	5.7540257705020896e+17	5.784284896123583e+17	1	18005		
FHC	data	1D	data10347	root://fndcadoor.fnal.gov:1095/pnfs/fnal.gov/usr/minerva/persistent/OpenData/MediumEnergy_FHC/Data/Playlist1D/MasterAnaDev_data_AnaTuple_run00010347_Playlist.root	5.991672439308165e+17	5.991922408306488e+17	1	18593		
FHC	data	1D	data10348	root://fndcadoor.fnal.gov:1095/pnfs/fnal.gov/usr/minerva/persistent/OpenData/MediumEnergy_FHC/Data/Playlist1D/MasterAnaDev_data_AnaTuple_run00010348_Playlist.root	4.4188682506752006e+17	4.477418047552109e+17	1	13736		
FHC	data	1D	data10349	root://fndcadoor.fnal.gov:1095/pnfs/fnal.gov/usr/minerva/persistent/OpenData/MediumEnergy_FHC/Data/Playlist1D/MasterAnaDev_data_AnaTuple_run00010349_Playlist.root	5.970435382986068e+17	5.970800877726701e+17	1	18735		
FHC	data	1D	data10350	root://fndcadoor.fnal.gov:1095/pnfs/fnal.gov/usr/minerva/persistent/OpenData/MediumEnergy_FHC/Data/Playlist1D/MasterAnaDev_data_AnaTuple_run00010350_Playlist.root	7.146934653558732e+17	7.165426749539132e+17	1	22403		
FHC	data	1D	data10351	root://fndcadoor.fnal.gov:1095/pnfs/fnal.gov/usr/minerva/persistent/OpenData/MediumEnergy_FHC/Data/Playlist1D/MasterAnaDev_data_AnaTuple_run00010351_Playlist.root	2.1615659603118896e+17	2.161595833245922e+17	1	6805		
FHC	data	1D	data10353	root://fndcadoor.fnal.gov:1095/pnfs/fnal.gov/usr/minerva/persistent/OpenData/MediumEnergy_FHC/Data/Playlist1D/MasterAnaDev_data_AnaTuple_run00010353_Playlist.root	5.3913571040725715e+17	5.420741242503489e+17	1	16756		
FHC	data	1D	data10354	root://fndcadoor.fnal.gov:1095/pnfs/fnal.gov/usr/minerva/persistent/OpenData/MediumEnergy_FHC/Data/Playlist1D/MasterAnaDev_data_AnaTuple_run00010354_Playlist.root	5.65452371418953e+17	5.654573383073393e+17	1	17693		
FHC	data	1D	data10355	root://fndcadoor.fnal.gov:1095/pnfs/fnal.gov/usr/minerva/persistent/OpenData/MediumEnergy_FHC/Data/Playlist1D/MasterAnaDev_data_AnaTuple_run00010355_Playlist.root	5.859857698721885e+17	5.889564761050972e+17	1	18239		
FHC	data	1D	data10356	root://fndcadoor.fnal.gov:1095/pnfs/fnal.gov/usr/minerva/persistent/OpenData/MediumEnergy_FHC/Data/Playlist1D/MasterAnaDev_data_AnaTuple_run00010356_Playlist.root	4.5021102305698394e+17	4.50216433647271e+17	1	14057		
FHC	data	1D	data10357	root://fndcadoor.fnal.gov:1095/pnfs/fnal.gov/usr/minerva/persistent/OpenData/MediumEnergy_FHC/Data/Playlist1D/MasterAnaDev_data_AnaTuple_run00010357_Playlist.root	1433658898353576.8	1.9983883796467676e+16	1	32		
FHC	data	1D	data10358	root://fndcadoor.fnal.gov:1095/pnfs/fnal.gov/usr/minerva/persistent/OpenData/MediumEnergy_FHC/Data/Playlist1D/MasterAnaDev_data_AnaTuple_run00010358_Playlist.root	5.6022791146755206e+17	5.6076914854161914e+17	1	17690		
FHC	data	1D	data10359	root://fndcadoor.fnal.gov:1095/pnfs/fnal.gov/usr/minerva/persistent/OpenData/MediumEnergy_FHC/Data/Playlist1D/MasterAnaDev_data_AnaTuple_run00010359_Playlist.root	5.6449655941915514e+17	5.6854123067795475e+17	1	17609		
FHC	data	1D	data10360	root://fndcadoor.fnal.gov:1095/pnfs/fnal.gov/usr/minerva/persistent/OpenData/MediumEnergy_FHC/Data/Playlist1D/MasterAnaDev_data_AnaTuple_run00010360_Playlist.root	5.835752231097221e+17	5.835749248996215e+17	1	18464		
FHC	data	1D	data10361	root://fndcadoor.fnal.gov:1095/pnfs/fnal.gov/usr/minerva/persistent/OpenData/MediumEnergy_FHC/Data/Playlist1D/MasterAnaDev_data_AnaTuple_run00010361_Playlist.root	5.5242161280775066e+17	5.554358024695867e+17	1	17297		
FHC	data	1D	data10362	root://fndcadoor.fnal.gov:1095/pnfs/fnal.gov/usr/minerva/persistent/OpenData/MediumEnergy_FHC/Data/Playlist1D/MasterAnaDev_data_AnaTuple_run00010362_Playlist.root	5.6910590852499e+17	5.70481649258363e+17	1	17935		
FHC	data	1D	data10363	root://fndcadoor.fnal.gov:1095/pnfs/fnal.gov/usr/minerva/persistent/OpenData/MediumEnergy_FHC/Data/Playlist1D/MasterAnaDev_data_AnaTuple_run00010363_Playlist.root	5.705874595575332e+17	5.799371791307529e+17	1	17599		
FHC	data	1D	data10364	root://fndcadoor.fnal.gov:1095/pnfs/fnal.gov/usr/minerva/persistent/OpenData/MediumEnergy_FHC/Data/Playlist1D/MasterAnaDev_data_AnaTuple_run00010364_Playlist.root	5.7010809231758125e+17	5.701255860047299e+17	1	17769		
FHC	data	1D	data10365	root://fndcadoor.fnal.gov:1095/pnfs/fnal.gov/usr/minerva/persistent/OpenData/MediumEnergy_FHC/Data/Playlist1D/MasterAnaDev_data_AnaTuple_run00010365_Playlist.root	5.1435540592002874e+17	5.171167255047629e+17	1	16389		
FHC	data	1D	data10366	root://fndcadoor.fnal.gov:1095/pnfs/fnal.gov/usr/minerva/persistent/OpenData/MediumEnergy_FHC/Data/Playlist1D/MasterAnaDev_data_AnaTuple_run00010366_Playlist.root	5.561724040632248e+17	5.561725797108015e+17	1	17670		
FHC	data	1D	data10367	root://fndcadoor.fnal.gov:1095/pnfs/fnal.gov/usr/minerva/persistent/OpenData/MediumEnergy_FHC/Data/Playlist1D/MasterAnaDev_data_AnaTuple_run00010367_Playlist.root	5.9617300891876216e+16	5.9617348362516024e+16	1	1858		
FHC	data	1D	data10368	root://fndcadoor.fnal.gov:1095/pnfs/fnal.gov/usr/minerva/persistent/OpenData/MediumEnergy_FHC/Data/Playlist1D/MasterAnaDev_data_AnaTuple_run00010368_Playlist.root	1336304759979248.0	1615848203085013.8	1	42		
FHC	data	1D	data10369	root://fndcadoor.fnal.gov:1095/pnfs/fnal.gov/usr/minerva/persistent/OpenData/MediumEnergy_FHC/Data/Playlist1D/MasterAnaDev_data_AnaTuple_run00010369_Playlist.root	5.832377944159506e+17	5.855534003728001e+17	1	18292		
FHC	data	1D	data10370	root://fndcadoor.fnal.gov:1095/pnfs/fnal.gov/usr/minerva/persistent/OpenData/MediumEnergy_FHC/Data/Playlist1D/MasterAnaDev_data_AnaTuple_run00010370_Playlist.root	5.4497759491157536e+17	5.5088494693145235e+17	1	17010		
FHC	data	1D	data10371	root://fndcadoor.fnal.gov:1095/pnfs/fnal.gov/usr/minerva/persistent/OpenData/MediumEnergy_FHC/Data/Playlist1D/MasterAnaDev_data_AnaTuple_run00010371_Playlist.root	1.7523452903747558e+16	1.7523471260080812e+16	1	547		
FHC	data	1D	data10372	root://fndcadoor.fnal.gov:1095/pnfs/fnal.gov/usr/minerva/persistent/OpenData/MediumEnergy_FHC/Data/Playlist1D/MasterAnaDev_data_AnaTuple_run00010372_Playlist.root	3.969464850468636e+17	5.552651856179779e+17	1	12396		
FHC	data	1D	data10373	root://fndcadoor.fnal.gov:1095/pnfs/fnal.gov/usr/minerva/persistent/OpenData/MediumEnergy_FHC/Data/Playlist1D/MasterAnaDev_data_AnaTuple_run00010373_Playlist.root	3.281474164876937e+17	3.3121319474116e+17	1	10222		
FHC	data	1D	data10374	root://fndcadoor.fnal.gov:1095/pnfs/fnal.gov/usr/minerva/persistent/OpenData/MediumEnergy_FHC/Data/Playlist1D/MasterAnaDev_data_AnaTuple_run00010374_Playlist.root	1143815054893493.8	1233860123679041.8	1	35		
FHC	data	1D	data10375	root://fndcadoor.fnal.gov:1095/pnfs/fnal.gov/usr/minerva/persistent/OpenData/MediumEnergy_FHC/Data/Playlist1D/MasterAnaDev_data_AnaTuple_run00010375_Playlist.root	5.449637132139205e+17	5.44968379045563e+17	1	16994		
FHC	data	1D	data10376	root://fndcadoor.fnal.gov:1095/pnfs/fnal.gov/usr/minerva/persistent/OpenData/MediumEnergy_FHC/Data/Playlist1D/MasterAnaDev_data_AnaTuple_run00010376_Playlist.root	5.599031909046173e+17	5.5990762186879974e+17	1	17435		
FHC	data	1D	data10377	root://fndcadoor.fnal.gov:1095/pnfs/fnal.gov/usr/minerva/persistent/OpenData/MediumEnergy_FHC/Data/Playlist1D/MasterAnaDev_data_AnaTuple_run00010377_Playlist.root	6.000701843061446e+17	6.03717290470639e+17	1	18894		
FHC	data	1D	data10378	root://fndcadoor.fnal.gov:1095/pnfs/fnal.gov/usr/minerva/persistent/OpenData/MediumEnergy_FHC/Data/Playlist1D/MasterAnaDev_data_AnaTuple_run00010378_Playlist.root	5.845406207923891e+17	5.878755177533279e+17	1	18234		
FHC	data	1D	data10379	root://fndcadoor.fnal.gov:1095/pnfs/fnal.gov/usr/minerva/persistent/OpenData/MediumEnergy_FHC/Data/Playlist1D/MasterAnaDev_data_AnaTuple_run00010379_Playlist.root	5.825875895843507e+17	5.826196051495201e+17	1	18017		
FHC	data	1D	data10380	root://fndcadoor.fnal.gov:1095/pnfs/fnal.gov/usr/minerva/persistent/OpenData/MediumEnergy_FHC/Data/Playlist1D/MasterAnaDev_data_AnaTuple_run00010380_Playlist.root	5.376946593179703e+17	5.4029059552248256e+17	1	16876		
FHC	data	1D	data10381	root://fndcadoor.fnal.gov:1095/pnfs/fnal.gov/usr/minerva/persistent/OpenData/MediumEnergy_FHC/Data/Playlist1D/MasterAnaDev_data_AnaTuple_run00010381_Playlist.root	5.832130315876006e+17	5.862257903496851e+17	1	18260		
FHC	data	1D	data10382	root://fndcadoor.fnal.gov:1095/pnfs/fnal.gov/usr/minerva/persistent/OpenData/MediumEnergy_FHC/Data/Playlist1D/MasterAnaDev_data_AnaTuple_run00010382_Playlist.root	5.3985663174152384e+17	5.434404191759776e+17	1	16778		
FHC	data	1D	data10383	root://fndcadoor.fnal.gov:1095/pnfs/fnal.gov/usr/minerva/persistent/OpenData/MediumEnergy_FHC/Data/Playlist1D/MasterAnaDev_data_AnaTuple_run00010383_Playlist.root	3.176618786239624e+17	3.327302875081901e+17	1	9943		
FHC	data	1D	data10385	root://fndcadoor.fnal.gov:1095/pnfs/fnal.gov/usr/minerva/persistent/OpenData/MediumEnergy_FHC/Data/Playlist1D/MasterAnaDev_data_AnaTuple_run00010385_Playlist.root	0.0	114012252201559.02	1	0		
FHC	data	1D	data10386	root://fndcadoor.fnal.gov:1095/pnfs/fnal.gov/usr/minerva/persistent/OpenData/MediumEnergy_FHC/Data/Playlist1D/MasterAnaDev_data_AnaTuple_run00010386_Playlist.root	3.7069154780244826e+17	3.7591497581108717e+17	1	11614		
FHC	data	1D	data10387	root://fndcadoor.fnal.gov:1095/pnfs/fnal.gov/usr/minerva/persistent/OpenData/MediumEnergy_FHC/Data/Playlist1D/MasterAnaDev_data_AnaTuple_run00010387_Playlist.root	4.9162764234447475e+17	5.3970790974255066e+17	1	15274		
FHC	data	1D	data10388	root://fndcadoor.fnal.gov:1095/pnfs/fnal.gov/usr/minerva/persistent/OpenData/MediumEnergy_FHC/Data/Playlist1D/MasterAnaDev_data_AnaTuple_run00010388_Playlist.root	5.7548269584608083e+17	5.789891416630732e+17	1	17899		
FHC	data	1D	data10389	root://fndcadoor.fnal.gov:1095/pnfs/fnal.gov/usr/minerva/persistent/OpenData/MediumEnergy_FHC/Data/Playlist1D/MasterAnaDev_data_AnaTuple_run00010389_Playlist.root	2.2277193603801728e+17	2.2278315877220557e+17	1	6938		
FHC	data	1D	data10390	root://fndcadoor.fnal.gov:1095/pnfs/fnal.gov/usr/minerva/persistent/OpenData/MediumEnergy_FHC/Data/Playlist1D/MasterAnaDev_data_AnaTuple_run00010390_Playlist.root	5.825458518357276e+17	5.855963811700844e+17	1	18261		
FHC	data	1D	data10391	root://fndcadoor.fnal.gov:1095/pnfs/fnal.gov/usr/minerva/persistent/OpenData/MediumEnergy_FHC/Data/Playlist1D/MasterAnaDev_data_AnaTuple_run00010391_Playlist.root	5.61737269115448e+17	5.6175274286683514e+17	1	17453		
FHC	data	1D	data10392	root://fndcadoor.fnal.gov:1095/pnfs/fnal.gov/usr/minerva/persistent/OpenData/MediumEnergy_FHC/Data/Playlist1D/MasterAnaDev_data_AnaTuple_run00010392_Playlist.root	6.148490363578796e+17	6.204481251626542e+17	1	18936		
FHC	data	1D	data10393	root://fndcadoor.fnal.gov:1095/pnfs/fnal.gov/usr/minerva/persistent/OpenData/MediumEnergy_FHC/Data/Playlist1D/MasterAnaDev_data_AnaTuple_run00010393_Playlist.root	6.118291915044785e+17	6.147942999772823e+17	1	19087		
FHC	data	1D	data10394	root://fndcadoor.fnal.gov:1095/pnfs/fnal.gov/usr/minerva/persistent/OpenData/MediumEnergy_FHC/Data/Playlist1D/MasterAnaDev_data_AnaTuple_run00010394_Playlist.root	5.936319640092849e+17	5.936358688258e+17	1	18399		
FHC	data	1D	data10395	root://fndcadoor.fnal.gov:1095/pnfs/fnal.gov/usr/minerva/persistent/OpenData/MediumEnergy_FHC/Data/Playlist1D/MasterAnaDev_data_AnaTuple_run00010395_Playlist.root	5.476339065055849e+17	5.590207061514167e+17	1	17358		
FHC	data	1D	data10396	root://fndcadoor.fnal.gov:1095/pnfs/fnal.gov/usr/minerva/persistent/OpenData/MediumEnergy_FHC/Data/Playlist1D/MasterAnaDev_data_AnaTuple_run00010396_Playlist.root	5.6458546110343936e+17	5.646438001705916e+17	1	17700		
FHC	data	1D	data10397	root://fndcadoor.fnal.gov:1095/pnfs/fnal.gov/usr/minerva/persistent/OpenData/MediumEnergy_FHC/Data/Playlist1D/MasterAnaDev_data_AnaTuple_run00010397_Playlist.root	5.822781048164369e+17	5.867782532712058e+17	1	18312		
FHC	data	1D	data10398	root://fndcadoor.fnal.gov:1095/pnfs/fnal.gov/usr/minerva/persistent/OpenData/MediumEnergy_FHC/Data/Playlist1D/MasterAnaDev_data_AnaTuple_run00010398_Playlist.root	5.860663417949677e+17	5.860752010323598e+17	1	18280		
FHC	data	1D	data10399	root://fndcadoor.fnal.gov:1095/pnfs/fnal.gov/usr/minerva/persistent/OpenData/MediumEnergy_FHC/Data/Playlist1D/MasterAnaDev_data_AnaTuple_run00010399_Playlist.root	4.0600332285594944e+17	4.0985117205149216e+17	1	12724		
FHC	data	1D	data10400	root://fndcadoor.fnal.gov:1095/pnfs/fnal.gov/usr/minerva/persistent/OpenData/MediumEnergy_FHC/Data/Playlist1D/MasterAnaDev_data_AnaTuple_run00010400_Playlist.root	5.591301739878656e+17	5.6053228782499437e+17	1	17492		
FHC	data	1D	data10401	root://fndcadoor.fnal.gov:1095/pnfs/fnal.gov/usr/minerva/persistent/OpenData/MediumEnergy_FHC/Data/Playlist1D/MasterAnaDev_data_AnaTuple_run00010401_Playlist.root	5.869420115470886e+16	6.607745382663189e+16	1	1814		
FHC	data	1D	data10402	root://fndcadoor.fnal.gov:1095/pnfs/fnal.gov/usr/minerva/persistent/OpenData/MediumEnergy_FHC/Data/Playlist1D/MasterAnaDev_data_AnaTuple_run00010402_Playlist.root	5.472784895954132e+17	5.641842736602704e+17	1	17050		
FHC	data	1D	data10403	root://fndcadoor.fnal.gov:1095/pnfs/fnal.gov/usr/minerva/persistent/OpenData/MediumEnergy_FHC/Data/Playlist1D/MasterAnaDev_data_AnaTuple_run00010403_Playlist.root	5.909704969272614e+17	5.909776926653541e+17	1	18300		
FHC	data	1D	data10404	root://fndcadoor.fnal.gov:1095/pnfs/fnal.gov/usr/minerva/persistent/OpenData/MediumEnergy_FHC/Data/Playlist1D/MasterAnaDev_data_AnaTuple_run00010404_Playlist.root	6.044620565776826e+17	6.075759059677495e+17	1	18873		
FHC	data	1D	data10405	root://fndcadoor.fnal.gov:1095/pnfs/fnal.gov/usr/minerva/persistent/OpenData/MediumEnergy_FHC/Data/Playlist1D/MasterAnaDev_data_AnaTuple_run00010405_Playlist.root	5.925736932435036e+17	5.955562216984082e+17	1	18328		
FHC	data	1D	data10406	root://fndcadoor.fnal.gov:1095/pnfs/fnal.gov/usr/minerva/persistent/OpenData/MediumEnergy_FHC/Data/Playlist1D/MasterAnaDev_data_AnaTuple_run00010406_Playlist.root	5.864137779598236e+17	5.864143335036613e+17	1	18376		
FHC	data	1D	data10407	root://fndcadoor.fnal.gov:1095/pnfs/fnal.gov/usr/minerva/persistent/OpenData/MediumEnergy_FHC/Data/Playlist1D/MasterAnaDev_data_AnaTuple_run00010407_Playlist.root	5.7434189720535277e+17	5.774991412557597e+17	1	17979		
FHC	data	1D	data10408	root://fndcadoor.fnal.gov:1095/pnfs/fnal.gov/usr/minerva/persistent/OpenData/MediumEnergy_FHC/Data/Playlist1D/MasterAnaDev_data_AnaTuple_run00010408_Playlist.root	5.934138017206193e+17	5.934147208147788e+17	1	18669		
FHC	data	1D	data10409	root://fndcadoor.fnal.gov:1095/pnfs/fnal.gov/usr/minerva/persistent/OpenData/MediumEnergy_FHC/Data/Playlist1D/MasterAnaDev_data_AnaTuple_run00010409_Playlist.root	6.008278063240051e+17	6.038866121297435e+17	1	18620		
FHC	data	1D	data10410	root://fndcadoor.fnal.gov:1095/pnfs/fnal.gov/usr/minerva/persistent/OpenData/MediumEnergy_FHC/Data/Playlist1D/MasterAnaDev_data_AnaTuple_run00010410_Playlist.root	5.927741408863067e+17	5.927788249486557e+17	1	18399		
FHC	data	1D	data10411	root://fndcadoor.fnal.gov:1095/pnfs/fnal.gov/usr/minerva/persistent/OpenData/MediumEnergy_FHC/Data/Playlist1D/MasterAnaDev_data_AnaTuple_run00010411_Playlist.root	5.31505264432907e+17	5.31573358159706e+17	1	16682		
FHC	data	1D	data10412	root://fndcadoor.fnal.gov:1095/pnfs/fnal.gov/usr/minerva/persistent/OpenData/MediumEnergy_FHC/Data/Playlist1D/MasterAnaDev_data_AnaTuple_run00010412_Playlist.root	5.7635780984687814e+17	5.763887459137355e+17	1	18069		
FHC	data	1D	data10413	root://fndcadoor.fnal.gov:1095/pnfs/fnal.gov/usr/minerva/persistent/OpenData/MediumEnergy_FHC/Data/Playlist1D/MasterAnaDev_data_AnaTuple_run00010413_Playlist.root	5.786136326246263e+17	6.087549592087345e+17	1	18032		
FHC	data	1D	data10414	root://fndcadoor.fnal.gov:1095/pnfs/fnal.gov/usr/minerva/persistent/OpenData/MediumEnergy_FHC/Data/Playlist1D/MasterAnaDev_data_AnaTuple_run00010414_Playlist.root	4.5554133330345146e+17	4.804007292333835e+17	1	14140		
FHC	data	1D	data10415	root://fndcadoor.fnal.gov:1095/pnfs/fnal.gov/usr/minerva/persistent/OpenData/MediumEnergy_FHC/Data/Playlist1D/MasterAnaDev_data_AnaTuple_run00010415_Playlist.root	5.801722283105848e+17	5.820017413484998e+17	1	18003		
FHC	data	1D	data10416	root://fndcadoor.fnal.gov:1095/pnfs/fnal.gov/usr/minerva/persistent/OpenData/MediumEnergy_FHC/Data/Playlist1D/MasterAnaDev_data_AnaTuple_run00010416_Playlist.root	6.157431411700248e+17	6.157502938699034e+17	1	19083		
FHC	data	1D	data10417	root://fndcadoor.fnal.gov:1095/pnfs/fnal.gov/usr/minerva/persistent/OpenData/MediumEnergy_FHC/Data/Playlist1D/MasterAnaDev_data_AnaTuple_run00010417_Playlist.root	6.374534203300475e+17	6.405813187984298e+17	1	19849		
FHC	data	1D	data10418	root://fndcadoor.fnal.gov:1095/pnfs/fnal.gov/usr/minerva/persistent/OpenData/MediumEnergy_FHC/Data/Playlist1D/MasterAnaDev_data_AnaTuple_run00010418_Playlist.root	5.629112384018897e+17	5.629183561388493e+17	1	17322		
FHC	data	1D	data10419	root://fndcadoor.fnal.gov:1095/pnfs/fnal.gov/usr/minerva/persistent/OpenData/MediumEnergy_FHC/Data/Playlist1D/MasterAnaDev_data_AnaTuple_run00010419_Playlist.root	5.746001858582495e+17	5.776485864684008e+17	1	18077		
FHC	data	1D	data10420	root://fndcadoor.fnal.gov:1095/pnfs/fnal.gov/usr/minerva/persistent/OpenData/MediumEnergy_FHC/Data/Playlist1D/MasterAnaDev_data_AnaTuple_run00010420_Playlist.root	6.003024294276237e+17	6.003031170573806e+17	1	18670		
FHC	data	1D	data10421	root://fndcadoor.fnal.gov:1095/pnfs/fnal.gov/usr/minerva/persistent/OpenData/MediumEnergy_FHC/Data/Playlist1D/MasterAnaDev_data_AnaTuple_run00010421_Playlist.root	6.299386550712586e+16	6.299472487833862e+16	1	1932		
FHC	data	1D	data10422	root://fndcadoor.fnal.gov:1095/pnfs/fnal.gov/usr/minerva/persistent/OpenData/MediumEnergy_FHC/Data/Playlist1D/MasterAnaDev_data_AnaTuple_run00010422_Playlist.root	6.138449050712586e+16	6.4373692795248584e+16	1	1936		
FHC	data	1D	data10423	root://fndcadoor.fnal.gov:1095/pnfs/fnal.gov/usr/minerva/persistent/OpenData/MediumEnergy_FHC/Data/Playlist1D/MasterAnaDev_data_AnaTuple_run00010423_Playlist.root	5.705242184181213e+17	5.705387425181641e+17	1	17595		
FHC	data	1D	data10424	root://fndcadoor.fnal.gov:1095/pnfs/fnal.gov/usr/minerva/persistent/OpenData/MediumEnergy_FHC/Data/Playlist1D/MasterAnaDev_data_AnaTuple_run00010424_Playlist.root	5.556412511210443e+17	5.586007870005342e+17	1	17202		
FHC	data	1D	data10425	root://fndcadoor.fnal.gov:1095/pnfs/fnal.gov/usr/minerva/persistent/OpenData/MediumEnergy_FHC/Data/Playlist1D/MasterAnaDev_data_AnaTuple_run00010425_Playlist.root	5.586158893446925e+17	5.5862698169585274e+17	1	17516		
FHC	data	1D	data10426	root://fndcadoor.fnal.gov:1095/pnfs/fnal.gov/usr/minerva/persistent/OpenData/MediumEnergy_FHC/Data/Playlist1D/MasterAnaDev_data_AnaTuple_run00010426_Playlist.root	5.438413598027229e+17	5.4672789403400403e+17	1	17046		
FHC	data	1D	data10427	root://fndcadoor.fnal.gov:1095/pnfs/fnal.gov/usr/minerva/persistent/OpenData/MediumEnergy_FHC/Data/Playlist1D/MasterAnaDev_data_AnaTuple_run00010427_Playlist.root	5.50442547428608e+17	5.504550412809137e+17	1	17378		
FHC	data	1D	data10428	root://fndcadoor.fnal.gov:1095/pnfs/fnal.gov/usr/minerva/persistent/OpenData/MediumEnergy_FHC/Data/Playlist1D/MasterAnaDev_data_AnaTuple_run00010428_Playlist.root	3.010682180318832e+17	3.010783875458042e+17	1	9430		
FHC	data	1D	data10429	root://fndcadoor.fnal.gov:1095/pnfs/fnal.gov/usr/minerva/persistent/OpenData/MediumEnergy_FHC/Data/Playlist1D/MasterAnaDev_data_AnaTuple_run00010429_Playlist.root	1.7667260978698728e+16	1.7667365414094294e+16	1	574		
FHC	data	1D	data10430	root://fndcadoor.fnal.gov:1095/pnfs/fnal.gov/usr/minerva/persistent/OpenData/MediumEnergy_FHC/Data/Playlist1D/MasterAnaDev_data_AnaTuple_run00010430_Playlist.root	4135835998535156.0	4763754299163819.0	1	116		
FHC	data	1D	data10431	root://fndcadoor.fnal.gov:1095/pnfs/fnal.gov/usr/minerva/persistent/OpenData/MediumEnergy_FHC/Data/Playlist1D/MasterAnaDev_data_AnaTuple_run00010431_Playlist.root	3.894828567171097e+16	3.9842984599494376e+16	1	1225		
FHC	data	1D	data10433	root://fndcadoor.fnal.gov:1095/pnfs/fnal.gov/usr/minerva/persistent/OpenData/MediumEnergy_FHC/Data/Playlist1D/MasterAnaDev_data_AnaTuple_run00010433_Playlist.root	5.934829623727799e+17	5.935016187334636e+17	1	18509		
FHC	data	1D	data10434	root://fndcadoor.fnal.gov:1095/pnfs/fnal.gov/usr/minerva/persistent/OpenData/MediumEnergy_FHC/Data/Playlist1D/MasterAnaDev_data_AnaTuple_run00010434_Playlist.root	5.65778000407219e+17	5.697880069883838e+17	1	17305		
FHC	data	1D	data10435	root://fndcadoor.fnal.gov:1095/pnfs/fnal.gov/usr/minerva/persistent/OpenData/MediumEnergy_FHC/Data/Playlist1D/MasterAnaDev_data_AnaTuple_run00010435_Playlist.root	5.571217392525673e+17	5.59768338242186e+17	1	17239		
FHC	data	1D	data10436	root://fndcadoor.fnal.gov:1095/pnfs/fnal.gov/usr/minerva/persistent/OpenData/MediumEnergy_FHC/Data/Playlist1D/MasterAnaDev_data_AnaTuple_run00010436_Playlist.root	1.314917271461487e+17	1.3149212625366101e+17	1	3997		
FHC	data	1D	data10437	root://fndcadoor.fnal.gov:1095/pnfs/fnal.gov/usr/minerva/persistent/OpenData/MediumEnergy_FHC/Data/Playlist1D/MasterAnaDev_data_AnaTuple_run00010437_Playlist.root	2.8020434635162356e+16	2.8020525168235064e+16	1	867		
FHC	data	1D	data10500	root://fndcadoor.fnal.gov:1095/pnfs/fnal.gov/usr/minerva/persistent/OpenData/MediumEnergy_FHC/Data/Playlist1D/MasterAnaDev_data_AnaTuple_run00010500_Playlist.root	5.867030241594314e+17	5.868592592237184e+17	1	18216		
FHC	data	1D	data10501	root://fndcadoor.fnal.gov:1095/pnfs/fnal.gov/usr/minerva/persistent/OpenData/MediumEnergy_FHC/Data/Playlist1D/MasterAnaDev_data_AnaTuple_run00010501_Playlist.root	5.986732755384445e+17	6.017365481023859e+17	1	18587		
FHC	data	1D	data10502	root://fndcadoor.fnal.gov:1095/pnfs/fnal.gov/usr/minerva/persistent/OpenData/MediumEnergy_FHC/Data/Playlist1D/MasterAnaDev_data_AnaTuple_run00010502_Playlist.root	5.758794824352265e+17	5.758992594617289e+17	1	17768		
FHC	data	1D	data10503	root://fndcadoor.fnal.gov:1095/pnfs/fnal.gov/usr/minerva/persistent/OpenData/MediumEnergy_FHC/Data/Playlist1D/MasterAnaDev_data_AnaTuple_run00010503_Playlist.root	1.8628807835769654e+17	1.8930948237504867e+17	1	5784		
FHC	data	1D	data10504	root://fndcadoor.fnal.gov:1095/pnfs/fnal.gov/usr/minerva/persistent/OpenData/MediumEnergy_FHC/Data/Playlist1D/MasterAnaDev_data_AnaTuple_run00010504_Playlist.root	3.23787655798912e+17	3.2379057096615443e+17	1	10092		
FHC	data	1D	data10505	root://fndcadoor.fnal.gov:1095/pnfs/fnal.gov/usr/minerva/persistent/OpenData/MediumEnergy_FHC/Data/Playlist1D/MasterAnaDev_data_AnaTuple_run00010505_Playlist.root	4.831949150290489e+17	4.862082787685945e+17	1	15313		
FHC	data	1D	data10506	root://fndcadoor.fnal.gov:1095/pnfs/fnal.gov/usr/minerva/persistent/OpenData/MediumEnergy_FHC/Data/Playlist1D/MasterAnaDev_data_AnaTuple_run00010506_Playlist.root	5.887790566444397e+16	5.8878945161584536e+16	1	1864		
FHC	data	1D	data10508	root://fndcadoor.fnal.gov:1095/pnfs/fnal.gov/usr/minerva/persistent/OpenData/MediumEnergy_FHC/Data/Playlist1D/MasterAnaDev_data_AnaTuple_run00010508_Playlist.root	4.2812749653291706e+17	4.281366199520835e+17	1	13592		
FHC	data	1D	data10509	root://fndcadoor.fnal.gov:1095/pnfs/fnal.gov/usr/minerva/persistent/OpenData/MediumEnergy_FHC/Data/Playlist1D/MasterAnaDev_data_AnaTuple_run00010509_Playlist.root	2.051854980344773e+17	2.082138265957263e+17	1	6599		
FHC	data	1D	data10511	root://fndcadoor.fnal.gov:1095/pnfs/fnal.gov/usr/minerva/persistent/OpenData/MediumEnergy_FHC/Data/Playlist1D/MasterAnaDev_data_AnaTuple_run00010511_Playlist.root	3.766958887300492e+17	3.767871472579017e+17	1	12105		
FHC	data	1D	data10512	root://fndcadoor.fnal.gov:1095/pnfs/fnal.gov/usr/minerva/persistent/OpenData/MediumEnergy_FHC/Data/Playlist1D/MasterAnaDev_data_AnaTuple_run00010512_Playlist.root	4.050969601259232e+17	4.081721981152708e+17	1	12693		
FHC	data	1D	data10513	root://fndcadoor.fnal.gov:1095/pnfs/fnal.gov/usr/minerva/persistent/OpenData/MediumEnergy_FHC/Data/Playlist1D/MasterAnaDev_data_AnaTuple_run00010513_Playlist.root	4.231557888207435e+17	4.2316576628838637e+17	1	13342		
FHC	data	1D	data10514	root://fndcadoor.fnal.gov:1095/pnfs/fnal.gov/usr/minerva/persistent/OpenData/MediumEnergy_FHC/Data/Playlist1D/MasterAnaDev_data_AnaTuple_run00010514_Playlist.root	4.659325661559105e+17	4.688611811303166e+17	1	14842		
FHC	data	1D	data10515	root://fndcadoor.fnal.gov:1095/pnfs/fnal.gov/usr/minerva/persistent/OpenData/MediumEnergy_FHC/Data/Playlist1D/MasterAnaDev_data_AnaTuple_run00010515_Playlist.root	4.574641060495377e+17	4.575157984319629e+17	1	14848		
FHC	data	1D	data10516	root://fndcadoor.fnal.gov:1095/pnfs/fnal.gov/usr/minerva/persistent/OpenData/MediumEnergy_FHC/Data/Playlist1D/MasterAnaDev_data_AnaTuple_run00010516_Playlist.root	4.6660803599452966e+17	4.666552994115451e+17	1	14992		
FHC	data	1D	data10517	root://fndcadoor.fnal.gov:1095/pnfs/fnal.gov/usr/minerva/persistent/OpenData/MediumEnergy_FHC/Data/Playlist1D/MasterAnaDev_data_AnaTuple_run00010517_Playlist.root	4.5334024114847194e+17	4.533787623967531e+17	1	14274		
FHC	data	1D	data10518	root://fndcadoor.fnal.gov:1095/pnfs/fnal.gov/usr/minerva/persistent/OpenData/MediumEnergy_FHC/Data/Playlist1D/MasterAnaDev_data_AnaTuple_run00010518_Playlist.root	4.6213841102600096e+17	4.621661383791788e+17	1	14755		
FHC	data	1D	data10519	root://fndcadoor.fnal.gov:1095/pnfs/fnal.gov/usr/minerva/persistent/OpenData/MediumEnergy_FHC/Data/Playlist1D/MasterAnaDev_data_AnaTuple_run00010519_Playlist.root	4.770814728598594e+17	4.798556821571302e+17	1	15130		
FHC	data	1D	data10520	root://fndcadoor.fnal.gov:1095/pnfs/fnal.gov/usr/minerva/persistent/OpenData/MediumEnergy_FHC/Data/Playlist1D/MasterAnaDev_data_AnaTuple_run00010520_Playlist.root	4.538934840154648e+17	4.539889466458499e+17	1	14329		
FHC	data	1D	data10521	root://fndcadoor.fnal.gov:1095/pnfs/fnal.gov/usr/minerva/persistent/OpenData/MediumEnergy_FHC/Data/Playlist1D/MasterAnaDev_data_AnaTuple_run00010521_Playlist.root	4.582884976773263e+17	4.6147389370654074e+17	1	14302		
FHC	data	1D	data10522	root://fndcadoor.fnal.gov:1095/pnfs/fnal.gov/usr/minerva/persistent/OpenData/MediumEnergy_FHC/Data/Playlist1D/MasterAnaDev_data_AnaTuple_run00010522_Playlist.root	4.45990875512123e+17	4.493608031159162e+17	1	14016		
FHC	data	1D	data10523	root://fndcadoor.fnal.gov:1095/pnfs/fnal.gov/usr/minerva/persistent/OpenData/MediumEnergy_FHC/Data/Playlist1D/MasterAnaDev_data_AnaTuple_run00010523_Playlist.root	5.3634966896677037e+17	5.363623492561086e+17	1	16654		
FHC	data	1D	data10524	root://fndcadoor.fnal.gov:1095/pnfs/fnal.gov/usr/minerva/persistent/OpenData/MediumEnergy_FHC/Data/Playlist1D/MasterAnaDev_data_AnaTuple_run00010524_Playlist.root	3.288680189352036e+17	3.289255612772691e+17	1	10433		
FHC	data	1D	data10525	root://fndcadoor.fnal.gov:1095/pnfs/fnal.gov/usr/minerva/persistent/OpenData/MediumEnergy_FHC/Data/Playlist1D/MasterAnaDev_data_AnaTuple_run00010525_Playlist.root	5.181473411741257e+17	5.247241854099186e+17	1	16274		
FHC	data	1D	data10526	root://fndcadoor.fnal.gov:1095/pnfs/fnal.gov/usr/minerva/persistent/OpenData/MediumEnergy_FHC/Data/Playlist1D/MasterAnaDev_data_AnaTuple_run00010526_Playlist.root	5.215162408208848e+17	5.2156927990667494e+17	1	16360		
FHC	data	1D	data10527	root://fndcadoor.fnal.gov:1095/pnfs/fnal.gov/usr/minerva/persistent/OpenData/MediumEnergy_FHC/Data/Playlist1D/MasterAnaDev_data_AnaTuple_run00010527_Playlist.root	2.3962744758605955e+17	2.3962842695879008e+17	1	7470		
FHC	data	1D	data10529	root://fndcadoor.fnal.gov:1095/pnfs/fnal.gov/usr/minerva/persistent/OpenData/MediumEnergy_FHC/Data/Playlist1D/MasterAnaDev_data_AnaTuple_run00010529_Playlist.root	5.363991359238623e+17	5.396823367085964e+17	1	16875		
FHC	data	1D	data10530	root://fndcadoor.fnal.gov:1095/pnfs/fnal.gov/usr/minerva/persistent/OpenData/MediumEnergy_FHC/Data/Playlist1D/MasterAnaDev_data_AnaTuple_run00010530_Playlist.root	4.729964225902556e+17	4.730138706916205e+17	1	14754		
FHC	data	1D	data10531	root://fndcadoor.fnal.gov:1095/pnfs/fnal.gov/usr/minerva/persistent/OpenData/MediumEnergy_FHC/Data/Playlist1D/MasterAnaDev_data_AnaTuple_run00010531_Playlist.root	5.385137454071045e+17	5.4183511182444166e+17	1	16967		
FHC	data	1D	data10532	root://fndcadoor.fnal.gov:1095/pnfs/fnal.gov/usr/minerva/persistent/OpenData/MediumEnergy_FHC/Data/Playlist1D/MasterAnaDev_data_AnaTuple_run00010532_Playlist.root	5.3252378075742714e+17	5.325585440409105e+17	1	16717		
FHC	data	1D	data10533	root://fndcadoor.fnal.gov:1095/pnfs/fnal.gov/usr/minerva/persistent/OpenData/MediumEnergy_FHC/Data/Playlist1D/MasterAnaDev_data_AnaTuple_run00010533_Playlist.root	5.217807772226335e+17	5.245390532634025e+17	1	16539		
FHC	data	1D	data10534	root://fndcadoor.fnal.gov:1095/pnfs/fnal.gov/usr/minerva/persistent/OpenData/MediumEnergy_FHC/Data/Playlist1D/MasterAnaDev_data_AnaTuple_run00010534_Playlist.root	5.002113561258315e+17	5.0023830695313786e+17	1	15615		
FHC	data	1D	data10535	root://fndcadoor.fnal.gov:1095/pnfs/fnal.gov/usr/minerva/persistent/OpenData/MediumEnergy_FHC/Data/Playlist1D/MasterAnaDev_data_AnaTuple_run00010535_Playlist.root	5.386434034304618e+17	5.419002526170914e+17	1	16903		
FHC	data	1D	data10536	root://fndcadoor.fnal.gov:1095/pnfs/fnal.gov/usr/minerva/persistent/OpenData/MediumEnergy_FHC/Data/Playlist1D/MasterAnaDev_data_AnaTuple_run00010536_Playlist.root	5.483949007143975e+17	5.4841048859757395e+17	1	17159		
FHC	data	1D	data10537	root://fndcadoor.fnal.gov:1095/pnfs/fnal.gov/usr/minerva/persistent/OpenData/MediumEnergy_FHC/Data/Playlist1D/MasterAnaDev_data_AnaTuple_run00010537_Playlist.root	5.5673899888086304e+17	5.600817115084806e+17	1	17414		
FHC	data	1D	data10538	root://fndcadoor.fnal.gov:1095/pnfs/fnal.gov/usr/minerva/persistent/OpenData/MediumEnergy_FHC/Data/Playlist1D/MasterAnaDev_data_AnaTuple_run00010538_Playlist.root	4.7695507548666e+17	4.769594670047193e+17	1	15104		
FHC	data	1D	data10556	root://fndcadoor.fnal.gov:1095/pnfs/fnal.gov/usr/minerva/persistent/OpenData/MediumEnergy_FHC/Data/Playlist1D/MasterAnaDev_data_AnaTuple_run00010556_Playlist.root	2.1608855892801283e+17	2.1685156708707776e+17	1	6795		
FHC	data	1D	data10557	root://fndcadoor.fnal.gov:1095/pnfs/fnal.gov/usr/minerva/persistent/OpenData/MediumEnergy_FHC/Data/Playlist1D/MasterAnaDev_data_AnaTuple_run00010557_Playlist.root	5.385447959542275e+17	5.385570022224907e+17	1	16931		
FHC	data	1D	data10558	root://fndcadoor.fnal.gov:1095/pnfs/fnal.gov/usr/minerva/persistent/OpenData/MediumEnergy_FHC/Data/Playlist1D/MasterAnaDev_data_AnaTuple_run00010558_Playlist.root	6.17321903635025e+17	6.203323428516384e+17	1	19141		
FHC	data	1D	data10559	root://fndcadoor.fnal.gov:1095/pnfs/fnal.gov/usr/minerva/persistent/OpenData/MediumEnergy_FHC/Data/Playlist1D/MasterAnaDev_data_AnaTuple_run00010559_Playlist.root	6.236701971511841e+17	6.236712463454985e+17	1	19586		
FHC	data	1D	data10560	root://fndcadoor.fnal.gov:1095/pnfs/fnal.gov/usr/minerva/persistent/OpenData/MediumEnergy_FHC/Data/Playlist1D/MasterAnaDev_data_AnaTuple_run00010560_Playlist.root	5.466800694236755e+17	5.497282939953095e+17	1	17239		
FHC	data	1D	data10561	root://fndcadoor.fnal.gov:1095/pnfs/fnal.gov/usr/minerva/persistent/OpenData/MediumEnergy_FHC/Data/Playlist1D/MasterAnaDev_data_AnaTuple_run00010561_Playlist.root	4.474334046282768e+17	4.700960785966874e+17	1	14019		
FHC	data	1D	data10562	root://fndcadoor.fnal.gov:1095/pnfs/fnal.gov/usr/minerva/persistent/OpenData/MediumEnergy_FHC/Data/Playlist1D/MasterAnaDev_data_AnaTuple_run00010562_Playlist.root	5.6857212188053146e+17	5.715058526686162e+17	1	17746		
FHC	data	1D	data10563	root://fndcadoor.fnal.gov:1095/pnfs/fnal.gov/usr/minerva/persistent/OpenData/MediumEnergy_FHC/Data/Playlist1D/MasterAnaDev_data_AnaTuple_run00010563_Playlist.root	3.3446906890249254e+17	3.3447232010440934e+17	1	10415		
FHC	data	1D	data10586	root://fndcadoor.fnal.gov:1095/pnfs/fnal.gov/usr/minerva/persistent/OpenData/MediumEnergy_FHC/Data/Playlist1D/MasterAnaDev_data_AnaTuple_run00010586_Playlist.root	5.4827262500047686e+17	5.48284562671885e+17	1	17058		
FHC	data	1D	data10587	root://fndcadoor.fnal.gov:1095/pnfs/fnal.gov/usr/minerva/persistent/OpenData/MediumEnergy_FHC/Data/Playlist1D/MasterAnaDev_data_AnaTuple_run00010587_Playlist.root	5.30869689415455e+17	5.3397466963957005e+17	1	16695		
FHC	data	1D	data10588	root://fndcadoor.fnal.gov:1095/pnfs/fnal.gov/usr/minerva/persistent/OpenData/MediumEnergy_FHC/Data/Playlist1D/MasterAnaDev_data_AnaTuple_run00010588_Playlist.root	5.331309369573594e+17	5.3316237505987603e+17	1	16702		
FHC	data	1D	data10589	root://fndcadoor.fnal.gov:1095/pnfs/fnal.gov/usr/minerva/persistent/OpenData/MediumEnergy_FHC/Data/Playlist1D/MasterAnaDev_data_AnaTuple_run00010589_Playlist.root	5.4631586780548096e+17	5.4968935643188205e+17	1	17066		
FHC	data	1D	data10590	root://fndcadoor.fnal.gov:1095/pnfs/fnal.gov/usr/minerva/persistent/OpenData/MediumEnergy_FHC/Data/Playlist1D/MasterAnaDev_data_AnaTuple_run00010590_Playlist.root	5.4466410118389114e+17	5.4466733190741344e+17	1	17083		
FHC	data	1D	data10591	root://fndcadoor.fnal.gov:1095/pnfs/fnal.gov/usr/minerva/persistent/OpenData/MediumEnergy_FHC/Data/Playlist1D/MasterAnaDev_data_AnaTuple_run00010591_Playlist.root	5.3343561720275885e+17	5.34862593104977e+17	1	16777		
FHC	data	1D	data10592	root://fndcadoor.fnal.gov:1095/pnfs/fnal.gov/usr/minerva/persistent/OpenData/MediumEnergy_FHC/Data/Playlist1D/MasterAnaDev_data_AnaTuple_run00010592_Playlist.root	4.330099520702363e+17	4.331001179031666e+17	1	13482		
FHC	data	1D	data10593	root://fndcadoor.fnal.gov:1095/pnfs/fnal.gov/usr/minerva/persistent/OpenData/MediumEnergy_FHC/Data/Playlist1D/MasterAnaDev_data_AnaTuple_run00010593_Playlist.root	5.515496628408432e+17	5.5485494724361754e+17	1	17175		
FHC	data	1D	data10594	root://fndcadoor.fnal.gov:1095/pnfs/fnal.gov/usr/minerva/persistent/OpenData/MediumEnergy_FHC/Data/Playlist1D/MasterAnaDev_data_AnaTuple_run00010594_Playlist.root	5.78481642803669e+17	5.784962922590752e+17	1	18099		
FHC	data	1D	data10595	root://fndcadoor.fnal.gov:1095/pnfs/fnal.gov/usr/minerva/persistent/OpenData/MediumEnergy_FHC/Data/Playlist1D/MasterAnaDev_data_AnaTuple_run00010595_Playlist.root	5.833940953874588e+17	5.871439050980209e+17	1	18076		
FHC	data	1D	data10596	root://fndcadoor.fnal.gov:1095/pnfs/fnal.gov/usr/minerva/persistent/OpenData/MediumEnergy_FHC/Data/Playlist1D/MasterAnaDev_data_AnaTuple_run00010596_Playlist.root	5.863470884733202e+17	5.863713680444544e+17	1	18304		
FHC	data	1D	data10597	root://fndcadoor.fnal.gov:1095/pnfs/fnal.gov/usr/minerva/persistent/OpenData/MediumEnergy_FHC/Data/Playlist1D/MasterAnaDev_data_AnaTuple_run00010597_Playlist.root	6.190811891412737e+17	6.191897536013801e+17	1	19601		
FHC	data	1D	data10598	root://fndcadoor.fnal.gov:1095/pnfs/fnal.gov/usr/minerva/persistent/OpenData/MediumEnergy_FHC/Data/Playlist1D/MasterAnaDev_data_AnaTuple_run00010598_Playlist.root	5.600892173762322e+17	5.608631457571418e+17	1	17281		
FHC	data	1D	data10599	root://fndcadoor.fnal.gov:1095/pnfs/fnal.gov/usr/minerva/persistent/OpenData/MediumEnergy_FHC/Data/Playlist1D/MasterAnaDev_data_AnaTuple_run00010599_Playlist.root	5.918816730184556e+17	5.919925534208339e+17	1	18536		
FHC	data	1D	data10600	root://fndcadoor.fnal.gov:1095/pnfs/fnal.gov/usr/minerva/persistent/OpenData/MediumEnergy_FHC/Data/Playlist1D/MasterAnaDev_data_AnaTuple_run00010600_Playlist.root	5.829648718028068e+17	5.83040048469979e+17	1	18156		
FHC	data	1D	data10601	root://fndcadoor.fnal.gov:1095/pnfs/fnal.gov/usr/minerva/persistent/OpenData/MediumEnergy_FHC/Data/Playlist1D/MasterAnaDev_data_AnaTuple_run00010601_Playlist.root	6.2309016558218e+17	6.230946719329332e+17	1	19442		
FHC	data	1D	data10602	root://fndcadoor.fnal.gov:1095/pnfs/fnal.gov/usr/minerva/persistent/OpenData/MediumEnergy_FHC/Data/Playlist1D/MasterAnaDev_data_AnaTuple_run00010602_Playlist.root	5.897811538610458e+17	5.932069572453389e+17	1	18586		
FHC	data	1D	data10603	root://fndcadoor.fnal.gov:1095/pnfs/fnal.gov/usr/minerva/persistent/OpenData/MediumEnergy_FHC/Data/Playlist1D/MasterAnaDev_data_AnaTuple_run00010603_Playlist.root	5.851727297477722e+17	5.852187781463711e+17	1	17984		
FHC	data	1D	data10604	root://fndcadoor.fnal.gov:1095/pnfs/fnal.gov/usr/minerva/persistent/OpenData/MediumEnergy_FHC/Data/Playlist1D/MasterAnaDev_data_AnaTuple_run00010604_Playlist.root	5.854884499559402e+17	5.891820510983715e+17	1	18229		
FHC	data	1D	data10605	root://fndcadoor.fnal.gov:1095/pnfs/fnal.gov/usr/minerva/persistent/OpenData/MediumEnergy_FHC/Data/Playlist1D/MasterAnaDev_data_AnaTuple_run00010605_Playlist.root	6.120973434395791e+17	6.123289732754753e+17	1	19203		
FHC	data	1D	data10606	root://fndcadoor.fnal.gov:1095/pnfs/fnal.gov/usr/minerva/persistent/OpenData/MediumEnergy_FHC/Data/Playlist1D/MasterAnaDev_data_AnaTuple_run00010606_Playlist.root	5.810577834959028e+17	5.813784764948573e+17	1	18003		
FHC	data	1D	data10607	root://fndcadoor.fnal.gov:1095/pnfs/fnal.gov/usr/minerva/persistent/OpenData/MediumEnergy_FHC/Data/Playlist1D/MasterAnaDev_data_AnaTuple_run00010607_Playlist.root	5.708691107859613e+17	5.7092239776186355e+17	1	17942		
FHC	data	1D	data10608	root://fndcadoor.fnal.gov:1095/pnfs/fnal.gov/usr/minerva/persistent/OpenData/MediumEnergy_FHC/Data/Playlist1D/MasterAnaDev_data_AnaTuple_run00010608_Playlist.root	5.893390107574464e+17	6.502439902275039e+17	1	18388		
FHC	data	1D	data10609	root://fndcadoor.fnal.gov:1095/pnfs/fnal.gov/usr/minerva/persistent/OpenData/MediumEnergy_FHC/Data/Playlist1D/MasterAnaDev_data_AnaTuple_run00010609_Playlist.root	5.87000738949299e+17	5.870584461332984e+17	1	18209		
FHC	data	1D	data10610	root://fndcadoor.fnal.gov:1095/pnfs/fnal.gov/usr/minerva/persistent/OpenData/MediumEnergy_FHC/Data/Playlist1D/MasterAnaDev_data_AnaTuple_run00010610_Playlist.root	3.978756794314385e+17	4.15760458151043e+17	1	12095		
FHC	data	1D	data10611	root://fndcadoor.fnal.gov:1095/pnfs/fnal.gov/usr/minerva/persistent/OpenData/MediumEnergy_FHC/Data/Playlist1D/MasterAnaDev_data_AnaTuple_run00010611_Playlist.root	6.010284349737166e+17	6.047711159992768e+17	1	18863		
FHC	data	1D	data10612	root://fndcadoor.fnal.gov:1095/pnfs/fnal.gov/usr/minerva/persistent/OpenData/MediumEnergy_FHC/Data/Playlist1D/MasterAnaDev_data_AnaTuple_run00010612_Playlist.root	6.389093019151688e+17	6.389129591111264e+17	1	19843		
FHC	data	1D	data10613	root://fndcadoor.fnal.gov:1095/pnfs/fnal.gov/usr/minerva/persistent/OpenData/MediumEnergy_FHC/Data/Playlist1D/MasterAnaDev_data_AnaTuple_run00010613_Playlist.root	6.063636406226158e+17	6.067294756581742e+17	1	18835		
FHC	data	1D	data10614	root://fndcadoor.fnal.gov:1095/pnfs/fnal.gov/usr/minerva/persistent/OpenData/MediumEnergy_FHC/Data/Playlist1D/MasterAnaDev_data_AnaTuple_run00010614_Playlist.root	5.934306470694542e+17	5.934750777063658e+17	1	18366		
FHC	data	1D	data10615	root://fndcadoor.fnal.gov:1095/pnfs/fnal.gov/usr/minerva/persistent/OpenData/MediumEnergy_FHC/Data/Playlist1D/MasterAnaDev_data_AnaTuple_run00010615_Playlist.root	4.0160745096445075e+17	4.017576808418099e+17	1	12371		
FHC	data	1D	data10617	root://fndcadoor.fnal.gov:1095/pnfs/fnal.gov/usr/minerva/persistent/OpenData/MediumEnergy_FHC/Data/Playlist1D/MasterAnaDev_data_AnaTuple_run00010617_Playlist.root	4.87782546655178e+17	4.8811420048568384e+17	1	15379		
FHC	data	1D	data10618	root://fndcadoor.fnal.gov:1095/pnfs/fnal.gov/usr/minerva/persistent/OpenData/MediumEnergy_FHC/Data/Playlist1D/MasterAnaDev_data_AnaTuple_run00010618_Playlist.root	6.149652669239043e+17	6.192740227136136e+17	1	18892		
FHC	data	1D	data10619	root://fndcadoor.fnal.gov:1095/pnfs/fnal.gov/usr/minerva/persistent/OpenData/MediumEnergy_FHC/Data/Playlist1D/MasterAnaDev_data_AnaTuple_run00010619_Playlist.root	5.759218736200332e+17	5.759604995893311e+17	1	17757		
FHC	data	1D	data10620	root://fndcadoor.fnal.gov:1095/pnfs/fnal.gov/usr/minerva/persistent/OpenData/MediumEnergy_FHC/Data/Playlist1D/MasterAnaDev_data_AnaTuple_run00010620_Playlist.root	6.406723652820585e+17	6.407293696863808e+17	1	20084		
FHC	data	1D	data10621	root://fndcadoor.fnal.gov:1095/pnfs/fnal.gov/usr/minerva/persistent/OpenData/MediumEnergy_FHC/Data/Playlist1D/MasterAnaDev_data_AnaTuple_run00010621_Playlist.root	4.579816434769631e+17	4.580488484482739e+17	1	14234		
FHC	data	1D	data10622	root://fndcadoor.fnal.gov:1095/pnfs/fnal.gov/usr/minerva/persistent/OpenData/MediumEnergy_FHC/Data/Playlist1D/MasterAnaDev_data_AnaTuple_run00010622_Playlist.root	5.1750440487623206e+17	5.175419749304991e+17	1	16002		
FHC	data	1D	data10623	root://fndcadoor.fnal.gov:1095/pnfs/fnal.gov/usr/minerva/persistent/OpenData/MediumEnergy_FHC/Data/Playlist1D/MasterAnaDev_data_AnaTuple_run00010623_Playlist.root	6.316137523441316e+17	6.354097085570932e+17	1	19632		
FHC	data	1D	data10624	root://fndcadoor.fnal.gov:1095/pnfs/fnal.gov/usr/minerva/persistent/OpenData/MediumEnergy_FHC/Data/Playlist1D/MasterAnaDev_data_AnaTuple_run00010624_Playlist.root	6.134326532764435e+17	6.134626402105635e+17	1	19319		
FHC	data	1D	data10625	root://fndcadoor.fnal.gov:1095/pnfs/fnal.gov/usr/minerva/persistent/OpenData/MediumEnergy_FHC/Data/Playlist1D/MasterAnaDev_data_AnaTuple_run00010625_Playlist.root	5.6282734081983565e+17	5.663749944290284e+17	1	17648		
FHC	data	1D	data10626	root://fndcadoor.fnal.gov:1095/pnfs/fnal.gov/usr/minerva/persistent/OpenData/MediumEnergy_FHC/Data/Playlist1D/MasterAnaDev_data_AnaTuple_run00010626_Playlist.root	6.217558999462129e+17	6.217716816559393e+17	1	19434		
FHC	data	1D	data10627	root://fndcadoor.fnal.gov:1095/pnfs/fnal.gov/usr/minerva/persistent/OpenData/MediumEnergy_FHC/Data/Playlist1D/MasterAnaDev_data_AnaTuple_run00010627_Playlist.root	5.3127831211853037e+17	5.3721979458087616e+17	1	16532		
FHC	data	1D	data10628	root://fndcadoor.fnal.gov:1095/pnfs/fnal.gov/usr/minerva/persistent/OpenData/MediumEnergy_FHC/Data/Playlist1D/MasterAnaDev_data_AnaTuple_run00010628_Playlist.root	6.179756462888718e+17	6.180215088473501e+17	1	19220		
FHC	data	1D	data10629	root://fndcadoor.fnal.gov:1095/pnfs/fnal.gov/usr/minerva/persistent/OpenData/MediumEnergy_FHC/Data/Playlist1D/MasterAnaDev_data_AnaTuple_run00010629_Playlist.root	6.346502548394203e+17	6.346902898767194e+17	1	19688		
FHC	data	1D	data10630	root://fndcadoor.fnal.gov:1095/pnfs/fnal.gov/usr/minerva/persistent/OpenData/MediumEnergy_FHC/Data/Playlist1D/MasterAnaDev_data_AnaTuple_run00010630_Playlist.root	5.653213024077415e+17	5.748145057029186e+17	1	17611		
FHC	data	1D	data10631	root://fndcadoor.fnal.gov:1095/pnfs/fnal.gov/usr/minerva/persistent/OpenData/MediumEnergy_FHC/Data/Playlist1D/MasterAnaDev_data_AnaTuple_run00010631_Playlist.root	2.6241178916168214e+17	2.624342703351298e+17	1	8135		
FHC	data	1D	data10636	root://fndcadoor.fnal.gov:1095/pnfs/fnal.gov/usr/minerva/persistent/OpenData/MediumEnergy_FHC/Data/Playlist1D/MasterAnaDev_data_AnaTuple_run00010636_Playlist.root	3.71564985444069e+17	3.7169030310071424e+17	1	11535		
FHC	data	1D	data10637	root://fndcadoor.fnal.gov:1095/pnfs/fnal.gov/usr/minerva/persistent/OpenData/MediumEnergy_FHC/Data/Playlist1D/MasterAnaDev_data_AnaTuple_run00010637_Playlist.root	5.54123723900795e+17	5.581158706529156e+17	1	17200		
FHC	data	1D	data10638	root://fndcadoor.fnal.gov:1095/pnfs/fnal.gov/usr/minerva/persistent/OpenData/MediumEnergy_FHC/Data/Playlist1D/MasterAnaDev_data_AnaTuple_run00010638_Playlist.root	5.8350702973032e+17	5.898141314744084e+17	1	18118		
FHC	data	1D	data10639	root://fndcadoor.fnal.gov:1095/pnfs/fnal.gov/usr/minerva/persistent/OpenData/MediumEnergy_FHC/Data/Playlist1D/MasterAnaDev_data_AnaTuple_run00010639_Playlist.root	5.726125686058999e+17	5.727136387245211e+17	1	17851		
FHC	data	1D	data10640	root://fndcadoor.fnal.gov:1095/pnfs/fnal.gov/usr/minerva/persistent/OpenData/MediumEnergy_FHC/Data/Playlist1D/MasterAnaDev_data_AnaTuple_run00010640_Playlist.root	6.141947485661507e+17	6.182238362543466e+17	1	19177		
FHC	data	1D	data10641	root://fndcadoor.fnal.gov:1095/pnfs/fnal.gov/usr/minerva/persistent/OpenData/MediumEnergy_FHC/Data/Playlist1D/MasterAnaDev_data_AnaTuple_run00010641_Playlist.root	6.353129853382112e+17	6.354925280781879e+17	1	19670		
FHC	data	1D	data10642	root://fndcadoor.fnal.gov:1095/pnfs/fnal.gov/usr/minerva/persistent/OpenData/MediumEnergy_FHC/Data/Playlist1D/MasterAnaDev_data_AnaTuple_run00010642_Playlist.root	5.0415990622138976e+17	5.080997956364653e+17	1	15425		
FHC	data	1D	data10643	root://fndcadoor.fnal.gov:1095/pnfs/fnal.gov/usr/minerva/persistent/OpenData/MediumEnergy_FHC/Data/Playlist1D/MasterAnaDev_data_AnaTuple_run00010643_Playlist.root	6.353253754415514e+17	6.354972439348297e+17	1	19943		
FHC	data	1D	data10644	root://fndcadoor.fnal.gov:1095/pnfs/fnal.gov/usr/minerva/persistent/OpenData/MediumEnergy_FHC/Data/Playlist1D/MasterAnaDev_data_AnaTuple_run00010644_Playlist.root	5.883795951137544e+17	5.917744049495983e+17	1	18390		
FHC	data	1D	data10645	root://fndcadoor.fnal.gov:1095/pnfs/fnal.gov/usr/minerva/persistent/OpenData/MediumEnergy_FHC/Data/Playlist1D/MasterAnaDev_data_AnaTuple_run00010645_Playlist.root	6.230047075543404e+17	6.232218213548419e+17	1	19118		
FHC	data	1D	data10646	root://fndcadoor.fnal.gov:1095/pnfs/fnal.gov/usr/minerva/persistent/OpenData/MediumEnergy_FHC/Data/Playlist1D/MasterAnaDev_data_AnaTuple_run00010646_Playlist.root	5.812211012430193e+17	6.193960368812918e+17	1	17875		
FHC	data	1D	data10647	root://fndcadoor.fnal.gov:1095/pnfs/fnal.gov/usr/minerva/persistent/OpenData/MediumEnergy_FHC/Data/Playlist1D/MasterAnaDev_data_AnaTuple_run00010647_Playlist.root	6.205178894252776e+17	6.207173316073952e+17	1	19077		
FHC	data	1D	data10648	root://fndcadoor.fnal.gov:1095/pnfs/fnal.gov/usr/minerva/persistent/OpenData/MediumEnergy_FHC/Data/Playlist1D/MasterAnaDev_data_AnaTuple_run00010648_Playlist.root	6.11637467854023e+17	6.117835311793101e+17	1	18763		
FHC	data	1D	data10649	root://fndcadoor.fnal.gov:1095/pnfs/fnal.gov/usr/minerva/persistent/OpenData/MediumEnergy_FHC/Data/Playlist1D/MasterAnaDev_data_AnaTuple_run00010649_Playlist.root	5.684003058695794e+17	5.6985115582908634e+17	1	17685		
FHC	data	1D	data10650	root://fndcadoor.fnal.gov:1095/pnfs/fnal.gov/usr/minerva/persistent/OpenData/MediumEnergy_FHC/Data/Playlist1D/MasterAnaDev_data_AnaTuple_run00010650_Playlist.root	5.634418381500244e+17	5.677006550301047e+17	1	17428		
FHC	data	1D	data10651	root://fndcadoor.fnal.gov:1095/pnfs/fnal.gov/usr/minerva/persistent/OpenData/MediumEnergy_FHC/Data/Playlist1D/MasterAnaDev_data_AnaTuple_run00010651_Playlist.root	6.279848957729339e+17	6.28091053697085e+17	1	19406		
FHC	data	1D	data10652	root://fndcadoor.fnal.gov:1095/pnfs/fnal.gov/usr/minerva/persistent/OpenData/MediumEnergy_FHC/Data/Playlist1D/MasterAnaDev_data_AnaTuple_run00010652_Playlist.root	5.2388359246826176e+17	5.257989557034991e+17	1	16338		
FHC	data	1D	data10653	root://fndcadoor.fnal.gov:1095/pnfs/fnal.gov/usr/minerva/persistent/OpenData/MediumEnergy_FHC/Data/Playlist1D/MasterAnaDev_data_AnaTuple_run00010653_Playlist.root	5.940410838832854e+17	5.942759270784147e+17	1	18479		
FHC	data	1D	data10654	root://fndcadoor.fnal.gov:1095/pnfs/fnal.gov/usr/minerva/persistent/OpenData/MediumEnergy_FHC/Data/Playlist1D/MasterAnaDev_data_AnaTuple_run00010654_Playlist.root	5.919917615814209e+17	5.948296580398034e+17	1	18357		
FHC	data	1D	data10655	root://fndcadoor.fnal.gov:1095/pnfs/fnal.gov/usr/minerva/persistent/OpenData/MediumEnergy_FHC/Data/Playlist1D/MasterAnaDev_data_AnaTuple_run00010655_Playlist.root	6.022720462560652e+17	6.024120951451369e+17	1	18726		
FHC	data	1D	data10656	root://fndcadoor.fnal.gov:1095/pnfs/fnal.gov/usr/minerva/persistent/OpenData/MediumEnergy_FHC/Data/Playlist1D/MasterAnaDev_data_AnaTuple_run00010656_Playlist.root	5.4204835814619066e+17	5.4500355967145485e+17	1	16880		
FHC	data	1D	data10657	root://fndcadoor.fnal.gov:1095/pnfs/fnal.gov/usr/minerva/persistent/OpenData/MediumEnergy_FHC/Data/Playlist1D/MasterAnaDev_data_AnaTuple_run00010657_Playlist.root	5.972305430927277e+17	6.002699755295718e+17	1	18405		
FHC	data	1D	data10658	root://fndcadoor.fnal.gov:1095/pnfs/fnal.gov/usr/minerva/persistent/OpenData/MediumEnergy_FHC/Data/Playlist1D/MasterAnaDev_data_AnaTuple_run00010658_Playlist.root	5.639361371192932e+17	5.6410327723726886e+17	1	17538		
FHC	data	1D	data10659	root://fndcadoor.fnal.gov:1095/pnfs/fnal.gov/usr/minerva/persistent/OpenData/MediumEnergy_FHC/Data/Playlist1D/MasterAnaDev_data_AnaTuple_run00010659_Playlist.root	5.392672962632179e+17	5.4027244411757504e+17	1	16864		
FHC	data	1D	data10660	root://fndcadoor.fnal.gov:1095/pnfs/fnal.gov/usr/minerva/persistent/OpenData/MediumEnergy_FHC/Data/Playlist1D/MasterAnaDev_data_AnaTuple_run00010660_Playlist.root	5.970297712039948e+17	5.971110151562964e+17	1	18530		
FHC	data	1D	data10661	root://fndcadoor.fnal.gov:1095/pnfs/fnal.gov/usr/minerva/persistent/OpenData/MediumEnergy_FHC/Data/Playlist1D/MasterAnaDev_data_AnaTuple_run00010661_Playlist.root	1.2847713927650448e+17	1.3268260936563962e+17	1	4009		
FHC	data	1D	data10662	root://fndcadoor.fnal.gov:1095/pnfs/fnal.gov/usr/minerva/persistent/OpenData/MediumEnergy_FHC/Data/Playlist1D/MasterAnaDev_data_AnaTuple_run00010662_Playlist.root	5.862414458847046e+17	5.864051763612867e+17	1	18312		
FHC	data	1E	data16003	root://fndcadoor.fnal.gov:1095/pnfs/fnal.gov/usr/minerva/persistent/OpenData/MediumEnergy_FHC/Data/Playlist1E/MasterAnaDev_data_AnaTuple_run00016003_Playlist.root	2.0841721987390518e+17	2.0899219028608896e+17	1	6719		
FHC	data	1E	data16004	root://fndcadoor.fnal.gov:1095/pnfs/fnal.gov/usr/minerva/persistent/OpenData/MediumEnergy_FHC/Data/Playlist1E/MasterAnaDev_data_AnaTuple_run00016004_Playlist.root	7.673470357513427e+16	7.673498707255918e+16	1	2359		
FHC	data	1E	data16005	root://fndcadoor.fnal.gov:1095/pnfs/fnal.gov/usr/minerva/persistent/OpenData/MediumEnergy_FHC/Data/Playlist1E/MasterAnaDev_data_AnaTuple_run00016005_Playlist.root	1.9804885986328124e+16	3.947165124861907e+16	1	645		
FHC	data	1E	data16006	root://fndcadoor.fnal.gov:1095/pnfs/fnal.gov/usr/minerva/persistent/OpenData/MediumEnergy_FHC/Data/Playlist1E/MasterAnaDev_data_AnaTuple_run00016006_Playlist.root	5.457222659397125e+16	5.457298132841091e+16	1	1760		
FHC	data	1E	data16007	root://fndcadoor.fnal.gov:1095/pnfs/fnal.gov/usr/minerva/persistent/OpenData/MediumEnergy_FHC/Data/Playlist1E/MasterAnaDev_data_AnaTuple_run00016007_Playlist.root	1484204907417297.2	4079049828959047.0	1	50		
FHC	data	1E	data16008	root://fndcadoor.fnal.gov:1095/pnfs/fnal.gov/usr/minerva/persistent/OpenData/MediumEnergy_FHC/Data/Playlist1E/MasterAnaDev_data_AnaTuple_run00016008_Playlist.root	4.588046952371597e+17	4.977899772703025e+17	1	14408		
FHC	data	1E	data16009	root://fndcadoor.fnal.gov:1095/pnfs/fnal.gov/usr/minerva/persistent/OpenData/MediumEnergy_FHC/Data/Playlist1E/MasterAnaDev_data_AnaTuple_run00016009_Playlist.root	4.5923088569951066e+17	4.5939672115100115e+17	1	14376		
FHC	data	1E	data16010	root://fndcadoor.fnal.gov:1095/pnfs/fnal.gov/usr/minerva/persistent/OpenData/MediumEnergy_FHC/Data/Playlist1E/MasterAnaDev_data_AnaTuple_run00016010_Playlist.root	4.6505912408757216e+17	4.683685355978089e+17	1	14533		
FHC	data	1E	data16011	root://fndcadoor.fnal.gov:1095/pnfs/fnal.gov/usr/minerva/persistent/OpenData/MediumEnergy_FHC/Data/Playlist1E/MasterAnaDev_data_AnaTuple_run00016011_Playlist.root	1.686215960221291e+17	1.6872255523095475e+17	1	5177		
FHC	data	1E	data16012	root://fndcadoor.fnal.gov:1095/pnfs/fnal.gov/usr/minerva/persistent/OpenData/MediumEnergy_FHC/Data/Playlist1E/MasterAnaDev_data_AnaTuple_run00016012_Playlist.root	3.7683350095844256e+17	3.833954449109701e+17	1	11775		
FHC	data	1E	data16013	root://fndcadoor.fnal.gov:1095/pnfs/fnal.gov/usr/minerva/persistent/OpenData/MediumEnergy_FHC/Data/Playlist1E/MasterAnaDev_data_AnaTuple_run00016013_Playlist.root	4.500931789608002e+17	4.502914063480542e+17	1	13941		
FHC	data	1E	data16015	root://fndcadoor.fnal.gov:1095/pnfs/fnal.gov/usr/minerva/persistent/OpenData/MediumEnergy_FHC/Data/Playlist1E/MasterAnaDev_data_AnaTuple_run00016015_Playlist.root	1.673937657351494e+17	1.6747817118460803e+17	1	5197		
FHC	data	1E	data16016	root://fndcadoor.fnal.gov:1095/pnfs/fnal.gov/usr/minerva/persistent/OpenData/MediumEnergy_FHC/Data/Playlist1E/MasterAnaDev_data_AnaTuple_run00016016_Playlist.root	5.3748489334106445e+17	5.376822427482221e+17	1	16649		
FHC	data	1E	data16017	root://fndcadoor.fnal.gov:1095/pnfs/fnal.gov/usr/minerva/persistent/OpenData/MediumEnergy_FHC/Data/Playlist1E/MasterAnaDev_data_AnaTuple_run00016017_Playlist.root	5.1845417993259424e+17	5.323627149155889e+17	1	16074		
FHC	data	1E	data16018	root://fndcadoor.fnal.gov:1095/pnfs/fnal.gov/usr/minerva/persistent/OpenData/MediumEnergy_FHC/Data/Playlist1E/MasterAnaDev_data_AnaTuple_run00016018_Playlist.root	1.1483260444116594e+17	1.1483514936734224e+17	1	3605		
FHC	data	1E	data16019	root://fndcadoor.fnal.gov:1095/pnfs/fnal.gov/usr/minerva/persistent/OpenData/MediumEnergy_FHC/Data/Playlist1E/MasterAnaDev_data_AnaTuple_run00016019_Playlist.root	4.556849807155132e+17	4.559248212597515e+17	1	14192		
FHC	data	1E	data16020	root://fndcadoor.fnal.gov:1095/pnfs/fnal.gov/usr/minerva/persistent/OpenData/MediumEnergy_FHC/Data/Playlist1E/MasterAnaDev_data_AnaTuple_run00016020_Playlist.root	4.595743076100349e+17	4.633120570875793e+17	1	14222		
FHC	data	1E	data16021	root://fndcadoor.fnal.gov:1095/pnfs/fnal.gov/usr/minerva/persistent/OpenData/MediumEnergy_FHC/Data/Playlist1E/MasterAnaDev_data_AnaTuple_run00016021_Playlist.root	2.682935985732079e+17	2.6847088266817827e+17	1	8841		
FHC	data	1E	data16022	root://fndcadoor.fnal.gov:1095/pnfs/fnal.gov/usr/minerva/persistent/OpenData/MediumEnergy_FHC/Data/Playlist1E/MasterAnaDev_data_AnaTuple_run00016022_Playlist.root	2.3808076529669773e+17	2.3809712672089277e+17	1	7720		
FHC	data	1E	data16023	root://fndcadoor.fnal.gov:1095/pnfs/fnal.gov/usr/minerva/persistent/OpenData/MediumEnergy_FHC/Data/Playlist1E/MasterAnaDev_data_AnaTuple_run00016023_Playlist.root	2.440768651437759e+17	2.4411017887479126e+17	1	7891		
FHC	data	1E	data16024	root://fndcadoor.fnal.gov:1095/pnfs/fnal.gov/usr/minerva/persistent/OpenData/MediumEnergy_FHC/Data/Playlist1E/MasterAnaDev_data_AnaTuple_run00016024_Playlist.root	2.1065786941790582e+17	2.1066726844302448e+17	1	6648		
FHC	data	1E	data16025	root://fndcadoor.fnal.gov:1095/pnfs/fnal.gov/usr/minerva/persistent/OpenData/MediumEnergy_FHC/Data/Playlist1E/MasterAnaDev_data_AnaTuple_run00016025_Playlist.root	2.478468760843277e+17	2.4784982804449597e+17	1	7999		
FHC	data	1E	data16026	root://fndcadoor.fnal.gov:1095/pnfs/fnal.gov/usr/minerva/persistent/OpenData/MediumEnergy_FHC/Data/Playlist1E/MasterAnaDev_data_AnaTuple_run00016026_Playlist.root	1.7229345478343958e+17	1.72339566642352e+17	1	5565		
FHC	data	1E	data16027	root://fndcadoor.fnal.gov:1095/pnfs/fnal.gov/usr/minerva/persistent/OpenData/MediumEnergy_FHC/Data/Playlist1E/MasterAnaDev_data_AnaTuple_run00016027_Playlist.root	1.8255535816574096e+17	1.8479279341453312e+17	1	5916		
FHC	data	1E	data16028	root://fndcadoor.fnal.gov:1095/pnfs/fnal.gov/usr/minerva/persistent/OpenData/MediumEnergy_FHC/Data/Playlist1E/MasterAnaDev_data_AnaTuple_run00016028_Playlist.root	2.452701527669429e+17	2.452797792791741e+17	1	7842		
FHC	data	1E	data16029	root://fndcadoor.fnal.gov:1095/pnfs/fnal.gov/usr/minerva/persistent/OpenData/MediumEnergy_FHC/Data/Playlist1E/MasterAnaDev_data_AnaTuple_run00016029_Playlist.root	2.1442141880321498e+17	2.1446044968980317e+17	1	6944		
FHC	data	1E	data16030	root://fndcadoor.fnal.gov:1095/pnfs/fnal.gov/usr/minerva/persistent/OpenData/MediumEnergy_FHC/Data/Playlist1E/MasterAnaDev_data_AnaTuple_run00016030_Playlist.root	3.052447011384964e+17	3.0918685803936774e+17	1	9484		
FHC	data	1E	data16031	root://fndcadoor.fnal.gov:1095/pnfs/fnal.gov/usr/minerva/persistent/OpenData/MediumEnergy_FHC/Data/Playlist1E/MasterAnaDev_data_AnaTuple_run00016031_Playlist.root	5.096692369165421e+17	5.0975137286493754e+17	1	15531		
FHC	data	1E	data16032	root://fndcadoor.fnal.gov:1095/pnfs/fnal.gov/usr/minerva/persistent/OpenData/MediumEnergy_FHC/Data/Playlist1E/MasterAnaDev_data_AnaTuple_run00016032_Playlist.root	2.228925962953567e+17	2.2289361828231587e+17	1	6852		
FHC	data	1E	data16036	root://fndcadoor.fnal.gov:1095/pnfs/fnal.gov/usr/minerva/persistent/OpenData/MediumEnergy_FHC/Data/Playlist1E/MasterAnaDev_data_AnaTuple_run00016036_Playlist.root	0.0	19112786874873.562	1	0		
FHC	data	1E	data16040	root://fndcadoor.fnal.gov:1095/pnfs/fnal.gov/usr/minerva/persistent/OpenData/MediumEnergy_FHC/Data/Playlist1E/MasterAnaDev_data_AnaTuple_run00016040_Playlist.root	6.2916556219577784e+16	6.329129308291166e+16	1	1897		
FHC	data	1E	data16041	root://fndcadoor.fnal.gov:1095/pnfs/fnal.gov/usr/minerva/persistent/OpenData/MediumEnergy_FHC/Data/Playlist1E/MasterAnaDev_data_AnaTuple_run00016041_Playlist.root	1.9115892497253418e+17	1.9181923190812544e+17	1	6019		
FHC	data	1E	data16042	root://fndcadoor.fnal.gov:1095/pnfs/fnal.gov/usr/minerva/persistent/OpenData/MediumEnergy_FHC/Data/Playlist1E/MasterAnaDev_data_AnaTuple_run00016042_Playlist.root	2.2188695809745792e+17	2.237322077414043e+17	1	7223		
FHC	data	1E	data16043	root://fndcadoor.fnal.gov:1095/pnfs/fnal.gov/usr/minerva/persistent/OpenData/MediumEnergy_FHC/Data/Playlist1E/MasterAnaDev_data_AnaTuple_run00016043_Playlist.root	5.785137343049051e+17	5.891900788463698e+17	1	18103		
FHC	data	1E	data16044	root://fndcadoor.fnal.gov:1095/pnfs/fnal.gov/usr/minerva/persistent/OpenData/MediumEnergy_FHC/Data/Playlist1E/MasterAnaDev_data_AnaTuple_run00016044_Playlist.root	3.239836726894378e+17	3.2753466301018285e+17	1	10118		
FHC	data	1E	data16045	root://fndcadoor.fnal.gov:1095/pnfs/fnal.gov/usr/minerva/persistent/OpenData/MediumEnergy_FHC/Data/Playlist1E/MasterAnaDev_data_AnaTuple_run00016045_Playlist.root	3.9600774410438534e+17	3.961200474824725e+17	1	12233		
FHC	data	1E	data16046	root://fndcadoor.fnal.gov:1095/pnfs/fnal.gov/usr/minerva/persistent/OpenData/MediumEnergy_FHC/Data/Playlist1E/MasterAnaDev_data_AnaTuple_run00016046_Playlist.root	4.9402059779548646e+17	5.0426333531601926e+17	1	15359		
FHC	data	1E	data16047	root://fndcadoor.fnal.gov:1095/pnfs/fnal.gov/usr/minerva/persistent/OpenData/MediumEnergy_FHC/Data/Playlist1E/MasterAnaDev_data_AnaTuple_run00016047_Playlist.root	4.7824712073946003e+17	4.78425829193538e+17	1	14848		
FHC	data	1E	data16048	root://fndcadoor.fnal.gov:1095/pnfs/fnal.gov/usr/minerva/persistent/OpenData/MediumEnergy_FHC/Data/Playlist1E/MasterAnaDev_data_AnaTuple_run00016048_Playlist.root	4.707850939030648e+17	4.873436172858827e+17	1	14460		
FHC	data	1E	data16049	root://fndcadoor.fnal.gov:1095/pnfs/fnal.gov/usr/minerva/persistent/OpenData/MediumEnergy_FHC/Data/Playlist1E/MasterAnaDev_data_AnaTuple_run00016049_Playlist.root	5.381451795568465e+17	5.383158670290725e+17	1	16651		
FHC	data	1E	data16050	root://fndcadoor.fnal.gov:1095/pnfs/fnal.gov/usr/minerva/persistent/OpenData/MediumEnergy_FHC/Data/Playlist1E/MasterAnaDev_data_AnaTuple_run00016050_Playlist.root	5.193460298399925e+17	5.227571017991881e+17	1	16188		
FHC	data	1E	data16051	root://fndcadoor.fnal.gov:1095/pnfs/fnal.gov/usr/minerva/persistent/OpenData/MediumEnergy_FHC/Data/Playlist1E/MasterAnaDev_data_AnaTuple_run00016051_Playlist.root	4.9426183152008064e+17	4.944410343034889e+17	1	15463		
FHC	data	1E	data16052	root://fndcadoor.fnal.gov:1095/pnfs/fnal.gov/usr/minerva/persistent/OpenData/MediumEnergy_FHC/Data/Playlist1E/MasterAnaDev_data_AnaTuple_run00016052_Playlist.root	4.179238633456229e+17	4.186112228786254e+17	1	13037		
FHC	data	1E	data16053	root://fndcadoor.fnal.gov:1095/pnfs/fnal.gov/usr/minerva/persistent/OpenData/MediumEnergy_FHC/Data/Playlist1E/MasterAnaDev_data_AnaTuple_run00016053_Playlist.root	4.536379005885125e+17	4.5380498033071654e+17	1	14222		
FHC	data	1E	data16054	root://fndcadoor.fnal.gov:1095/pnfs/fnal.gov/usr/minerva/persistent/OpenData/MediumEnergy_FHC/Data/Playlist1E/MasterAnaDev_data_AnaTuple_run00016054_Playlist.root	2.923661845593452e+17	2.931020638139351e+17	1	9024		
FHC	data	1E	data16055	root://fndcadoor.fnal.gov:1095/pnfs/fnal.gov/usr/minerva/persistent/OpenData/MediumEnergy_FHC/Data/Playlist1E/MasterAnaDev_data_AnaTuple_run00016055_Playlist.root	4.566384244360925e+17	4.5683862996538195e+17	1	14149		
FHC	data	1E	data16056	root://fndcadoor.fnal.gov:1095/pnfs/fnal.gov/usr/minerva/persistent/OpenData/MediumEnergy_FHC/Data/Playlist1E/MasterAnaDev_data_AnaTuple_run00016056_Playlist.root	3.773563089561463e+17	3.915799050866822e+17	1	11626		
FHC	data	1E	data16057	root://fndcadoor.fnal.gov:1095/pnfs/fnal.gov/usr/minerva/persistent/OpenData/MediumEnergy_FHC/Data/Playlist1E/MasterAnaDev_data_AnaTuple_run00016057_Playlist.root	4.327981999912261e+17	4.33015275122419e+17	1	13225		
FHC	data	1E	data16058	root://fndcadoor.fnal.gov:1095/pnfs/fnal.gov/usr/minerva/persistent/OpenData/MediumEnergy_FHC/Data/Playlist1E/MasterAnaDev_data_AnaTuple_run00016058_Playlist.root	4.5050309239768986e+17	4.505405297935094e+17	1	13888		
FHC	data	1E	data16059	root://fndcadoor.fnal.gov:1095/pnfs/fnal.gov/usr/minerva/persistent/OpenData/MediumEnergy_FHC/Data/Playlist1E/MasterAnaDev_data_AnaTuple_run00016059_Playlist.root	4.921109869489669e+17	4.9507351712036826e+17	1	15246		
FHC	data	1E	data16060	root://fndcadoor.fnal.gov:1095/pnfs/fnal.gov/usr/minerva/persistent/OpenData/MediumEnergy_FHC/Data/Playlist1E/MasterAnaDev_data_AnaTuple_run00016060_Playlist.root	4.9455050119018566e+17	4.94780728736333e+17	1	15154		
FHC	data	1E	data16061	root://fndcadoor.fnal.gov:1095/pnfs/fnal.gov/usr/minerva/persistent/OpenData/MediumEnergy_FHC/Data/Playlist1E/MasterAnaDev_data_AnaTuple_run00016061_Playlist.root	4.954313695192338e+17	4.984878278760404e+17	1	15499		
FHC	data	1E	data16062	root://fndcadoor.fnal.gov:1095/pnfs/fnal.gov/usr/minerva/persistent/OpenData/MediumEnergy_FHC/Data/Playlist1E/MasterAnaDev_data_AnaTuple_run00016062_Playlist.root	4.591521923179626e+17	4.592489977678184e+17	1	14222		
FHC	data	1E	data16063	root://fndcadoor.fnal.gov:1095/pnfs/fnal.gov/usr/minerva/persistent/OpenData/MediumEnergy_FHC/Data/Playlist1E/MasterAnaDev_data_AnaTuple_run00016063_Playlist.root	4.415731479129791e+17	4.476951901931076e+17	1	13588		
FHC	data	1E	data16064	root://fndcadoor.fnal.gov:1095/pnfs/fnal.gov/usr/minerva/persistent/OpenData/MediumEnergy_FHC/Data/Playlist1E/MasterAnaDev_data_AnaTuple_run00016064_Playlist.root	5.376672425518035e+17	5.3786323128483757e+17	1	16905		
FHC	data	1E	data16065	root://fndcadoor.fnal.gov:1095/pnfs/fnal.gov/usr/minerva/persistent/OpenData/MediumEnergy_FHC/Data/Playlist1E/MasterAnaDev_data_AnaTuple_run00016065_Playlist.root	3.098149759492875e+17	3.099391671059495e+17	1	9575		
FHC	data	1E	data16070	root://fndcadoor.fnal.gov:1095/pnfs/fnal.gov/usr/minerva/persistent/OpenData/MediumEnergy_FHC/Data/Playlist1E/MasterAnaDev_data_AnaTuple_run00016070_Playlist.root	2.1948919123744966e+17	2.2316345643180854e+17	1	6894		
FHC	data	1E	data16071	root://fndcadoor.fnal.gov:1095/pnfs/fnal.gov/usr/minerva/persistent/OpenData/MediumEnergy_FHC/Data/Playlist1E/MasterAnaDev_data_AnaTuple_run00016071_Playlist.root	3.9711143658685677e+17	3.9733623897250714e+17	1	12350		
FHC	data	1E	data16072	root://fndcadoor.fnal.gov:1095/pnfs/fnal.gov/usr/minerva/persistent/OpenData/MediumEnergy_FHC/Data/Playlist1E/MasterAnaDev_data_AnaTuple_run00016072_Playlist.root	4.113425893158912e+17	4.1147338071278246e+17	1	12665		
FHC	data	1E	data16073	root://fndcadoor.fnal.gov:1095/pnfs/fnal.gov/usr/minerva/persistent/OpenData/MediumEnergy_FHC/Data/Playlist1E/MasterAnaDev_data_AnaTuple_run00016073_Playlist.root	4.7201151833343514e+17	4.7520953150777683e+17	1	14772		
FHC	data	1E	data16074	root://fndcadoor.fnal.gov:1095/pnfs/fnal.gov/usr/minerva/persistent/OpenData/MediumEnergy_FHC/Data/Playlist1E/MasterAnaDev_data_AnaTuple_run00016074_Playlist.root	4.493592935900688e+17	4.495932093696168e+17	1	13862		
FHC	data	1E	data16075	root://fndcadoor.fnal.gov:1095/pnfs/fnal.gov/usr/minerva/persistent/OpenData/MediumEnergy_FHC/Data/Playlist1E/MasterAnaDev_data_AnaTuple_run00016075_Playlist.root	4.297552710080147e+17	4.3257511792763885e+17	1	13446		
FHC	data	1E	data16076	root://fndcadoor.fnal.gov:1095/pnfs/fnal.gov/usr/minerva/persistent/OpenData/MediumEnergy_FHC/Data/Playlist1E/MasterAnaDev_data_AnaTuple_run00016076_Playlist.root	4.3037767178154003e+17	4.3062273654543354e+17	1	13349		
FHC	data	1E	data16077	root://fndcadoor.fnal.gov:1095/pnfs/fnal.gov/usr/minerva/persistent/OpenData/MediumEnergy_FHC/Data/Playlist1E/MasterAnaDev_data_AnaTuple_run00016077_Playlist.root	5.5278343020248403e+17	5.529371850568068e+17	1	17245		
FHC	data	1E	data16078	root://fndcadoor.fnal.gov:1095/pnfs/fnal.gov/usr/minerva/persistent/OpenData/MediumEnergy_FHC/Data/Playlist1E/MasterAnaDev_data_AnaTuple_run00016078_Playlist.root	4.4007136655902854e+17	4.426114779730842e+17	1	13727		
FHC	data	1E	data16079	root://fndcadoor.fnal.gov:1095/pnfs/fnal.gov/usr/minerva/persistent/OpenData/MediumEnergy_FHC/Data/Playlist1E/MasterAnaDev_data_AnaTuple_run00016079_Playlist.root	4.653778043613435e+17	4.656857571586151e+17	1	14313		
FHC	data	1E	data16080	root://fndcadoor.fnal.gov:1095/pnfs/fnal.gov/usr/minerva/persistent/OpenData/MediumEnergy_FHC/Data/Playlist1E/MasterAnaDev_data_AnaTuple_run00016080_Playlist.root	2.7581614323902125e+17	4.988760763113665e+17	1	8353		
FHC	data	1E	data16081	root://fndcadoor.fnal.gov:1095/pnfs/fnal.gov/usr/minerva/persistent/OpenData/MediumEnergy_FHC/Data/Playlist1E/MasterAnaDev_data_AnaTuple_run00016081_Playlist.root	5.5390900989532474e+17	5.613613722682328e+17	1	17236		
FHC	data	1E	data16082	root://fndcadoor.fnal.gov:1095/pnfs/fnal.gov/usr/minerva/persistent/OpenData/MediumEnergy_FHC/Data/Playlist1E/MasterAnaDev_data_AnaTuple_run00016082_Playlist.root	5.5912709964323046e+17	5.5931117034659494e+17	1	17236		
FHC	data	1E	data16083	root://fndcadoor.fnal.gov:1095/pnfs/fnal.gov/usr/minerva/persistent/OpenData/MediumEnergy_FHC/Data/Playlist1E/MasterAnaDev_data_AnaTuple_run00016083_Playlist.root	5.574509666957856e+17	5.57705629647876e+17	1	17262		
FHC	data	1E	data16084	root://fndcadoor.fnal.gov:1095/pnfs/fnal.gov/usr/minerva/persistent/OpenData/MediumEnergy_FHC/Data/Playlist1E/MasterAnaDev_data_AnaTuple_run00016084_Playlist.root	5.2719196107196806e+17	5.309783284361883e+17	1	16559		
FHC	data	1E	data16085	root://fndcadoor.fnal.gov:1095/pnfs/fnal.gov/usr/minerva/persistent/OpenData/MediumEnergy_FHC/Data/Playlist1E/MasterAnaDev_data_AnaTuple_run00016085_Playlist.root	5.462449983024598e+17	5.465497273013771e+17	1	17009		
FHC	data	1E	data16086	root://fndcadoor.fnal.gov:1095/pnfs/fnal.gov/usr/minerva/persistent/OpenData/MediumEnergy_FHC/Data/Playlist1E/MasterAnaDev_data_AnaTuple_run00016086_Playlist.root	5.3738905162811283e+17	5.4129146458946394e+17	1	16518		
FHC	data	1E	data16087	root://fndcadoor.fnal.gov:1095/pnfs/fnal.gov/usr/minerva/persistent/OpenData/MediumEnergy_FHC/Data/Playlist1E/MasterAnaDev_data_AnaTuple_run00016087_Playlist.root	4.763609676523208e+17	4.7649994563485914e+17	1	14588		
FHC	data	1E	data16088	root://fndcadoor.fnal.gov:1095/pnfs/fnal.gov/usr/minerva/persistent/OpenData/MediumEnergy_FHC/Data/Playlist1E/MasterAnaDev_data_AnaTuple_run00016088_Playlist.root	4.517519221601486e+17	4.51904016253583e+17	1	13948		
FHC	data	1E	data16089	root://fndcadoor.fnal.gov:1095/pnfs/fnal.gov/usr/minerva/persistent/OpenData/MediumEnergy_FHC/Data/Playlist1E/MasterAnaDev_data_AnaTuple_run00016089_Playlist.root	4.4729373240661626e+17	4.5262486888192e+17	1	13710		
FHC	data	1E	data16090	root://fndcadoor.fnal.gov:1095/pnfs/fnal.gov/usr/minerva/persistent/OpenData/MediumEnergy_FHC/Data/Playlist1E/MasterAnaDev_data_AnaTuple_run00016090_Playlist.root	5.1404616184711456e+17	5.142575885748453e+17	1	15815		
FHC	data	1E	data16091	root://fndcadoor.fnal.gov:1095/pnfs/fnal.gov/usr/minerva/persistent/OpenData/MediumEnergy_FHC/Data/Playlist1E/MasterAnaDev_data_AnaTuple_run00016091_Playlist.root	9.181990715885163e+16	9.182909388848138e+16	1	2854		
FHC	data	1E	data16092	root://fndcadoor.fnal.gov:1095/pnfs/fnal.gov/usr/minerva/persistent/OpenData/MediumEnergy_FHC/Data/Playlist1E/MasterAnaDev_data_AnaTuple_run00016092_Playlist.root	5.324131325035095e+17	5.642300611501881e+17	1	16557		
FHC	data	1E	data16093	root://fndcadoor.fnal.gov:1095/pnfs/fnal.gov/usr/minerva/persistent/OpenData/MediumEnergy_FHC/Data/Playlist1E/MasterAnaDev_data_AnaTuple_run00016093_Playlist.root	5.4459470345783245e+17	5.4472193565237965e+17	1	16521		
FHC	data	1E	data16094	root://fndcadoor.fnal.gov:1095/pnfs/fnal.gov/usr/minerva/persistent/OpenData/MediumEnergy_FHC/Data/Playlist1E/MasterAnaDev_data_AnaTuple_run00016094_Playlist.root	5.519406262359618e+17	5.5596384853994515e+17	1	16915		
FHC	data	1E	data16095	root://fndcadoor.fnal.gov:1095/pnfs/fnal.gov/usr/minerva/persistent/OpenData/MediumEnergy_FHC/Data/Playlist1E/MasterAnaDev_data_AnaTuple_run00016095_Playlist.root	5.1086488748979565e+17	5.110195776573153e+17	1	15702		
FHC	data	1E	data16096	root://fndcadoor.fnal.gov:1095/pnfs/fnal.gov/usr/minerva/persistent/OpenData/MediumEnergy_FHC/Data/Playlist1E/MasterAnaDev_data_AnaTuple_run00016096_Playlist.root	5.3308248234939584e+17	5.3333004702434e+17	1	16511		
FHC	data	1E	data16097	root://fndcadoor.fnal.gov:1095/pnfs/fnal.gov/usr/minerva/persistent/OpenData/MediumEnergy_FHC/Data/Playlist1E/MasterAnaDev_data_AnaTuple_run00016097_Playlist.root	2.910121956958771e+17	2.947178906349385e+17	1	9114		
FHC	data	1E	data16098	root://fndcadoor.fnal.gov:1095/pnfs/fnal.gov/usr/minerva/persistent/OpenData/MediumEnergy_FHC/Data/Playlist1E/MasterAnaDev_data_AnaTuple_run00016098_Playlist.root	9.192626540222167e+17	9.194214961259721e+17	1	28501		
FHC	data	1E	data16099	root://fndcadoor.fnal.gov:1095/pnfs/fnal.gov/usr/minerva/persistent/OpenData/MediumEnergy_FHC/Data/Playlist1E/MasterAnaDev_data_AnaTuple_run00016099_Playlist.root	5.4030001109123224e+16	5.494404617447382e+16	1	1641		
FHC	data	1E	data16100	root://fndcadoor.fnal.gov:1095/pnfs/fnal.gov/usr/minerva/persistent/OpenData/MediumEnergy_FHC/Data/Playlist1E/MasterAnaDev_data_AnaTuple_run00016100_Playlist.root	9937687696456910.0	4.7831845937925843e+17	1	321		
FHC	data	1E	data16101	root://fndcadoor.fnal.gov:1095/pnfs/fnal.gov/usr/minerva/persistent/OpenData/MediumEnergy_FHC/Data/Playlist1E/MasterAnaDev_data_AnaTuple_run00016101_Playlist.root	4.3323277701234816e+17	4.4727355560492717e+17	1	13536		
FHC	data	1E	data16102	root://fndcadoor.fnal.gov:1095/pnfs/fnal.gov/usr/minerva/persistent/OpenData/MediumEnergy_FHC/Data/Playlist1E/MasterAnaDev_data_AnaTuple_run00016102_Playlist.root	3.942927714695932e+17	3.943763947607481e+17	1	12231		
FHC	data	1E	data16103	root://fndcadoor.fnal.gov:1095/pnfs/fnal.gov/usr/minerva/persistent/OpenData/MediumEnergy_FHC/Data/Playlist1E/MasterAnaDev_data_AnaTuple_run00016103_Playlist.root	1.5147326049613952e+17	3.552600546040615e+17	1	4744		
FHC	data	1E	data16104	root://fndcadoor.fnal.gov:1095/pnfs/fnal.gov/usr/minerva/persistent/OpenData/MediumEnergy_FHC/Data/Playlist1E/MasterAnaDev_data_AnaTuple_run00016104_Playlist.root	2.4914642248153686e+17	3.745816253279182e+17	1	7681		
FHC	data	1E	data16105	root://fndcadoor.fnal.gov:1095/pnfs/fnal.gov/usr/minerva/persistent/OpenData/MediumEnergy_FHC/Data/Playlist1E/MasterAnaDev_data_AnaTuple_run00016105_Playlist.root	2.534828997268677e+17	2.5710260293979488e+17	1	7893		
FHC	data	1E	data16106	root://fndcadoor.fnal.gov:1095/pnfs/fnal.gov/usr/minerva/persistent/OpenData/MediumEnergy_FHC/Data/Playlist1E/MasterAnaDev_data_AnaTuple_run00016106_Playlist.root	3.4126292784404755e+17	3.413864020210522e+17	1	10658		
FHC	data	1E	data16107	root://fndcadoor.fnal.gov:1095/pnfs/fnal.gov/usr/minerva/persistent/OpenData/MediumEnergy_FHC/Data/Playlist1E/MasterAnaDev_data_AnaTuple_run00016107_Playlist.root	2.6623670556068422e+17	2.7713097013154074e+17	1	8176		
FHC	data	1E	data16108	root://fndcadoor.fnal.gov:1095/pnfs/fnal.gov/usr/minerva/persistent/OpenData/MediumEnergy_FHC/Data/Playlist1E/MasterAnaDev_data_AnaTuple_run00016108_Playlist.root	2.6422424958419795e+17	2.7847776081366493e+17	1	8136		
FHC	data	1E	data16109	root://fndcadoor.fnal.gov:1095/pnfs/fnal.gov/usr/minerva/persistent/OpenData/MediumEnergy_FHC/Data/Playlist1E/MasterAnaDev_data_AnaTuple_run00016109_Playlist.root	3621684823989868.0	3621880470163305.5	1	113		
FHC	data	1E	data16118	root://fndcadoor.fnal.gov:1095/pnfs/fnal.gov/usr/minerva/persistent/OpenData/MediumEnergy_FHC/Data/Playlist1E/MasterAnaDev_data_AnaTuple_run00016118_Playlist.root	3.925050391426086e+17	3.927973687044636e+17	1	12226		
FHC	data	1E	data16119	root://fndcadoor.fnal.gov:1095/pnfs/fnal.gov/usr/minerva/persistent/OpenData/MediumEnergy_FHC/Data/Playlist1E/MasterAnaDev_data_AnaTuple_run00016119_Playlist.root	5.970268723487854e+17	6.008933545967108e+17	1	18253		
FHC	data	1E	data16120	root://fndcadoor.fnal.gov:1095/pnfs/fnal.gov/usr/minerva/persistent/OpenData/MediumEnergy_FHC/Data/Playlist1E/MasterAnaDev_data_AnaTuple_run00016120_Playlist.root	5.820082831983567e+17	5.822539331124068e+17	1	18138		
FHC	data	1E	data16121	root://fndcadoor.fnal.gov:1095/pnfs/fnal.gov/usr/minerva/persistent/OpenData/MediumEnergy_FHC/Data/Playlist1E/MasterAnaDev_data_AnaTuple_run00016121_Playlist.root	6.295909928894043e+17	6.335195469108906e+17	1	19357		
FHC	data	1E	data16122	root://fndcadoor.fnal.gov:1095/pnfs/fnal.gov/usr/minerva/persistent/OpenData/MediumEnergy_FHC/Data/Playlist1E/MasterAnaDev_data_AnaTuple_run00016122_Playlist.root	6.281047544312477e+17	6.282024514331688e+17	1	19473		
FHC	data	1E	data16123	root://fndcadoor.fnal.gov:1095/pnfs/fnal.gov/usr/minerva/persistent/OpenData/MediumEnergy_FHC/Data/Playlist1E/MasterAnaDev_data_AnaTuple_run00016123_Playlist.root	5.927448547835351e+17	5.964297903997866e+17	1	18241		
FHC	data	1E	data16124	root://fndcadoor.fnal.gov:1095/pnfs/fnal.gov/usr/minerva/persistent/OpenData/MediumEnergy_FHC/Data/Playlist1E/MasterAnaDev_data_AnaTuple_run00016124_Playlist.root	6.067939240150454e+17	6.070307704677592e+17	1	18867		
FHC	data	1E	data16125	root://fndcadoor.fnal.gov:1095/pnfs/fnal.gov/usr/minerva/persistent/OpenData/MediumEnergy_FHC/Data/Playlist1E/MasterAnaDev_data_AnaTuple_run00016125_Playlist.root	6.085178536844253e+17	6.124822381809791e+17	1	18684		
FHC	data	1E	data16126	root://fndcadoor.fnal.gov:1095/pnfs/fnal.gov/usr/minerva/persistent/OpenData/MediumEnergy_FHC/Data/Playlist1E/MasterAnaDev_data_AnaTuple_run00016126_Playlist.root	6.161964950718881e+17	6.244828543233153e+17	1	19170		
FHC	data	1E	data16127	root://fndcadoor.fnal.gov:1095/pnfs/fnal.gov/usr/minerva/persistent/OpenData/MediumEnergy_FHC/Data/Playlist1E/MasterAnaDev_data_AnaTuple_run00016127_Playlist.root	6.081437298631667e+17	6.082669144602606e+17	1	18929		
FHC	data	1E	data16128	root://fndcadoor.fnal.gov:1095/pnfs/fnal.gov/usr/minerva/persistent/OpenData/MediumEnergy_FHC/Data/Playlist1E/MasterAnaDev_data_AnaTuple_run00016128_Playlist.root	5.6010001680564864e+17	5.603647058919847e+17	1	17415		
FHC	data	1E	data16129	root://fndcadoor.fnal.gov:1095/pnfs/fnal.gov/usr/minerva/persistent/OpenData/MediumEnergy_FHC/Data/Playlist1E/MasterAnaDev_data_AnaTuple_run00016129_Playlist.root	2.844349375891685e+17	2.881677819522978e+17	1	8686		
FHC	data	1E	data16131	root://fndcadoor.fnal.gov:1095/pnfs/fnal.gov/usr/minerva/persistent/OpenData/MediumEnergy_FHC/Data/Playlist1E/MasterAnaDev_data_AnaTuple_run00016131_Playlist.root	5.000365899138452e+17	5.0032866534041626e+17	1	15349		
FHC	data	1E	data16132	root://fndcadoor.fnal.gov:1095/pnfs/fnal.gov/usr/minerva/persistent/OpenData/MediumEnergy_FHC/Data/Playlist1E/MasterAnaDev_data_AnaTuple_run00016132_Playlist.root	5.7410764022541056e+17	5.778967274336922e+17	1	17781		
FHC	data	1E	data16133	root://fndcadoor.fnal.gov:1095/pnfs/fnal.gov/usr/minerva/persistent/OpenData/MediumEnergy_FHC/Data/Playlist1E/MasterAnaDev_data_AnaTuple_run00016133_Playlist.root	6.114752767663003e+17	6.117629067959908e+17	1	19083		
FHC	data	1E	data16134	root://fndcadoor.fnal.gov:1095/pnfs/fnal.gov/usr/minerva/persistent/OpenData/MediumEnergy_FHC/Data/Playlist1E/MasterAnaDev_data_AnaTuple_run00016134_Playlist.root	6.082756458568573e+17	6.122158981946607e+17	1	18693		
FHC	data	1E	data16135	root://fndcadoor.fnal.gov:1095/pnfs/fnal.gov/usr/minerva/persistent/OpenData/MediumEnergy_FHC/Data/Playlist1E/MasterAnaDev_data_AnaTuple_run00016135_Playlist.root	6.11064135840416e+17	6.113039799470493e+17	1	18927		
FHC	data	1E	data16136	root://fndcadoor.fnal.gov:1095/pnfs/fnal.gov/usr/minerva/persistent/OpenData/MediumEnergy_FHC/Data/Playlist1E/MasterAnaDev_data_AnaTuple_run00016136_Playlist.root	5.6505801034164416e+17	5.690633766029672e+17	1	17568		
FHC	data	1E	data16137	root://fndcadoor.fnal.gov:1095/pnfs/fnal.gov/usr/minerva/persistent/OpenData/MediumEnergy_FHC/Data/Playlist1E/MasterAnaDev_data_AnaTuple_run00016137_Playlist.root	5.821770373477937e+17	5.823755446114533e+17	1	17794		
FHC	data	1E	data16138	root://fndcadoor.fnal.gov:1095/pnfs/fnal.gov/usr/minerva/persistent/OpenData/MediumEnergy_FHC/Data/Playlist1E/MasterAnaDev_data_AnaTuple_run00016138_Playlist.root	6.192836500673294e+17	6.195087857077321e+17	1	19171		
FHC	data	1E	data16139	root://fndcadoor.fnal.gov:1095/pnfs/fnal.gov/usr/minerva/persistent/OpenData/MediumEnergy_FHC/Data/Playlist1E/MasterAnaDev_data_AnaTuple_run00016139_Playlist.root	5.905040209398268e+17	5.945515358842084e+17	1	18154		
FHC	data	1E	data16140	root://fndcadoor.fnal.gov:1095/pnfs/fnal.gov/usr/minerva/persistent/OpenData/MediumEnergy_FHC/Data/Playlist1E/MasterAnaDev_data_AnaTuple_run00016140_Playlist.root	3.986222354412078e+17	3.988049939275446e+17	1	12278		
FHC	data	1E	data16141	root://fndcadoor.fnal.gov:1095/pnfs/fnal.gov/usr/minerva/persistent/OpenData/MediumEnergy_FHC/Data/Playlist1E/MasterAnaDev_data_AnaTuple_run00016141_Playlist.root	5.5545636637115475e+17	5.594677800074288e+17	1	17069		
FHC	data	1E	data16142	root://fndcadoor.fnal.gov:1095/pnfs/fnal.gov/usr/minerva/persistent/OpenData/MediumEnergy_FHC/Data/Playlist1E/MasterAnaDev_data_AnaTuple_run00016142_Playlist.root	6.048555418615341e+17	6.049604909122089e+17	1	18740		
FHC	data	1E	data16143	root://fndcadoor.fnal.gov:1095/pnfs/fnal.gov/usr/minerva/persistent/OpenData/MediumEnergy_FHC/Data/Playlist1E/MasterAnaDev_data_AnaTuple_run00016143_Playlist.root	6.017075507564544e+17	6.056448849980809e+17	1	18618		
FHC	data	1E	data16144	root://fndcadoor.fnal.gov:1095/pnfs/fnal.gov/usr/minerva/persistent/OpenData/MediumEnergy_FHC/Data/Playlist1E/MasterAnaDev_data_AnaTuple_run00016144_Playlist.root	5.653887889957428e+17	5.6564141198977914e+17	1	17488		
FHC	data	1E	data16145	root://fndcadoor.fnal.gov:1095/pnfs/fnal.gov/usr/minerva/persistent/OpenData/MediumEnergy_FHC/Data/Playlist1E/MasterAnaDev_data_AnaTuple_run00016145_Playlist.root	5.891076006689073e+17	5.929042929284691e+17	1	18509		
FHC	data	1E	data16146	root://fndcadoor.fnal.gov:1095/pnfs/fnal.gov/usr/minerva/persistent/OpenData/MediumEnergy_FHC/Data/Playlist1E/MasterAnaDev_data_AnaTuple_run00016146_Playlist.root	6.097762736854555e+17	6.254696932746593e+17	1	18799		
FHC	data	1E	data16147	root://fndcadoor.fnal.gov:1095/pnfs/fnal.gov/usr/minerva/persistent/OpenData/MediumEnergy_FHC/Data/Playlist1E/MasterAnaDev_data_AnaTuple_run00016147_Playlist.root	6.270245973324774e+17	6.272757263738884e+17	1	19511		
FHC	data	1E	data16148	root://fndcadoor.fnal.gov:1095/pnfs/fnal.gov/usr/minerva/persistent/OpenData/MediumEnergy_FHC/Data/Playlist1E/MasterAnaDev_data_AnaTuple_run00016148_Playlist.root	6.521962469100954e+17	6.558401123500635e+17	1	20075		
FHC	data	1E	data16149	root://fndcadoor.fnal.gov:1095/pnfs/fnal.gov/usr/minerva/persistent/OpenData/MediumEnergy_FHC/Data/Playlist1E/MasterAnaDev_data_AnaTuple_run00016149_Playlist.root	5.959267980318068e+17	5.961394680110478e+17	1	18408		
FHC	data	1E	data16150	root://fndcadoor.fnal.gov:1095/pnfs/fnal.gov/usr/minerva/persistent/OpenData/MediumEnergy_FHC/Data/Playlist1E/MasterAnaDev_data_AnaTuple_run00016150_Playlist.root	5.549712237815856e+17	5.688858559309715e+17	1	5816		
FHC	data	1E	data16151	root://fndcadoor.fnal.gov:1095/pnfs/fnal.gov/usr/minerva/persistent/OpenData/MediumEnergy_FHC/Data/Playlist1E/MasterAnaDev_data_AnaTuple_run00016151_Playlist.root	2.598807099304199e+17	2.7267419738885725e+17	1	1626		
FHC	data	1E	data16152	root://fndcadoor.fnal.gov:1095/pnfs/fnal.gov/usr/minerva/persistent/OpenData/MediumEnergy_FHC/Data/Playlist1E/MasterAnaDev_data_AnaTuple_run00016152_Playlist.root	1.023767935447693e+17	1.2122911162541038e+17	1	952		
FHC	data	1E	data16153	root://fndcadoor.fnal.gov:1095/pnfs/fnal.gov/usr/minerva/persistent/OpenData/MediumEnergy_FHC/Data/Playlist1E/MasterAnaDev_data_AnaTuple_run00016153_Playlist.root	5.53894289955616e+17	5.540103831358995e+17	1	17191		
FHC	data	1E	data16154	root://fndcadoor.fnal.gov:1095/pnfs/fnal.gov/usr/minerva/persistent/OpenData/MediumEnergy_FHC/Data/Playlist1E/MasterAnaDev_data_AnaTuple_run00016154_Playlist.root	1.9294984562397005e+17	2.0130337503928032e+17	1	5745		
FHC	data	1E	data16155	root://fndcadoor.fnal.gov:1095/pnfs/fnal.gov/usr/minerva/persistent/OpenData/MediumEnergy_FHC/Data/Playlist1E/MasterAnaDev_data_AnaTuple_run00016155_Playlist.root	6.118812067084314e+17	6.193092385369742e+17	1	18844		
FHC	data	1E	data16156	root://fndcadoor.fnal.gov:1095/pnfs/fnal.gov/usr/minerva/persistent/OpenData/MediumEnergy_FHC/Data/Playlist1E/MasterAnaDev_data_AnaTuple_run00016156_Playlist.root	6.088540415554047e+17	6.090607922285728e+17	1	18976		
FHC	data	1E	data16157	root://fndcadoor.fnal.gov:1095/pnfs/fnal.gov/usr/minerva/persistent/OpenData/MediumEnergy_FHC/Data/Playlist1E/MasterAnaDev_data_AnaTuple_run00016157_Playlist.root	5.823214546480179e+17	5.82396842017809e+17	1	17857		
FHC	data	1E	data16158	root://fndcadoor.fnal.gov:1095/pnfs/fnal.gov/usr/minerva/persistent/OpenData/MediumEnergy_FHC/Data/Playlist1E/MasterAnaDev_data_AnaTuple_run00016158_Playlist.root	6.158466011533736e+17	6.196908497766822e+17	1	19129		
FHC	data	1E	data16159	root://fndcadoor.fnal.gov:1095/pnfs/fnal.gov/usr/minerva/persistent/OpenData/MediumEnergy_FHC/Data/Playlist1E/MasterAnaDev_data_AnaTuple_run00016159_Playlist.root	6.07899110780716e+17	6.080336367290117e+17	1	18632		
FHC	data	1E	data16160	root://fndcadoor.fnal.gov:1095/pnfs/fnal.gov/usr/minerva/persistent/OpenData/MediumEnergy_FHC/Data/Playlist1E/MasterAnaDev_data_AnaTuple_run00016160_Playlist.root	6.189404961338044e+17	6.228807528434092e+17	1	19164		
FHC	data	1E	data16161	root://fndcadoor.fnal.gov:1095/pnfs/fnal.gov/usr/minerva/persistent/OpenData/MediumEnergy_FHC/Data/Playlist1E/MasterAnaDev_data_AnaTuple_run00016161_Playlist.root	6.097204712572097e+17	6.099508220759738e+17	1	18839		
FHC	data	1E	data16162	root://fndcadoor.fnal.gov:1095/pnfs/fnal.gov/usr/minerva/persistent/OpenData/MediumEnergy_FHC/Data/Playlist1E/MasterAnaDev_data_AnaTuple_run00016162_Playlist.root	5.5939524132156384e+17	5.635563550982434e+17	1	17330		
FHC	data	1E	data16163	root://fndcadoor.fnal.gov:1095/pnfs/fnal.gov/usr/minerva/persistent/OpenData/MediumEnergy_FHC/Data/Playlist1E/MasterAnaDev_data_AnaTuple_run00016163_Playlist.root	5.7316829037094125e+17	5.7336475139748544e+17	1	17860		
FHC	data	1E	data16164	root://fndcadoor.fnal.gov:1095/pnfs/fnal.gov/usr/minerva/persistent/OpenData/MediumEnergy_FHC/Data/Playlist1E/MasterAnaDev_data_AnaTuple_run00016164_Playlist.root	5.671461442761422e+17	5.710117281349083e+17	1	17733		
FHC	data	1E	data16165	root://fndcadoor.fnal.gov:1095/pnfs/fnal.gov/usr/minerva/persistent/OpenData/MediumEnergy_FHC/Data/Playlist1E/MasterAnaDev_data_AnaTuple_run00016165_Playlist.root	6.029088996310234e+17	6.030872601541443e+17	1	18587		
FHC	data	1E	data16166	root://fndcadoor.fnal.gov:1095/pnfs/fnal.gov/usr/minerva/persistent/OpenData/MediumEnergy_FHC/Data/Playlist1E/MasterAnaDev_data_AnaTuple_run00016166_Playlist.root	6.101549945883753e+17	6.139480679519628e+17	1	18915		
FHC	data	1E	data16167	root://fndcadoor.fnal.gov:1095/pnfs/fnal.gov/usr/minerva/persistent/OpenData/MediumEnergy_FHC/Data/Playlist1E/MasterAnaDev_data_AnaTuple_run00016167_Playlist.root	6.298370617132187e+17	6.30033841869939e+17	1	19611		
FHC	data	1E	data16168	root://fndcadoor.fnal.gov:1095/pnfs/fnal.gov/usr/minerva/persistent/OpenData/MediumEnergy_FHC/Data/Playlist1E/MasterAnaDev_data_AnaTuple_run00016168_Playlist.root	6.018308252983094e+17	6.019415441668512e+17	1	18675		
FHC	data	1E	data16169	root://fndcadoor.fnal.gov:1095/pnfs/fnal.gov/usr/minerva/persistent/OpenData/MediumEnergy_FHC/Data/Playlist1E/MasterAnaDev_data_AnaTuple_run00016169_Playlist.root	6.372303738679884e+17	6.409371176047996e+17	1	20113		
FHC	data	1E	data16170	root://fndcadoor.fnal.gov:1095/pnfs/fnal.gov/usr/minerva/persistent/OpenData/MediumEnergy_FHC/Data/Playlist1E/MasterAnaDev_data_AnaTuple_run00016170_Playlist.root	6.087330333504677e+17	6.089282674391438e+17	1	18874		
FHC	data	1E	data16171	root://fndcadoor.fnal.gov:1095/pnfs/fnal.gov/usr/minerva/persistent/OpenData/MediumEnergy_FHC/Data/Playlist1E/MasterAnaDev_data_AnaTuple_run00016171_Playlist.root	5.902315605802536e+17	5.939974166929633e+17	1	18376		
FHC	data	1E	data16172	root://fndcadoor.fnal.gov:1095/pnfs/fnal.gov/usr/minerva/persistent/OpenData/MediumEnergy_FHC/Data/Playlist1E/MasterAnaDev_data_AnaTuple_run00016172_Playlist.root	5.751869644703866e+17	5.752899158291737e+17	1	17796		
FHC	data	1E	data16173	root://fndcadoor.fnal.gov:1095/pnfs/fnal.gov/usr/minerva/persistent/OpenData/MediumEnergy_FHC/Data/Playlist1E/MasterAnaDev_data_AnaTuple_run00016173_Playlist.root	5.4402557516288755e+17	5.5972891382854534e+17	1	16890		
FHC	data	1E	data16174	root://fndcadoor.fnal.gov:1095/pnfs/fnal.gov/usr/minerva/persistent/OpenData/MediumEnergy_FHC/Data/Playlist1E/MasterAnaDev_data_AnaTuple_run00016174_Playlist.root	5.718600388588904e+17	5.7204925557821037e+17	1	17893		
FHC	data	1E	data16175	root://fndcadoor.fnal.gov:1095/pnfs/fnal.gov/usr/minerva/persistent/OpenData/MediumEnergy_FHC/Data/Playlist1E/MasterAnaDev_data_AnaTuple_run00016175_Playlist.root	8.685079770183562e+16	9.185987777023598e+16	1	2609		
FHC	data	1E	data16176	root://fndcadoor.fnal.gov:1095/pnfs/fnal.gov/usr/minerva/persistent/OpenData/MediumEnergy_FHC/Data/Playlist1E/MasterAnaDev_data_AnaTuple_run00016176_Playlist.root	5.644039477939605e+17	5.6730296680265517e+17	1	17327		
FHC	data	1E	data16177	root://fndcadoor.fnal.gov:1095/pnfs/fnal.gov/usr/minerva/persistent/OpenData/MediumEnergy_FHC/Data/Playlist1E/MasterAnaDev_data_AnaTuple_run00016177_Playlist.root	6.192072529335022e+17	6.193787402386874e+17	1	19152		
FHC	data	1E	data16178	root://fndcadoor.fnal.gov:1095/pnfs/fnal.gov/usr/minerva/persistent/OpenData/MediumEnergy_FHC/Data/Playlist1E/MasterAnaDev_data_AnaTuple_run00016178_Playlist.root	5.6084222247934336e+17	5.646715941420198e+17	1	17590		
FHC	data	1E	data16179	root://fndcadoor.fnal.gov:1095/pnfs/fnal.gov/usr/minerva/persistent/OpenData/MediumEnergy_FHC/Data/Playlist1E/MasterAnaDev_data_AnaTuple_run00016179_Playlist.root	5.878062837777137e+17	5.924703065998876e+17	1	18295		
FHC	data	1E	data16180	root://fndcadoor.fnal.gov:1095/pnfs/fnal.gov/usr/minerva/persistent/OpenData/MediumEnergy_FHC/Data/Playlist1E/MasterAnaDev_data_AnaTuple_run00016180_Playlist.root	5.77576066327572e+17	5.776527396329957e+17	1	17607		
FHC	data	1E	data16181	root://fndcadoor.fnal.gov:1095/pnfs/fnal.gov/usr/minerva/persistent/OpenData/MediumEnergy_FHC/Data/Playlist1E/MasterAnaDev_data_AnaTuple_run00016181_Playlist.root	5.336739184451104e+17	5.33758552725714e+17	1	16379		
FHC	data	1E	data16182	root://fndcadoor.fnal.gov:1095/pnfs/fnal.gov/usr/minerva/persistent/OpenData/MediumEnergy_FHC/Data/Playlist1E/MasterAnaDev_data_AnaTuple_run00016182_Playlist.root	5.516794721169472e+17	5.771699888788274e+17	1	16930		
FHC	data	1E	data16183	root://fndcadoor.fnal.gov:1095/pnfs/fnal.gov/usr/minerva/persistent/OpenData/MediumEnergy_FHC/Data/Playlist1E/MasterAnaDev_data_AnaTuple_run00016183_Playlist.root	5.7231699615764614e+17	5.724171561611846e+17	1	17944		
FHC	data	1E	data16184	root://fndcadoor.fnal.gov:1095/pnfs/fnal.gov/usr/minerva/persistent/OpenData/MediumEnergy_FHC/Data/Playlist1E/MasterAnaDev_data_AnaTuple_run00016184_Playlist.root	5.9786638184309e+17	6.018312085897878e+17	1	18431		
FHC	data	1E	data16185	root://fndcadoor.fnal.gov:1095/pnfs/fnal.gov/usr/minerva/persistent/OpenData/MediumEnergy_FHC/Data/Playlist1E/MasterAnaDev_data_AnaTuple_run00016185_Playlist.root	2.8515492401885987e+17	6.362885802148585e+17	1	8933		
FHC	data	1E	data16186	root://fndcadoor.fnal.gov:1095/pnfs/fnal.gov/usr/minerva/persistent/OpenData/MediumEnergy_FHC/Data/Playlist1E/MasterAnaDev_data_AnaTuple_run00016186_Playlist.root	6.414543142747878e+17	6.452591703527392e+17	1	19918		
FHC	data	1E	data16187	root://fndcadoor.fnal.gov:1095/pnfs/fnal.gov/usr/minerva/persistent/OpenData/MediumEnergy_FHC/Data/Playlist1E/MasterAnaDev_data_AnaTuple_run00016187_Playlist.root	5.995022760477068e+17	5.997437147619323e+17	1	18258		
FHC	data	1E	data16188	root://fndcadoor.fnal.gov:1095/pnfs/fnal.gov/usr/minerva/persistent/OpenData/MediumEnergy_FHC/Data/Playlist1E/MasterAnaDev_data_AnaTuple_run00016188_Playlist.root	5.256642911767958e+17	5.258032664731278e+17	1	16320		
FHC	data	1E	data16189	root://fndcadoor.fnal.gov:1095/pnfs/fnal.gov/usr/minerva/persistent/OpenData/MediumEnergy_FHC/Data/Playlist1E/MasterAnaDev_data_AnaTuple_run00016189_Playlist.root	5.575728926177026e+17	5.616003642958324e+17	1	17233		
FHC	data	1E	data16190	root://fndcadoor.fnal.gov:1095/pnfs/fnal.gov/usr/minerva/persistent/OpenData/MediumEnergy_FHC/Data/Playlist1E/MasterAnaDev_data_AnaTuple_run00016190_Playlist.root	6.173049127388004e+17	6.174055145274824e+17	1	19196		
FHC	data	1E	data16191	root://fndcadoor.fnal.gov:1095/pnfs/fnal.gov/usr/minerva/persistent/OpenData/MediumEnergy_FHC/Data/Playlist1E/MasterAnaDev_data_AnaTuple_run00016191_Playlist.root	6.17323313881874e+17	6.211221544230216e+17	1	19314		
FHC	data	1E	data16192	root://fndcadoor.fnal.gov:1095/pnfs/fnal.gov/usr/minerva/persistent/OpenData/MediumEnergy_FHC/Data/Playlist1E/MasterAnaDev_data_AnaTuple_run00016192_Playlist.root	6.207525225315094e+17	6.20971065521549e+17	1	19260		
FHC	data	1E	data16193	root://fndcadoor.fnal.gov:1095/pnfs/fnal.gov/usr/minerva/persistent/OpenData/MediumEnergy_FHC/Data/Playlist1E/MasterAnaDev_data_AnaTuple_run00016193_Playlist.root	6.145114276294708e+17	6.257937896964777e+17	1	18952		
FHC	data	1E	data16194	root://fndcadoor.fnal.gov:1095/pnfs/fnal.gov/usr/minerva/persistent/OpenData/MediumEnergy_FHC/Data/Playlist1E/MasterAnaDev_data_AnaTuple_run00016194_Playlist.root	5.901952735910417e+17	5.903396512972502e+17	1	18194		
FHC	data	1E	data16195	root://fndcadoor.fnal.gov:1095/pnfs/fnal.gov/usr/minerva/persistent/OpenData/MediumEnergy_FHC/Data/Playlist1E/MasterAnaDev_data_AnaTuple_run00016195_Playlist.root	5.945521067600251e+17	5.982457243206975e+17	1	18274		
FHC	data	1E	data16196	root://fndcadoor.fnal.gov:1095/pnfs/fnal.gov/usr/minerva/persistent/OpenData/MediumEnergy_FHC/Data/Playlist1E/MasterAnaDev_data_AnaTuple_run00016196_Playlist.root	5.606446362214089e+17	5.608568765169958e+17	1	17394		
FHC	data	1E	data16197	root://fndcadoor.fnal.gov:1095/pnfs/fnal.gov/usr/minerva/persistent/OpenData/MediumEnergy_FHC/Data/Playlist1E/MasterAnaDev_data_AnaTuple_run00016197_Playlist.root	5.4621373761224755e+17	5.496233929106196e+17	1	16927		
FHC	data	1E	data16198	root://fndcadoor.fnal.gov:1095/pnfs/fnal.gov/usr/minerva/persistent/OpenData/MediumEnergy_FHC/Data/Playlist1E/MasterAnaDev_data_AnaTuple_run00016198_Playlist.root	6.275689829082488e+17	6.279890326007631e+17	1	19263		
FHC	data	1E	data16199	root://fndcadoor.fnal.gov:1095/pnfs/fnal.gov/usr/minerva/persistent/OpenData/MediumEnergy_FHC/Data/Playlist1E/MasterAnaDev_data_AnaTuple_run00016199_Playlist.root	3.2238307227420806e+17	3.225179983203611e+17	1	9899		
FHC	data	1E	data16200	root://fndcadoor.fnal.gov:1095/pnfs/fnal.gov/usr/minerva/persistent/OpenData/MediumEnergy_FHC/Data/Playlist1E/MasterAnaDev_data_AnaTuple_run00016200_Playlist.root	5.721228229331969e+17	5.737928586818528e+17	1	17567		
FHC	data	1E	data16201	root://fndcadoor.fnal.gov:1095/pnfs/fnal.gov/usr/minerva/persistent/OpenData/MediumEnergy_FHC/Data/Playlist1E/MasterAnaDev_data_AnaTuple_run00016201_Playlist.root	6.402741170945165e+17	6.40474134790963e+17	1	19674		
FHC	data	1E	data16202	root://fndcadoor.fnal.gov:1095/pnfs/fnal.gov/usr/minerva/persistent/OpenData/MediumEnergy_FHC/Data/Playlist1E/MasterAnaDev_data_AnaTuple_run00016202_Playlist.root	6.217856683235168e+17	6.257007546409528e+17	1	19138		
FHC	data	1E	data16203	root://fndcadoor.fnal.gov:1095/pnfs/fnal.gov/usr/minerva/persistent/OpenData/MediumEnergy_FHC/Data/Playlist1E/MasterAnaDev_data_AnaTuple_run00016203_Playlist.root	6.210126461105348e+17	6.211145089225491e+17	1	19090		
FHC	data	1E	data16204	root://fndcadoor.fnal.gov:1095/pnfs/fnal.gov/usr/minerva/persistent/OpenData/MediumEnergy_FHC/Data/Playlist1E/MasterAnaDev_data_AnaTuple_run00016204_Playlist.root	6.104902639584543e+17	6.139666643776055e+17	1	18850		
FHC	data	1E	data16205	root://fndcadoor.fnal.gov:1095/pnfs/fnal.gov/usr/minerva/persistent/OpenData/MediumEnergy_FHC/Data/Playlist1E/MasterAnaDev_data_AnaTuple_run00016205_Playlist.root	5.94631446917534e+17	5.947380410843085e+17	1	18361		
FHC	data	1E	data16206	root://fndcadoor.fnal.gov:1095/pnfs/fnal.gov/usr/minerva/persistent/OpenData/MediumEnergy_FHC/Data/Playlist1E/MasterAnaDev_data_AnaTuple_run00016206_Playlist.root	5.6184093859624864e+17	5.657465889769688e+17	1	17254		
FHC	data	1E	data16207	root://fndcadoor.fnal.gov:1095/pnfs/fnal.gov/usr/minerva/persistent/OpenData/MediumEnergy_FHC/Data/Playlist1E/MasterAnaDev_data_AnaTuple_run00016207_Playlist.root	5.858999866180419e+17	5.861365923071233e+17	1	18091		
FHC	data	1E	data16208	root://fndcadoor.fnal.gov:1095/pnfs/fnal.gov/usr/minerva/persistent/OpenData/MediumEnergy_FHC/Data/Playlist1E/MasterAnaDev_data_AnaTuple_run00016208_Playlist.root	5.939792733373642e+17	5.978459325499072e+17	1	18620		
FHC	data	1E	data16209	root://fndcadoor.fnal.gov:1095/pnfs/fnal.gov/usr/minerva/persistent/OpenData/MediumEnergy_FHC/Data/Playlist1E/MasterAnaDev_data_AnaTuple_run00016209_Playlist.root	5.921744375658035e+17	5.923676145316549e+17	1	18160		
FHC	data	1E	data16210	root://fndcadoor.fnal.gov:1095/pnfs/fnal.gov/usr/minerva/persistent/OpenData/MediumEnergy_FHC/Data/Playlist1E/MasterAnaDev_data_AnaTuple_run00016210_Playlist.root	5.533941692790985e+17	5.535005698282836e+17	1	17205		
FHC	data	1E	data16211	root://fndcadoor.fnal.gov:1095/pnfs/fnal.gov/usr/minerva/persistent/OpenData/MediumEnergy_FHC/Data/Playlist1E/MasterAnaDev_data_AnaTuple_run00016211_Playlist.root	5.82029213027954e+17	5.856410334745482e+17	1	18288		
FHC	data	1E	data16212	root://fndcadoor.fnal.gov:1095/pnfs/fnal.gov/usr/minerva/persistent/OpenData/MediumEnergy_FHC/Data/Playlist1E/MasterAnaDev_data_AnaTuple_run00016212_Playlist.root	6.202311273260118e+17	6.204236135661706e+17	1	19275		
FHC	data	1E	data16213	root://fndcadoor.fnal.gov:1095/pnfs/fnal.gov/usr/minerva/persistent/OpenData/MediumEnergy_FHC/Data/Playlist1E/MasterAnaDev_data_AnaTuple_run00016213_Playlist.root	5.91860380739212e+17	5.95353486907803e+17	1	18326		
FHC	data	1E	data16214	root://fndcadoor.fnal.gov:1095/pnfs/fnal.gov/usr/minerva/persistent/OpenData/MediumEnergy_FHC/Data/Playlist1E/MasterAnaDev_data_AnaTuple_run00016214_Playlist.root	3.184046022963523e+17	3.184563489718999e+17	1	9779		
FHC	data	1E	data16402	root://fndcadoor.fnal.gov:1095/pnfs/fnal.gov/usr/minerva/persistent/OpenData/MediumEnergy_FHC/Data/Playlist1E/MasterAnaDev_data_AnaTuple_run00016402_Playlist.root	0.0	232867652160464.78	1	0		
FHC	data	1E	data16403	root://fndcadoor.fnal.gov:1095/pnfs/fnal.gov/usr/minerva/persistent/OpenData/MediumEnergy_FHC/Data/Playlist1E/MasterAnaDev_data_AnaTuple_run00016403_Playlist.root	7.0422140899086e+17	7.434026966353268e+17	1	22060		
FHC	data	1E	data16404	root://fndcadoor.fnal.gov:1095/pnfs/fnal.gov/usr/minerva/persistent/OpenData/MediumEnergy_FHC/Data/Playlist1E/MasterAnaDev_data_AnaTuple_run00016404_Playlist.root	5.915339432768822e+17	5.958019566435302e+17	1	18250		
FHC	data	1E	data16405	root://fndcadoor.fnal.gov:1095/pnfs/fnal.gov/usr/minerva/persistent/OpenData/MediumEnergy_FHC/Data/Playlist1E/MasterAnaDev_data_AnaTuple_run00016405_Playlist.root	6.048475830011369e+17	6.096496051759085e+17	1	18686		
FHC	data	1E	data16406	root://fndcadoor.fnal.gov:1095/pnfs/fnal.gov/usr/minerva/persistent/OpenData/MediumEnergy_FHC/Data/Playlist1E/MasterAnaDev_data_AnaTuple_run00016406_Playlist.root	6.294466237392425e+17	6.312571361093358e+17	1	19627		
FHC	data	1E	data16407	root://fndcadoor.fnal.gov:1095/pnfs/fnal.gov/usr/minerva/persistent/OpenData/MediumEnergy_FHC/Data/Playlist1E/MasterAnaDev_data_AnaTuple_run00016407_Playlist.root	3.8481909892320634e+17	3.8888564648352474e+17	1	11778		
FHC	data	1E	data16500	root://fndcadoor.fnal.gov:1095/pnfs/fnal.gov/usr/minerva/persistent/OpenData/MediumEnergy_FHC/Data/Playlist1E/MasterAnaDev_data_AnaTuple_run00016500_Playlist.root	5.789135674114227e+17	6.226012387855293e+17	1	17899		
FHC	data	1E	data16501	root://fndcadoor.fnal.gov:1095/pnfs/fnal.gov/usr/minerva/persistent/OpenData/MediumEnergy_FHC/Data/Playlist1E/MasterAnaDev_data_AnaTuple_run00016501_Playlist.root	5.96167570773125e+17	5.961787421975082e+17	1	18517		
FHC	data	1E	data16502	root://fndcadoor.fnal.gov:1095/pnfs/fnal.gov/usr/minerva/persistent/OpenData/MediumEnergy_FHC/Data/Playlist1E/MasterAnaDev_data_AnaTuple_run00016502_Playlist.root	2.4802815748405456e+17	2.6177843986048554e+17	1	7648		
FHC	data	1E	data16503	root://fndcadoor.fnal.gov:1095/pnfs/fnal.gov/usr/minerva/persistent/OpenData/MediumEnergy_FHC/Data/Playlist1E/MasterAnaDev_data_AnaTuple_run00016503_Playlist.root	1.8312205925083158e+17	1.83127443396014e+17	1	5821		
FHC	data	1E	data16505	root://fndcadoor.fnal.gov:1095/pnfs/fnal.gov/usr/minerva/persistent/OpenData/MediumEnergy_FHC/Data/Playlist1E/MasterAnaDev_data_AnaTuple_run00016505_Playlist.root	6.439442531452179e+17	6.439461311114476e+17	1	19790		
FHC	data	1E	data16506	root://fndcadoor.fnal.gov:1095/pnfs/fnal.gov/usr/minerva/persistent/OpenData/MediumEnergy_FHC/Data/Playlist1E/MasterAnaDev_data_AnaTuple_run00016506_Playlist.root	6.326267455916404e+17	6.391554807145851e+17	1	19648		
FHC	data	1E	data16507	root://fndcadoor.fnal.gov:1095/pnfs/fnal.gov/usr/minerva/persistent/OpenData/MediumEnergy_FHC/Data/Playlist1E/MasterAnaDev_data_AnaTuple_run00016507_Playlist.root	6.49916320465088e+17	6.500112747138762e+17	1	20061		
FHC	data	1E	data16508	root://fndcadoor.fnal.gov:1095/pnfs/fnal.gov/usr/minerva/persistent/OpenData/MediumEnergy_FHC/Data/Playlist1E/MasterAnaDev_data_AnaTuple_run00016508_Playlist.root	5.5715888885879514e+17	5.600878222824197e+17	1	17381		
FHC	data	1E	data16510	root://fndcadoor.fnal.gov:1095/pnfs/fnal.gov/usr/minerva/persistent/OpenData/MediumEnergy_FHC/Data/Playlist1E/MasterAnaDev_data_AnaTuple_run00016510_Playlist.root	6.499592952737809e+17	6.500599377069487e+17	1	20007		
FHC	data	1E	data16511	root://fndcadoor.fnal.gov:1095/pnfs/fnal.gov/usr/minerva/persistent/OpenData/MediumEnergy_FHC/Data/Playlist1E/MasterAnaDev_data_AnaTuple_run00016511_Playlist.root	6.411122626342774e+17	6.449669970354176e+17	1	19902		
FHC	data	1E	data16512	root://fndcadoor.fnal.gov:1095/pnfs/fnal.gov/usr/minerva/persistent/OpenData/MediumEnergy_FHC/Data/Playlist1E/MasterAnaDev_data_AnaTuple_run00016512_Playlist.root	6.202712217674257e+17	6.205020851076524e+17	1	19317		
FHC	data	1E	data16513	root://fndcadoor.fnal.gov:1095/pnfs/fnal.gov/usr/minerva/persistent/OpenData/MediumEnergy_FHC/Data/Playlist1E/MasterAnaDev_data_AnaTuple_run00016513_Playlist.root	4.9752659591865555e+17	4.977068303689814e+17	1	15404		
FHC	data	1E	data16514	root://fndcadoor.fnal.gov:1095/pnfs/fnal.gov/usr/minerva/persistent/OpenData/MediumEnergy_FHC/Data/Playlist1E/MasterAnaDev_data_AnaTuple_run00016514_Playlist.root	6.00605709517002e+17	6.006932049053074e+17	1	18676		
FHC	data	1E	data16515	root://fndcadoor.fnal.gov:1095/pnfs/fnal.gov/usr/minerva/persistent/OpenData/MediumEnergy_FHC/Data/Playlist1E/MasterAnaDev_data_AnaTuple_run00016515_Playlist.root	6.321273497667313e+17	6.359295846102853e+17	1	19556		
FHC	data	1E	data16516	root://fndcadoor.fnal.gov:1095/pnfs/fnal.gov/usr/minerva/persistent/OpenData/MediumEnergy_FHC/Data/Playlist1E/MasterAnaDev_data_AnaTuple_run00016516_Playlist.root	6.033592040405274e+17	6.035749539968146e+17	1	18460		
FHC	data	1E	data16517	root://fndcadoor.fnal.gov:1095/pnfs/fnal.gov/usr/minerva/persistent/OpenData/MediumEnergy_FHC/Data/Playlist1E/MasterAnaDev_data_AnaTuple_run00016517_Playlist.root	6.377845477705004e+17	6.413930128157884e+17	1	20060		
FHC	data	1E	data16518	root://fndcadoor.fnal.gov:1095/pnfs/fnal.gov/usr/minerva/persistent/OpenData/MediumEnergy_FHC/Data/Playlist1E/MasterAnaDev_data_AnaTuple_run00016518_Playlist.root	5.696081934809685e+17	5.697964171816638e+17	1	17467		
FHC	data	1E	data16519	root://fndcadoor.fnal.gov:1095/pnfs/fnal.gov/usr/minerva/persistent/OpenData/MediumEnergy_FHC/Data/Playlist1E/MasterAnaDev_data_AnaTuple_run00016519_Playlist.root	3.6098837348127366e+17	3.8127275424505306e+17	1	11059		
FHC	data	1E	data16520	root://fndcadoor.fnal.gov:1095/pnfs/fnal.gov/usr/minerva/persistent/OpenData/MediumEnergy_FHC/Data/Playlist1E/MasterAnaDev_data_AnaTuple_run00016520_Playlist.root	5.2503659254169466e+17	5.251707441872161e+17	1	16169		
FHC	data	1E	data16521	root://fndcadoor.fnal.gov:1095/pnfs/fnal.gov/usr/minerva/persistent/OpenData/MediumEnergy_FHC/Data/Playlist1E/MasterAnaDev_data_AnaTuple_run00016521_Playlist.root	3.357035288033485e+17	3.358235834341027e+17	1	10528		
FHC	data	1E	data16522	root://fndcadoor.fnal.gov:1095/pnfs/fnal.gov/usr/minerva/persistent/OpenData/MediumEnergy_FHC/Data/Playlist1E/MasterAnaDev_data_AnaTuple_run00016522_Playlist.root	6.451951169967652e+17	6.487211016610132e+17	1	19787		
FHC	data	1F	data16523	root://fndcadoor.fnal.gov:1095/pnfs/fnal.gov/usr/minerva/persistent/OpenData/MediumEnergy_FHC/Data/Playlist1F/MasterAnaDev_data_AnaTuple_run00016523_Playlist.root	3.843927376270294e+17	3.845880441998713e+17	1	11880		
FHC	data	1F	data16525	root://fndcadoor.fnal.gov:1095/pnfs/fnal.gov/usr/minerva/persistent/OpenData/MediumEnergy_FHC/Data/Playlist1F/MasterAnaDev_data_AnaTuple_run00016525_Playlist.root	4.393584026994705e+17	4.4104164051741914e+17	1	13781		
FHC	data	1F	data16526	root://fndcadoor.fnal.gov:1095/pnfs/fnal.gov/usr/minerva/persistent/OpenData/MediumEnergy_FHC/Data/Playlist1F/MasterAnaDev_data_AnaTuple_run00016526_Playlist.root	4.453161981205941e+17	4.454192442769867e+17	1	14049		
FHC	data	1F	data16528	root://fndcadoor.fnal.gov:1095/pnfs/fnal.gov/usr/minerva/persistent/OpenData/MediumEnergy_FHC/Data/Playlist1F/MasterAnaDev_data_AnaTuple_run00016528_Playlist.root	5.828636694173814e+17	5.866535237367375e+17	1	18021		
FHC	data	1F	data16529	root://fndcadoor.fnal.gov:1095/pnfs/fnal.gov/usr/minerva/persistent/OpenData/MediumEnergy_FHC/Data/Playlist1F/MasterAnaDev_data_AnaTuple_run00016529_Playlist.root	6.104403490281106e+17	6.174403204478813e+17	1	18993		
FHC	data	1F	data16530	root://fndcadoor.fnal.gov:1095/pnfs/fnal.gov/usr/minerva/persistent/OpenData/MediumEnergy_FHC/Data/Playlist1F/MasterAnaDev_data_AnaTuple_run00016530_Playlist.root	6.100929785661697e+17	6.1020334150263e+17	1	18906		
FHC	data	1F	data16531	root://fndcadoor.fnal.gov:1095/pnfs/fnal.gov/usr/minerva/persistent/OpenData/MediumEnergy_FHC/Data/Playlist1F/MasterAnaDev_data_AnaTuple_run00016531_Playlist.root	5.69645532283306e+17	5.735393875078254e+17	1	17632		
FHC	data	1F	data16532	root://fndcadoor.fnal.gov:1095/pnfs/fnal.gov/usr/minerva/persistent/OpenData/MediumEnergy_FHC/Data/Playlist1F/MasterAnaDev_data_AnaTuple_run00016532_Playlist.root	5.141020123257637e+17	5.1437119309266874e+17	1	16072		
FHC	data	1F	data16533	root://fndcadoor.fnal.gov:1095/pnfs/fnal.gov/usr/minerva/persistent/OpenData/MediumEnergy_FHC/Data/Playlist1F/MasterAnaDev_data_AnaTuple_run00016533_Playlist.root	3.8058721634197235e+17	3.842880473302473e+17	1	11593		
FHC	data	1F	data16534	root://fndcadoor.fnal.gov:1095/pnfs/fnal.gov/usr/minerva/persistent/OpenData/MediumEnergy_FHC/Data/Playlist1F/MasterAnaDev_data_AnaTuple_run00016534_Playlist.root	6.29192909316063e+17	6.442464226229709e+17	1	19421		
FHC	data	1F	data16535	root://fndcadoor.fnal.gov:1095/pnfs/fnal.gov/usr/minerva/persistent/OpenData/MediumEnergy_FHC/Data/Playlist1F/MasterAnaDev_data_AnaTuple_run00016535_Playlist.root	6.700609774379729e+17	6.702793657018126e+17	1	20648		
FHC	data	1F	data16536	root://fndcadoor.fnal.gov:1095/pnfs/fnal.gov/usr/minerva/persistent/OpenData/MediumEnergy_FHC/Data/Playlist1F/MasterAnaDev_data_AnaTuple_run00016536_Playlist.root	6.248000962686537e+17	6.285352692984445e+17	1	19283		
FHC	data	1F	data16537	root://fndcadoor.fnal.gov:1095/pnfs/fnal.gov/usr/minerva/persistent/OpenData/MediumEnergy_FHC/Data/Playlist1F/MasterAnaDev_data_AnaTuple_run00016537_Playlist.root	5.967274634075164e+17	5.969399176736614e+17	1	18488		
FHC	data	1F	data16538	root://fndcadoor.fnal.gov:1095/pnfs/fnal.gov/usr/minerva/persistent/OpenData/MediumEnergy_FHC/Data/Playlist1F/MasterAnaDev_data_AnaTuple_run00016538_Playlist.root	5.426727401137352e+17	5.4613574246419974e+17	1	16990		
FHC	data	1F	data16539	root://fndcadoor.fnal.gov:1095/pnfs/fnal.gov/usr/minerva/persistent/OpenData/MediumEnergy_FHC/Data/Playlist1F/MasterAnaDev_data_AnaTuple_run00016539_Playlist.root	5.933113480935098e+17	5.935433805894419e+17	1	18146		
FHC	data	1F	data16540	root://fndcadoor.fnal.gov:1095/pnfs/fnal.gov/usr/minerva/persistent/OpenData/MediumEnergy_FHC/Data/Playlist1F/MasterAnaDev_data_AnaTuple_run00016540_Playlist.root	5.1685603426980966e+17	5.202316956160631e+17	1	15883		
FHC	data	1F	data16541	root://fndcadoor.fnal.gov:1095/pnfs/fnal.gov/usr/minerva/persistent/OpenData/MediumEnergy_FHC/Data/Playlist1F/MasterAnaDev_data_AnaTuple_run00016541_Playlist.root	5.934210736732483e+17	5.93647961370984e+17	1	18302		
FHC	data	1F	data16542	root://fndcadoor.fnal.gov:1095/pnfs/fnal.gov/usr/minerva/persistent/OpenData/MediumEnergy_FHC/Data/Playlist1F/MasterAnaDev_data_AnaTuple_run00016542_Playlist.root	5.568038078227042e+17	5.5823311707733875e+17	1	17183		
FHC	data	1F	data16543	root://fndcadoor.fnal.gov:1095/pnfs/fnal.gov/usr/minerva/persistent/OpenData/MediumEnergy_FHC/Data/Playlist1F/MasterAnaDev_data_AnaTuple_run00016543_Playlist.root	5.171378474879265e+17	5.172884517788828e+17	1	15826		
FHC	data	1F	data16544	root://fndcadoor.fnal.gov:1095/pnfs/fnal.gov/usr/minerva/persistent/OpenData/MediumEnergy_FHC/Data/Playlist1F/MasterAnaDev_data_AnaTuple_run00016544_Playlist.root	6.074969932746888e+17	6.113401068652415e+17	1	18890		
FHC	data	1F	data16545	root://fndcadoor.fnal.gov:1095/pnfs/fnal.gov/usr/minerva/persistent/OpenData/MediumEnergy_FHC/Data/Playlist1F/MasterAnaDev_data_AnaTuple_run00016545_Playlist.root	4.856961965436936e+17	4.858478511801055e+17	1	15076		
FHC	data	1F	data16546	root://fndcadoor.fnal.gov:1095/pnfs/fnal.gov/usr/minerva/persistent/OpenData/MediumEnergy_FHC/Data/Playlist1F/MasterAnaDev_data_AnaTuple_run00016546_Playlist.root	6.411598268980982e+17	6.449752832573972e+17	1	19955		
FHC	data	1F	data16547	root://fndcadoor.fnal.gov:1095/pnfs/fnal.gov/usr/minerva/persistent/OpenData/MediumEnergy_FHC/Data/Playlist1F/MasterAnaDev_data_AnaTuple_run00016547_Playlist.root	1.14409156291008e+17	1.1442948525939811e+17	1	3577		
FHC	data	1F	data16553	root://fndcadoor.fnal.gov:1095/pnfs/fnal.gov/usr/minerva/persistent/OpenData/MediumEnergy_FHC/Data/Playlist1F/MasterAnaDev_data_AnaTuple_run00016553_Playlist.root	3.8409556448936474e+17	5.328647611729342e+17	1	11681		
FHC	data	1F	data16554	root://fndcadoor.fnal.gov:1095/pnfs/fnal.gov/usr/minerva/persistent/OpenData/MediumEnergy_FHC/Data/Playlist1F/MasterAnaDev_data_AnaTuple_run00016554_Playlist.root	6.009679250645638e+17	6.045889856162854e+17	1	18422		
FHC	data	1F	data16555	root://fndcadoor.fnal.gov:1095/pnfs/fnal.gov/usr/minerva/persistent/OpenData/MediumEnergy_FHC/Data/Playlist1F/MasterAnaDev_data_AnaTuple_run00016555_Playlist.root	6.04539163655281e+17	6.045546512627948e+17	1	18572		
FHC	data	1F	data16556	root://fndcadoor.fnal.gov:1095/pnfs/fnal.gov/usr/minerva/persistent/OpenData/MediumEnergy_FHC/Data/Playlist1F/MasterAnaDev_data_AnaTuple_run00016556_Playlist.root	5.860857035503387e+17	5.897119841179496e+17	1	18008		
FHC	data	1F	data16557	root://fndcadoor.fnal.gov:1095/pnfs/fnal.gov/usr/minerva/persistent/OpenData/MediumEnergy_FHC/Data/Playlist1F/MasterAnaDev_data_AnaTuple_run00016557_Playlist.root	6.79769662686348e+17	6.799829664429708e+17	1	20947		
FHC	data	1F	data16558	root://fndcadoor.fnal.gov:1095/pnfs/fnal.gov/usr/minerva/persistent/OpenData/MediumEnergy_FHC/Data/Playlist1F/MasterAnaDev_data_AnaTuple_run00016558_Playlist.root	6.314883307762144e+17	6.351725419723935e+17	1	19430		
FHC	data	1F	data16559	root://fndcadoor.fnal.gov:1095/pnfs/fnal.gov/usr/minerva/persistent/OpenData/MediumEnergy_FHC/Data/Playlist1F/MasterAnaDev_data_AnaTuple_run00016559_Playlist.root	5.963105104608536e+17	5.964676174796202e+17	1	18440		
FHC	data	1F	data16560	root://fndcadoor.fnal.gov:1095/pnfs/fnal.gov/usr/minerva/persistent/OpenData/MediumEnergy_FHC/Data/Playlist1F/MasterAnaDev_data_AnaTuple_run00016560_Playlist.root	6.224341573724746e+17	6.261455827917012e+17	1	18987		
FHC	data	1F	data16561	root://fndcadoor.fnal.gov:1095/pnfs/fnal.gov/usr/minerva/persistent/OpenData/MediumEnergy_FHC/Data/Playlist1F/MasterAnaDev_data_AnaTuple_run00016561_Playlist.root	5.995526384162904e+17	6.088231077552275e+17	1	18436		
FHC	data	1F	data16562	root://fndcadoor.fnal.gov:1095/pnfs/fnal.gov/usr/minerva/persistent/OpenData/MediumEnergy_FHC/Data/Playlist1F/MasterAnaDev_data_AnaTuple_run00016562_Playlist.root	5.4585082049608237e+17	5.631442067373869e+17	1	17007		
FHC	data	1F	data16563	root://fndcadoor.fnal.gov:1095/pnfs/fnal.gov/usr/minerva/persistent/OpenData/MediumEnergy_FHC/Data/Playlist1F/MasterAnaDev_data_AnaTuple_run00016563_Playlist.root	6.373804975490569e+17	6.374766340182642e+17	1	19829		
FHC	data	1F	data16564	root://fndcadoor.fnal.gov:1095/pnfs/fnal.gov/usr/minerva/persistent/OpenData/MediumEnergy_FHC/Data/Playlist1F/MasterAnaDev_data_AnaTuple_run00016564_Playlist.root	6.304822856121064e+17	6.30679257984031e+17	1	19663		
FHC	data	1F	data16565	root://fndcadoor.fnal.gov:1095/pnfs/fnal.gov/usr/minerva/persistent/OpenData/MediumEnergy_FHC/Data/Playlist1F/MasterAnaDev_data_AnaTuple_run00016565_Playlist.root	5.859550309810638e+17	5.893847416213192e+17	1	18205		
FHC	data	1F	data16566	root://fndcadoor.fnal.gov:1095/pnfs/fnal.gov/usr/minerva/persistent/OpenData/MediumEnergy_FHC/Data/Playlist1F/MasterAnaDev_data_AnaTuple_run00016566_Playlist.root	3.4636378874301914e+17	3.4844931197749626e+17	1	10737		
FHC	data	1F	data16567	root://fndcadoor.fnal.gov:1095/pnfs/fnal.gov/usr/minerva/persistent/OpenData/MediumEnergy_FHC/Data/Playlist1F/MasterAnaDev_data_AnaTuple_run00016567_Playlist.root	6.312763340878487e+17	6.31496272644061e+17	1	19057		
FHC	data	1F	data16568	root://fndcadoor.fnal.gov:1095/pnfs/fnal.gov/usr/minerva/persistent/OpenData/MediumEnergy_FHC/Data/Playlist1F/MasterAnaDev_data_AnaTuple_run00016568_Playlist.root	6.784728121628762e+17	6.791146766498694e+17	1	20782		
FHC	data	1F	data16569	root://fndcadoor.fnal.gov:1095/pnfs/fnal.gov/usr/minerva/persistent/OpenData/MediumEnergy_FHC/Data/Playlist1F/MasterAnaDev_data_AnaTuple_run00016569_Playlist.root	6.725131039228438e+17	6.768682552463475e+17	1	20598		
FHC	data	1F	data16570	root://fndcadoor.fnal.gov:1095/pnfs/fnal.gov/usr/minerva/persistent/OpenData/MediumEnergy_FHC/Data/Playlist1F/MasterAnaDev_data_AnaTuple_run00016570_Playlist.root	5.784189026637075e+17	5.790802700367633e+17	1	17652		
FHC	data	1F	data16571	root://fndcadoor.fnal.gov:1095/pnfs/fnal.gov/usr/minerva/persistent/OpenData/MediumEnergy_FHC/Data/Playlist1F/MasterAnaDev_data_AnaTuple_run00016571_Playlist.root	6.063436607332229e+17	6.103867666423521e+17	1	18757		
FHC	data	1F	data16572	root://fndcadoor.fnal.gov:1095/pnfs/fnal.gov/usr/minerva/persistent/OpenData/MediumEnergy_FHC/Data/Playlist1F/MasterAnaDev_data_AnaTuple_run00016572_Playlist.root	6.813305899324415e+17	6.814837860832017e+17	1	21222		
FHC	data	1F	data16573	root://fndcadoor.fnal.gov:1095/pnfs/fnal.gov/usr/minerva/persistent/OpenData/MediumEnergy_FHC/Data/Playlist1F/MasterAnaDev_data_AnaTuple_run00016573_Playlist.root	6.302977079372406e+17	6.341704854902063e+17	1	19556		
FHC	data	1F	data16574	root://fndcadoor.fnal.gov:1095/pnfs/fnal.gov/usr/minerva/persistent/OpenData/MediumEnergy_FHC/Data/Playlist1F/MasterAnaDev_data_AnaTuple_run00016574_Playlist.root	6.655943387289047e+17	6.657924084273516e+17	1	20502		
FHC	data	1F	data16575	root://fndcadoor.fnal.gov:1095/pnfs/fnal.gov/usr/minerva/persistent/OpenData/MediumEnergy_FHC/Data/Playlist1F/MasterAnaDev_data_AnaTuple_run00016575_Playlist.root	6.206626563787461e+17	6.245535356262894e+17	1	19177		
FHC	data	1F	data16576	root://fndcadoor.fnal.gov:1095/pnfs/fnal.gov/usr/minerva/persistent/OpenData/MediumEnergy_FHC/Data/Playlist1F/MasterAnaDev_data_AnaTuple_run00016576_Playlist.root	9.997223523588178e+17	1.0035594280995314e+18	1	30878		
FHC	data	1F	data16577	root://fndcadoor.fnal.gov:1095/pnfs/fnal.gov/usr/minerva/persistent/OpenData/MediumEnergy_FHC/Data/Playlist1F/MasterAnaDev_data_AnaTuple_run00016577_Playlist.root	6.736640430059433e+17	6.738410235859884e+17	1	20822		
FHC	data	1F	data16578	root://fndcadoor.fnal.gov:1095/pnfs/fnal.gov/usr/minerva/persistent/OpenData/MediumEnergy_FHC/Data/Playlist1F/MasterAnaDev_data_AnaTuple_run00016578_Playlist.root	2.853956296825409e+16	2.854112796865194e+16	1	937		
FHC	data	1F	data16581	root://fndcadoor.fnal.gov:1095/pnfs/fnal.gov/usr/minerva/persistent/OpenData/MediumEnergy_FHC/Data/Playlist1F/MasterAnaDev_data_AnaTuple_run00016581_Playlist.root	9.498319133901597e+16	9.509888802441547e+16	1	3058		
FHC	data	1F	data16582	root://fndcadoor.fnal.gov:1095/pnfs/fnal.gov/usr/minerva/persistent/OpenData/MediumEnergy_FHC/Data/Playlist1F/MasterAnaDev_data_AnaTuple_run00016582_Playlist.root	5.7177237123346323e+17	5.75635578188996e+17	1	17445		
FHC	data	1F	data16583	root://fndcadoor.fnal.gov:1095/pnfs/fnal.gov/usr/minerva/persistent/OpenData/MediumEnergy_FHC/Data/Playlist1F/MasterAnaDev_data_AnaTuple_run00016583_Playlist.root	6.468454097537994e+17	6.470794087748513e+17	1	19779		
FHC	data	1F	data16584	root://fndcadoor.fnal.gov:1095/pnfs/fnal.gov/usr/minerva/persistent/OpenData/MediumEnergy_FHC/Data/Playlist1F/MasterAnaDev_data_AnaTuple_run00016584_Playlist.root	6.863566164484024e+17	6.902372286622912e+17	1	20894		
FHC	data	1F	data16585	root://fndcadoor.fnal.gov:1095/pnfs/fnal.gov/usr/minerva/persistent/OpenData/MediumEnergy_FHC/Data/Playlist1F/MasterAnaDev_data_AnaTuple_run00016585_Playlist.root	7.109235652589796e+17	7.110811491196573e+17	1	21645		
FHC	data	1F	data16586	root://fndcadoor.fnal.gov:1095/pnfs/fnal.gov/usr/minerva/persistent/OpenData/MediumEnergy_FHC/Data/Playlist1F/MasterAnaDev_data_AnaTuple_run00016586_Playlist.root	6.089899024276733e+17	6.134749323569754e+17	1	18418		
FHC	data	1F	data16587	root://fndcadoor.fnal.gov:1095/pnfs/fnal.gov/usr/minerva/persistent/OpenData/MediumEnergy_FHC/Data/Playlist1F/MasterAnaDev_data_AnaTuple_run00016587_Playlist.root	7.57692937318802e+17	7.579083525836388e+17	1	23161		
FHC	data	1F	data16588	root://fndcadoor.fnal.gov:1095/pnfs/fnal.gov/usr/minerva/persistent/OpenData/MediumEnergy_FHC/Data/Playlist1F/MasterAnaDev_data_AnaTuple_run00016588_Playlist.root	5.782133820142747e+17	5.82552958639515e+17	1	17582		
FHC	data	1F	data16589	root://fndcadoor.fnal.gov:1095/pnfs/fnal.gov/usr/minerva/persistent/OpenData/MediumEnergy_FHC/Data/Playlist1F/MasterAnaDev_data_AnaTuple_run00016589_Playlist.root	3.708521919803619e+17	3.708526837776468e+17	1	11286		
FHC	data	1F	data16590	root://fndcadoor.fnal.gov:1095/pnfs/fnal.gov/usr/minerva/persistent/OpenData/MediumEnergy_FHC/Data/Playlist1F/MasterAnaDev_data_AnaTuple_run00016590_Playlist.root	1.2248205617370604e+18	1.2288448772644457e+18	1	37546		
FHC	data	1F	data16591	root://fndcadoor.fnal.gov:1095/pnfs/fnal.gov/usr/minerva/persistent/OpenData/MediumEnergy_FHC/Data/Playlist1F/MasterAnaDev_data_AnaTuple_run00016591_Playlist.root	6.749816480379105e+17	6.75229408280638e+17	1	20753		
FHC	data	1F	data16592	root://fndcadoor.fnal.gov:1095/pnfs/fnal.gov/usr/minerva/persistent/OpenData/MediumEnergy_FHC/Data/Playlist1F/MasterAnaDev_data_AnaTuple_run00016592_Playlist.root	6.85230611495018e+17	6.89695979823627e+17	1	20890		
FHC	data	1F	data16593	root://fndcadoor.fnal.gov:1095/pnfs/fnal.gov/usr/minerva/persistent/OpenData/MediumEnergy_FHC/Data/Playlist1F/MasterAnaDev_data_AnaTuple_run00016593_Playlist.root	5.778640132541656e+17	5.779793148526985e+17	1	17416		
FHC	data	1F	data16594	root://fndcadoor.fnal.gov:1095/pnfs/fnal.gov/usr/minerva/persistent/OpenData/MediumEnergy_FHC/Data/Playlist1F/MasterAnaDev_data_AnaTuple_run00016594_Playlist.root	3.4357790427780154e+17	3.4369376400782835e+17	1	10284		
FHC	data	1F	data16597	root://fndcadoor.fnal.gov:1095/pnfs/fnal.gov/usr/minerva/persistent/OpenData/MediumEnergy_FHC/Data/Playlist1F/MasterAnaDev_data_AnaTuple_run00016597_Playlist.root	7.005416041169166e+17	7.023915793865352e+17	1	21492		
FHC	data	1F	data16598	root://fndcadoor.fnal.gov:1095/pnfs/fnal.gov/usr/minerva/persistent/OpenData/MediumEnergy_FHC/Data/Playlist1F/MasterAnaDev_data_AnaTuple_run00016598_Playlist.root	9.595000000619886e+17	9.639473875586852e+17	1	28921		
FHC	data	1F	data16599	root://fndcadoor.fnal.gov:1095/pnfs/fnal.gov/usr/minerva/persistent/OpenData/MediumEnergy_FHC/Data/Playlist1F/MasterAnaDev_data_AnaTuple_run00016599_Playlist.root	6.835549125394822e+17	6.835800603902582e+17	1	20673		
FHC	data	1F	data16600	root://fndcadoor.fnal.gov:1095/pnfs/fnal.gov/usr/minerva/persistent/OpenData/MediumEnergy_FHC/Data/Playlist1F/MasterAnaDev_data_AnaTuple_run00016600_Playlist.root	1.1497651065716746e+18	1.1640925621854702e+18	1	34525		
FHC	data	1F	data16601	root://fndcadoor.fnal.gov:1095/pnfs/fnal.gov/usr/minerva/persistent/OpenData/MediumEnergy_FHC/Data/Playlist1F/MasterAnaDev_data_AnaTuple_run00016601_Playlist.root	2.7469205551624298e+17	2.7475774602886848e+17	1	8326		
FHC	data	1F	data16602	root://fndcadoor.fnal.gov:1095/pnfs/fnal.gov/usr/minerva/persistent/OpenData/MediumEnergy_FHC/Data/Playlist1F/MasterAnaDev_data_AnaTuple_run00016602_Playlist.root	6.789316516304016e+16	9.418073650521166e+16	1	2094		
FHC	data	1F	data16603	root://fndcadoor.fnal.gov:1095/pnfs/fnal.gov/usr/minerva/persistent/OpenData/MediumEnergy_FHC/Data/Playlist1F/MasterAnaDev_data_AnaTuple_run00016603_Playlist.root	6.041704163742066e+16	6.042094465343072e+16	1	1749		
FHC	data	1F	data16604	root://fndcadoor.fnal.gov:1095/pnfs/fnal.gov/usr/minerva/persistent/OpenData/MediumEnergy_FHC/Data/Playlist1F/MasterAnaDev_data_AnaTuple_run00016604_Playlist.root	4.215375911664963e+16	4.216226970064733e+16	1	1309		
FHC	data	1F	data16605	root://fndcadoor.fnal.gov:1095/pnfs/fnal.gov/usr/minerva/persistent/OpenData/MediumEnergy_FHC/Data/Playlist1F/MasterAnaDev_data_AnaTuple_run00016605_Playlist.root	6.74780854795456e+17	6.750387871032193e+17	1	20448		
FHC	data	1F	data16606	root://fndcadoor.fnal.gov:1095/pnfs/fnal.gov/usr/minerva/persistent/OpenData/MediumEnergy_FHC/Data/Playlist1F/MasterAnaDev_data_AnaTuple_run00016606_Playlist.root	3.364808135108948e+17	3.365977017675744e+17	1	10107		
FHC	data	1F	data16607	root://fndcadoor.fnal.gov:1095/pnfs/fnal.gov/usr/minerva/persistent/OpenData/MediumEnergy_FHC/Data/Playlist1F/MasterAnaDev_data_AnaTuple_run00016607_Playlist.root	8.047085291748046e+17	8.094419747297371e+17	1	24094		
FHC	data	1F	data16608	root://fndcadoor.fnal.gov:1095/pnfs/fnal.gov/usr/minerva/persistent/OpenData/MediumEnergy_FHC/Data/Playlist1F/MasterAnaDev_data_AnaTuple_run00016608_Playlist.root	8.008237202758792e+17	8.01031567873433e+17	1	24047		
FHC	data	1F	data16609	root://fndcadoor.fnal.gov:1095/pnfs/fnal.gov/usr/minerva/persistent/OpenData/MediumEnergy_FHC/Data/Playlist1F/MasterAnaDev_data_AnaTuple_run00016609_Playlist.root	7.89881384988308e+17	8.126288280362941e+17	1	23978		
FHC	data	1F	data16610	root://fndcadoor.fnal.gov:1095/pnfs/fnal.gov/usr/minerva/persistent/OpenData/MediumEnergy_FHC/Data/Playlist1F/MasterAnaDev_data_AnaTuple_run00016610_Playlist.root	1.2677178568735124e+18	1.2722254224918024e+18	1	38449		
FHC	data	1F	data16611	root://fndcadoor.fnal.gov:1095/pnfs/fnal.gov/usr/minerva/persistent/OpenData/MediumEnergy_FHC/Data/Playlist1F/MasterAnaDev_data_AnaTuple_run00016611_Playlist.root	7.145203696203233e+17	7.146887494015644e+17	1	21437		
FHC	data	1F	data16612	root://fndcadoor.fnal.gov:1095/pnfs/fnal.gov/usr/minerva/persistent/OpenData/MediumEnergy_FHC/Data/Playlist1F/MasterAnaDev_data_AnaTuple_run00016612_Playlist.root	7.452174152555464e+17	7.496595043888906e+17	1	22665		
FHC	data	1F	data16613	root://fndcadoor.fnal.gov:1095/pnfs/fnal.gov/usr/minerva/persistent/OpenData/MediumEnergy_FHC/Data/Playlist1F/MasterAnaDev_data_AnaTuple_run00016613_Playlist.root	7.782113745856284e+17	7.785048516726481e+17	1	23349		
FHC	data	1F	data16614	root://fndcadoor.fnal.gov:1095/pnfs/fnal.gov/usr/minerva/persistent/OpenData/MediumEnergy_FHC/Data/Playlist1F/MasterAnaDev_data_AnaTuple_run00016614_Playlist.root	3.439082088184356e+17	3.4399891382216166e+17	1	10308		
FHC	data	1F	data16619	root://fndcadoor.fnal.gov:1095/pnfs/fnal.gov/usr/minerva/persistent/OpenData/MediumEnergy_FHC/Data/Playlist1F/MasterAnaDev_data_AnaTuple_run00016619_Playlist.root	2.8687299211549763e+17	4.511242903333111e+17	1	8716		
FHC	data	1F	data16623	root://fndcadoor.fnal.gov:1095/pnfs/fnal.gov/usr/minerva/persistent/OpenData/MediumEnergy_FHC/Data/Playlist1F/MasterAnaDev_data_AnaTuple_run00016623_Playlist.root	4.3334944334816934e+17	6.705310892295683e+17	1	12940		
FHC	data	1F	data16624	root://fndcadoor.fnal.gov:1095/pnfs/fnal.gov/usr/minerva/persistent/OpenData/MediumEnergy_FHC/Data/Playlist1F/MasterAnaDev_data_AnaTuple_run00016624_Playlist.root	4.792199806389808e+17	6.966048556571434e+17	1	14502		
FHC	data	1F	data16625	root://fndcadoor.fnal.gov:1095/pnfs/fnal.gov/usr/minerva/persistent/OpenData/MediumEnergy_FHC/Data/Playlist1F/MasterAnaDev_data_AnaTuple_run00016625_Playlist.root	6.428435890851021e+17	7.196037940900844e+17	1	19194		
FHC	data	1F	data16626	root://fndcadoor.fnal.gov:1095/pnfs/fnal.gov/usr/minerva/persistent/OpenData/MediumEnergy_FHC/Data/Playlist1F/MasterAnaDev_data_AnaTuple_run00016626_Playlist.root	7.464880985991954e+17	7.467034087128902e+17	1	22491		
FHC	data	1F	data16627	root://fndcadoor.fnal.gov:1095/pnfs/fnal.gov/usr/minerva/persistent/OpenData/MediumEnergy_FHC/Data/Playlist1F/MasterAnaDev_data_AnaTuple_run00016627_Playlist.root	7.346670304248332e+17	7.393927227141709e+17	1	22061		
FHC	data	1F	data16628	root://fndcadoor.fnal.gov:1095/pnfs/fnal.gov/usr/minerva/persistent/OpenData/MediumEnergy_FHC/Data/Playlist1F/MasterAnaDev_data_AnaTuple_run00016628_Playlist.root	6.459879427958726e+17	6.462335526743707e+17	1	19579		
FHC	data	1F	data16629	root://fndcadoor.fnal.gov:1095/pnfs/fnal.gov/usr/minerva/persistent/OpenData/MediumEnergy_FHC/Data/Playlist1F/MasterAnaDev_data_AnaTuple_run00016629_Playlist.root	7.351648827145102e+17	7.395821977533257e+17	1	22178		
FHC	data	1F	data16630	root://fndcadoor.fnal.gov:1095/pnfs/fnal.gov/usr/minerva/persistent/OpenData/MediumEnergy_FHC/Data/Playlist1F/MasterAnaDev_data_AnaTuple_run00016630_Playlist.root	7.548951501231192e+17	7.549590662999264e+17	1	22725		
FHC	data	1F	data16631	root://fndcadoor.fnal.gov:1095/pnfs/fnal.gov/usr/minerva/persistent/OpenData/MediumEnergy_FHC/Data/Playlist1F/MasterAnaDev_data_AnaTuple_run00016631_Playlist.root	1.1717375414350036e+18	1.174897135083224e+18	1	35151		
FHC	data	1F	data16632	root://fndcadoor.fnal.gov:1095/pnfs/fnal.gov/usr/minerva/persistent/OpenData/MediumEnergy_FHC/Data/Playlist1F/MasterAnaDev_data_AnaTuple_run00016632_Playlist.root	6.820697066972257e+17	6.967863362956703e+17	1	20402		
FHC	data	1F	data16633	root://fndcadoor.fnal.gov:1095/pnfs/fnal.gov/usr/minerva/persistent/OpenData/MediumEnergy_FHC/Data/Playlist1F/MasterAnaDev_data_AnaTuple_run00016633_Playlist.root	7.678257492597103e+17	7.679076252537428e+17	1	23112		
FHC	data	1F	data16634	root://fndcadoor.fnal.gov:1095/pnfs/fnal.gov/usr/minerva/persistent/OpenData/MediumEnergy_FHC/Data/Playlist1F/MasterAnaDev_data_AnaTuple_run00016634_Playlist.root	7.474416446907523e+17	7.524890504566532e+17	1	22174		
FHC	data	1F	data16635	root://fndcadoor.fnal.gov:1095/pnfs/fnal.gov/usr/minerva/persistent/OpenData/MediumEnergy_FHC/Data/Playlist1F/MasterAnaDev_data_AnaTuple_run00016635_Playlist.root	8.211505239319803e+17	8.213156405815766e+17	1	24693		
FHC	data	1F	data16636	root://fndcadoor.fnal.gov:1095/pnfs/fnal.gov/usr/minerva/persistent/OpenData/MediumEnergy_FHC/Data/Playlist1F/MasterAnaDev_data_AnaTuple_run00016636_Playlist.root	7.860118262383939e+17	7.861760104248684e+17	1	23455		
FHC	data	1F	data16637	root://fndcadoor.fnal.gov:1095/pnfs/fnal.gov/usr/minerva/persistent/OpenData/MediumEnergy_FHC/Data/Playlist1F/MasterAnaDev_data_AnaTuple_run00016637_Playlist.root	7.834089362834693e+17	7.883549729711322e+17	1	23455		
FHC	data	1F	data16638	root://fndcadoor.fnal.gov:1095/pnfs/fnal.gov/usr/minerva/persistent/OpenData/MediumEnergy_FHC/Data/Playlist1F/MasterAnaDev_data_AnaTuple_run00016638_Playlist.root	8.825107035212515e+17	8.826694508960229e+17	1	26256		
FHC	data	1F	data16639	root://fndcadoor.fnal.gov:1095/pnfs/fnal.gov/usr/minerva/persistent/OpenData/MediumEnergy_FHC/Data/Playlist1F/MasterAnaDev_data_AnaTuple_run00016639_Playlist.root	7.745298658261299e+17	7.795410860171843e+17	1	23210		
FHC	data	1F	data16640	root://fndcadoor.fnal.gov:1095/pnfs/fnal.gov/usr/minerva/persistent/OpenData/MediumEnergy_FHC/Data/Playlist1F/MasterAnaDev_data_AnaTuple_run00016640_Playlist.root	8.302481866178514e+17	8.305036947036358e+17	1	24927		
FHC	data	1F	data16641	root://fndcadoor.fnal.gov:1095/pnfs/fnal.gov/usr/minerva/persistent/OpenData/MediumEnergy_FHC/Data/Playlist1F/MasterAnaDev_data_AnaTuple_run00016641_Playlist.root	8.429799282040598e+17	8.480475293051853e+17	1	24965		
FHC	data	1F	data16642	root://fndcadoor.fnal.gov:1095/pnfs/fnal.gov/usr/minerva/persistent/OpenData/MediumEnergy_FHC/Data/Playlist1F/MasterAnaDev_data_AnaTuple_run00016642_Playlist.root	7.35093660981655e+17	7.351351539591507e+17	1	21721		
FHC	data	1F	data16643	root://fndcadoor.fnal.gov:1095/pnfs/fnal.gov/usr/minerva/persistent/OpenData/MediumEnergy_FHC/Data/Playlist1F/MasterAnaDev_data_AnaTuple_run00016643_Playlist.root	1.555651710014343e+17	1.599974523077988e+17	1	4774		
FHC	data	1F	data16644	root://fndcadoor.fnal.gov:1095/pnfs/fnal.gov/usr/minerva/persistent/OpenData/MediumEnergy_FHC/Data/Playlist1F/MasterAnaDev_data_AnaTuple_run00016644_Playlist.root	8.174917879304886e+17	8.176180973340449e+17	1	24448		
FHC	data	1F	data16645	root://fndcadoor.fnal.gov:1095/pnfs/fnal.gov/usr/minerva/persistent/OpenData/MediumEnergy_FHC/Data/Playlist1F/MasterAnaDev_data_AnaTuple_run00016645_Playlist.root	4.1474937629437446e+17	4.148782234135678e+17	1	12309		
FHC	data	1F	data16649	root://fndcadoor.fnal.gov:1095/pnfs/fnal.gov/usr/minerva/persistent/OpenData/MediumEnergy_FHC/Data/Playlist1F/MasterAnaDev_data_AnaTuple_run00016649_Playlist.root	4.115361928157806e+17	5.992570776448795e+17	1	12520		
FHC	data	1F	data16650	root://fndcadoor.fnal.gov:1095/pnfs/fnal.gov/usr/minerva/persistent/OpenData/MediumEnergy_FHC/Data/Playlist1F/MasterAnaDev_data_AnaTuple_run00016650_Playlist.root	7.493157977917196e+17	8.298564624257819e+17	1	22566		
FHC	data	1F	data16651	root://fndcadoor.fnal.gov:1095/pnfs/fnal.gov/usr/minerva/persistent/OpenData/MediumEnergy_FHC/Data/Playlist1F/MasterAnaDev_data_AnaTuple_run00016651_Playlist.root	6.988888535711764e+17	6.991716086159959e+17	1	21017		
FHC	data	1F	data16652	root://fndcadoor.fnal.gov:1095/pnfs/fnal.gov/usr/minerva/persistent/OpenData/MediumEnergy_FHC/Data/Playlist1F/MasterAnaDev_data_AnaTuple_run00016652_Playlist.root	6.239674344158172e+17	6.446971953186207e+17	1	18679		
FHC	data	1F	data16653	root://fndcadoor.fnal.gov:1095/pnfs/fnal.gov/usr/minerva/persistent/OpenData/MediumEnergy_FHC/Data/Playlist1F/MasterAnaDev_data_AnaTuple_run00016653_Playlist.root	8.18525976507425e+17	8.185545417801069e+17	1	24674		
FHC	data	1F	data16654	root://fndcadoor.fnal.gov:1095/pnfs/fnal.gov/usr/minerva/persistent/OpenData/MediumEnergy_FHC/Data/Playlist1F/MasterAnaDev_data_AnaTuple_run00016654_Playlist.root	8.378863748214244e+17	8.428386781386113e+17	1	24926		
FHC	data	1F	data16655	root://fndcadoor.fnal.gov:1095/pnfs/fnal.gov/usr/minerva/persistent/OpenData/MediumEnergy_FHC/Data/Playlist1F/MasterAnaDev_data_AnaTuple_run00016655_Playlist.root	7.701749928100108e+17	7.704688055776593e+17	1	22999		
FHC	data	1F	data16656	root://fndcadoor.fnal.gov:1095/pnfs/fnal.gov/usr/minerva/persistent/OpenData/MediumEnergy_FHC/Data/Playlist1F/MasterAnaDev_data_AnaTuple_run00016656_Playlist.root	8.050376812043192e+17	8.174358194590518e+17	1	24300		
FHC	data	1F	data16657	root://fndcadoor.fnal.gov:1095/pnfs/fnal.gov/usr/minerva/persistent/OpenData/MediumEnergy_FHC/Data/Playlist1F/MasterAnaDev_data_AnaTuple_run00016657_Playlist.root	8.364064919061659e+17	8.365533451648083e+17	1	24847		
FHC	data	1F	data16658	root://fndcadoor.fnal.gov:1095/pnfs/fnal.gov/usr/minerva/persistent/OpenData/MediumEnergy_FHC/Data/Playlist1F/MasterAnaDev_data_AnaTuple_run00016658_Playlist.root	7.624597715218067e+17	8.442900511718353e+17	1	22627		
FHC	data	1F	data16659	root://fndcadoor.fnal.gov:1095/pnfs/fnal.gov/usr/minerva/persistent/OpenData/MediumEnergy_FHC/Data/Playlist1F/MasterAnaDev_data_AnaTuple_run00016659_Playlist.root	7.726871174197198e+17	7.77568621103905e+17	1	23148		
FHC	data	1F	data16660	root://fndcadoor.fnal.gov:1095/pnfs/fnal.gov/usr/minerva/persistent/OpenData/MediumEnergy_FHC/Data/Playlist1F/MasterAnaDev_data_AnaTuple_run00016660_Playlist.root	8.669040885651112e+17	8.671578373356074e+17	1	25863		
FHC	data	1F	data16661	root://fndcadoor.fnal.gov:1095/pnfs/fnal.gov/usr/minerva/persistent/OpenData/MediumEnergy_FHC/Data/Playlist1F/MasterAnaDev_data_AnaTuple_run00016661_Playlist.root	8.153368988151552e+17	8.203256039596794e+17	1	24305		
FHC	data	1F	data16662	root://fndcadoor.fnal.gov:1095/pnfs/fnal.gov/usr/minerva/persistent/OpenData/MediumEnergy_FHC/Data/Playlist1F/MasterAnaDev_data_AnaTuple_run00016662_Playlist.root	8.664648480453494e+17	8.66716008092908e+17	1	26123		
FHC	data	1F	data16663	root://fndcadoor.fnal.gov:1095/pnfs/fnal.gov/usr/minerva/persistent/OpenData/MediumEnergy_FHC/Data/Playlist1F/MasterAnaDev_data_AnaTuple_run00016663_Playlist.root	8.395659698207379e+17	8.445044408218316e+17	1	24983		
FHC	data	1F	data16664	root://fndcadoor.fnal.gov:1095/pnfs/fnal.gov/usr/minerva/persistent/OpenData/MediumEnergy_FHC/Data/Playlist1F/MasterAnaDev_data_AnaTuple_run00016664_Playlist.root	7.473040036840438e+17	7.475246629754652e+17	1	22381		
FHC	data	1F	data16665	root://fndcadoor.fnal.gov:1095/pnfs/fnal.gov/usr/minerva/persistent/OpenData/MediumEnergy_FHC/Data/Playlist1F/MasterAnaDev_data_AnaTuple_run00016665_Playlist.root	8.037175176620484e+17	8.083585441917005e+17	1	23817		
FHC	data	1F	data16666	root://fndcadoor.fnal.gov:1095/pnfs/fnal.gov/usr/minerva/persistent/OpenData/MediumEnergy_FHC/Data/Playlist1F/MasterAnaDev_data_AnaTuple_run00016666_Playlist.root	5.4573599526929856e+17	5.45861189903028e+17	1	16355		
FHC	data	1F	data16668	root://fndcadoor.fnal.gov:1095/pnfs/fnal.gov/usr/minerva/persistent/OpenData/MediumEnergy_FHC/Data/Playlist1F/MasterAnaDev_data_AnaTuple_run00016668_Playlist.root	8.119891940324308e+17	8.170365739031889e+17	1	24265		
FHC	data	1F	data16669	root://fndcadoor.fnal.gov:1095/pnfs/fnal.gov/usr/minerva/persistent/OpenData/MediumEnergy_FHC/Data/Playlist1F/MasterAnaDev_data_AnaTuple_run00016669_Playlist.root	6.780421214747429e+17	6.785908813503057e+17	1	20255		
FHC	data	1F	data16670	root://fndcadoor.fnal.gov:1095/pnfs/fnal.gov/usr/minerva/persistent/OpenData/MediumEnergy_FHC/Data/Playlist1F/MasterAnaDev_data_AnaTuple_run00016670_Playlist.root	872727798461914.0	4.881725449025887e+16	1	34		
FHC	data	1F	data16671	root://fndcadoor.fnal.gov:1095/pnfs/fnal.gov/usr/minerva/persistent/OpenData/MediumEnergy_FHC/Data/Playlist1F/MasterAnaDev_data_AnaTuple_run00016671_Playlist.root	7.893801619834897e+17	7.901871404240006e+17	1	23431		
FHC	data	1F	data16672	root://fndcadoor.fnal.gov:1095/pnfs/fnal.gov/usr/minerva/persistent/OpenData/MediumEnergy_FHC/Data/Playlist1F/MasterAnaDev_data_AnaTuple_run00016672_Playlist.root	6.834125067670344e+17	6.836464985771167e+17	1	20232		
FHC	data	1F	data16675	root://fndcadoor.fnal.gov:1095/pnfs/fnal.gov/usr/minerva/persistent/OpenData/MediumEnergy_FHC/Data/Playlist1F/MasterAnaDev_data_AnaTuple_run00016675_Playlist.root	8.522726573076248e+17	8.540008599030566e+17	1	25230		
FHC	data	1F	data16676	root://fndcadoor.fnal.gov:1095/pnfs/fnal.gov/usr/minerva/persistent/OpenData/MediumEnergy_FHC/Data/Playlist1F/MasterAnaDev_data_AnaTuple_run00016676_Playlist.root	8.941674332542418e+17	8.995027897705389e+17	1	26350		
FHC	data	1F	data16677	root://fndcadoor.fnal.gov:1095/pnfs/fnal.gov/usr/minerva/persistent/OpenData/MediumEnergy_FHC/Data/Playlist1F/MasterAnaDev_data_AnaTuple_run00016677_Playlist.root	649501697540283.2	649501697540283.2	1	17		
FHC	data	1F	data16681	root://fndcadoor.fnal.gov:1095/pnfs/fnal.gov/usr/minerva/persistent/OpenData/MediumEnergy_FHC/Data/Playlist1F/MasterAnaDev_data_AnaTuple_run00016681_Playlist.root	8.627478092246053e+17	8.629754326710941e+17	1	25508		
FHC	data	1F	data16682	root://fndcadoor.fnal.gov:1095/pnfs/fnal.gov/usr/minerva/persistent/OpenData/MediumEnergy_FHC/Data/Playlist1F/MasterAnaDev_data_AnaTuple_run00016682_Playlist.root	2.48635795214653e+17	8.428077294493748e+17	1	7495		
FHC	data	1F	data16683	root://fndcadoor.fnal.gov:1095/pnfs/fnal.gov/usr/minerva/persistent/OpenData/MediumEnergy_FHC/Data/Playlist1F/MasterAnaDev_data_AnaTuple_run00016683_Playlist.root	0.0	9.012254459076145e+17	1	0		
FHC	data	1F	data16684	root://fndcadoor.fnal.gov:1095/pnfs/fnal.gov/usr/minerva/persistent/OpenData/MediumEnergy_FHC/Data/Playlist1F/MasterAnaDev_data_AnaTuple_run00016684_Playlist.root	3.2583207036972044e+16	2.620506308558784e+17	1	1020		
FHC	data	1F	data16685	root://fndcadoor.fnal.gov:1095/pnfs/fnal.gov/usr/minerva/persistent/OpenData/MediumEnergy_FHC/Data/Playlist1F/MasterAnaDev_data_AnaTuple_run00016685_Playlist.root	8.160138232883215e+17	8.16152646953438e+17	1	24043		
FHC	data	1F	data16686	root://fndcadoor.fnal.gov:1095/pnfs/fnal.gov/usr/minerva/persistent/OpenData/MediumEnergy_FHC/Data/Playlist1F/MasterAnaDev_data_AnaTuple_run00016686_Playlist.root	5.5319965490627283e+17	5.532989336649453e+17	1	16496		
FHC	data	1F	data16687	root://fndcadoor.fnal.gov:1095/pnfs/fnal.gov/usr/minerva/persistent/OpenData/MediumEnergy_FHC/Data/Playlist1F/MasterAnaDev_data_AnaTuple_run00016687_Playlist.root	1.888329960861206e+17	1.888658559849495e+17	1	5629		
FHC	data	1F	data16688	root://fndcadoor.fnal.gov:1095/pnfs/fnal.gov/usr/minerva/persistent/OpenData/MediumEnergy_FHC/Data/Playlist1F/MasterAnaDev_data_AnaTuple_run00016688_Playlist.root	8.619659265544412e+17	8.672265278698435e+17	1	25891		
FHC	data	1F	data16689	root://fndcadoor.fnal.gov:1095/pnfs/fnal.gov/usr/minerva/persistent/OpenData/MediumEnergy_FHC/Data/Playlist1F/MasterAnaDev_data_AnaTuple_run00016689_Playlist.root	9.136427993478772e+17	9.13775651682803e+17	1	27028		
FHC	data	1F	data16690	root://fndcadoor.fnal.gov:1095/pnfs/fnal.gov/usr/minerva/persistent/OpenData/MediumEnergy_FHC/Data/Playlist1F/MasterAnaDev_data_AnaTuple_run00016690_Playlist.root	8.04984341035366e+17	8.102667841265175e+17	1	24018		
FHC	data	1F	data16691	root://fndcadoor.fnal.gov:1095/pnfs/fnal.gov/usr/minerva/persistent/OpenData/MediumEnergy_FHC/Data/Playlist1F/MasterAnaDev_data_AnaTuple_run00016691_Playlist.root	8.495100639019012e+17	8.497728086715013e+17	1	25310		
FHC	data	1F	data16692	root://fndcadoor.fnal.gov:1095/pnfs/fnal.gov/usr/minerva/persistent/OpenData/MediumEnergy_FHC/Data/Playlist1F/MasterAnaDev_data_AnaTuple_run00016692_Playlist.root	8.419845792446134e+17	8.636798541835905e+17	1	25077		
FHC	data	1F	data16693	root://fndcadoor.fnal.gov:1095/pnfs/fnal.gov/usr/minerva/persistent/OpenData/MediumEnergy_FHC/Data/Playlist1F/MasterAnaDev_data_AnaTuple_run00016693_Playlist.root	8.529994574441911e+17	8.532642893831012e+17	1	25217		
FHC	data	1F	data16694	root://fndcadoor.fnal.gov:1095/pnfs/fnal.gov/usr/minerva/persistent/OpenData/MediumEnergy_FHC/Data/Playlist1F/MasterAnaDev_data_AnaTuple_run00016694_Playlist.root	7.997315131583214e+17	7.99737000715355e+17	1	23569		
FHC	data	1F	data16695	root://fndcadoor.fnal.gov:1095/pnfs/fnal.gov/usr/minerva/persistent/OpenData/MediumEnergy_FHC/Data/Playlist1F/MasterAnaDev_data_AnaTuple_run00016695_Playlist.root	8.693622771868705e+17	8.695917247589987e+17	1	25874		
FHC	data	1F	data16696	root://fndcadoor.fnal.gov:1095/pnfs/fnal.gov/usr/minerva/persistent/OpenData/MediumEnergy_FHC/Data/Playlist1F/MasterAnaDev_data_AnaTuple_run00016696_Playlist.root	8.192179195489882e+17	8.241244830189393e+17	1	24430		
FHC	data	1F	data16697	root://fndcadoor.fnal.gov:1095/pnfs/fnal.gov/usr/minerva/persistent/OpenData/MediumEnergy_FHC/Data/Playlist1F/MasterAnaDev_data_AnaTuple_run00016697_Playlist.root	8.365249628372192e+17	8.366532498308047e+17	1	25138		
FHC	data	1F	data16698	root://fndcadoor.fnal.gov:1095/pnfs/fnal.gov/usr/minerva/persistent/OpenData/MediumEnergy_FHC/Data/Playlist1F/MasterAnaDev_data_AnaTuple_run00016698_Playlist.root	8.651417439718246e+17	8.696231474068118e+17	1	26004		
FHC	data	1F	data16699	root://fndcadoor.fnal.gov:1095/pnfs/fnal.gov/usr/minerva/persistent/OpenData/MediumEnergy_FHC/Data/Playlist1F/MasterAnaDev_data_AnaTuple_run00016699_Playlist.root	8.693239103407863e+17	8.695769635712932e+17	1	25925		
FHC	data	1F	data16700	root://fndcadoor.fnal.gov:1095/pnfs/fnal.gov/usr/minerva/persistent/OpenData/MediumEnergy_FHC/Data/Playlist1F/MasterAnaDev_data_AnaTuple_run00016700_Playlist.root	8.34774773845911e+17	8.385653473702513e+17	1	24966		
FHC	data	1F	data16701	root://fndcadoor.fnal.gov:1095/pnfs/fnal.gov/usr/minerva/persistent/OpenData/MediumEnergy_FHC/Data/Playlist1F/MasterAnaDev_data_AnaTuple_run00016701_Playlist.root	9.33670376842499e+17	9.337038188041848e+17	1	27979		
FHC	data	1F	data16702	root://fndcadoor.fnal.gov:1095/pnfs/fnal.gov/usr/minerva/persistent/OpenData/MediumEnergy_FHC/Data/Playlist1F/MasterAnaDev_data_AnaTuple_run00016702_Playlist.root	6.7435995990753176e+16	6.743610278446216e+16	1	2106		
FHC	data	1F	data16706	root://fndcadoor.fnal.gov:1095/pnfs/fnal.gov/usr/minerva/persistent/OpenData/MediumEnergy_FHC/Data/Playlist1F/MasterAnaDev_data_AnaTuple_run00016706_Playlist.root	1078076398849487.2	7.662763237852876e+17	1	36		
FHC	data	1F	data16707	root://fndcadoor.fnal.gov:1095/pnfs/fnal.gov/usr/minerva/persistent/OpenData/MediumEnergy_FHC/Data/Playlist1F/MasterAnaDev_data_AnaTuple_run00016707_Playlist.root	3.269931699790955e+17	4.388226413769196e+17	1	9717		
FHC	data	1F	data16708	root://fndcadoor.fnal.gov:1095/pnfs/fnal.gov/usr/minerva/persistent/OpenData/MediumEnergy_FHC/Data/Playlist1F/MasterAnaDev_data_AnaTuple_run00016708_Playlist.root	7.843069320459365e+17	7.845397425838331e+17	1	23254		
FHC	data	1F	data16709	root://fndcadoor.fnal.gov:1095/pnfs/fnal.gov/usr/minerva/persistent/OpenData/MediumEnergy_FHC/Data/Playlist1F/MasterAnaDev_data_AnaTuple_run00016709_Playlist.root	6.207139584026335e+17	6.255032926230262e+17	1	18297		
FHC	data	1F	data16710	root://fndcadoor.fnal.gov:1095/pnfs/fnal.gov/usr/minerva/persistent/OpenData/MediumEnergy_FHC/Data/Playlist1F/MasterAnaDev_data_AnaTuple_run00016710_Playlist.root	2.318168938798905e+17	2.4073927693704307e+17	1	6882		
FHC	data	1F	data16711	root://fndcadoor.fnal.gov:1095/pnfs/fnal.gov/usr/minerva/persistent/OpenData/MediumEnergy_FHC/Data/Playlist1F/MasterAnaDev_data_AnaTuple_run00016711_Playlist.root	2.7247861704063414e+17	2.7248064924187597e+17	1	8042		
FHC	data	1F	data16712	root://fndcadoor.fnal.gov:1095/pnfs/fnal.gov/usr/minerva/persistent/OpenData/MediumEnergy_FHC/Data/Playlist1F/MasterAnaDev_data_AnaTuple_run00016712_Playlist.root	1.5876661972427366e+17	1.5889506275356797e+17	1	4741		
FHC	data	1F	data16713	root://fndcadoor.fnal.gov:1095/pnfs/fnal.gov/usr/minerva/persistent/OpenData/MediumEnergy_FHC/Data/Playlist1F/MasterAnaDev_data_AnaTuple_run00016713_Playlist.root	2.3590314041328432e+17	2.359039702229471e+17	1	7065		
FHC	data	1F	data16715	root://fndcadoor.fnal.gov:1095/pnfs/fnal.gov/usr/minerva/persistent/OpenData/MediumEnergy_FHC/Data/Playlist1F/MasterAnaDev_data_AnaTuple_run00016715_Playlist.root	1.4376235635852816e+17	1.4376256083636034e+17	1	4201		
FHC	data	1F	data16716	root://fndcadoor.fnal.gov:1095/pnfs/fnal.gov/usr/minerva/persistent/OpenData/MediumEnergy_FHC/Data/Playlist1F/MasterAnaDev_data_AnaTuple_run00016716_Playlist.root	4.82762980003357e+16	4.840532760047912e+16	1	1510		
FHC	data	1F	data16717	root://fndcadoor.fnal.gov:1095/pnfs/fnal.gov/usr/minerva/persistent/OpenData/MediumEnergy_FHC/Data/Playlist1F/MasterAnaDev_data_AnaTuple_run00016717_Playlist.root	2.3455848658561702e+17	2.3455911959353216e+17	1	6924		
FHC	data	1F	data16718	root://fndcadoor.fnal.gov:1095/pnfs/fnal.gov/usr/minerva/persistent/OpenData/MediumEnergy_FHC/Data/Playlist1F/MasterAnaDev_data_AnaTuple_run00016718_Playlist.root	2.0664704982399942e+17	2.0677766341734013e+17	1	6349		
FHC	data	1F	data16719	root://fndcadoor.fnal.gov:1095/pnfs/fnal.gov/usr/minerva/persistent/OpenData/MediumEnergy_FHC/Data/Playlist1F/MasterAnaDev_data_AnaTuple_run00016719_Playlist.root	8.384999402370451e+17	8.714521738565524e+17	1	24891		
FHC	data	1F	data16720	root://fndcadoor.fnal.gov:1095/pnfs/fnal.gov/usr/minerva/persistent/OpenData/MediumEnergy_FHC/Data/Playlist1F/MasterAnaDev_data_AnaTuple_run00016720_Playlist.root	2.9251488110733037e+17	2.926476105152322e+17	1	8780		
FHC	data	1F	data16721	root://fndcadoor.fnal.gov:1095/pnfs/fnal.gov/usr/minerva/persistent/OpenData/MediumEnergy_FHC/Data/Playlist1F/MasterAnaDev_data_AnaTuple_run00016721_Playlist.root	2.447337965464592e+17	2.449000034304089e+17	1	7255		
FHC	data	1F	data16722	root://fndcadoor.fnal.gov:1095/pnfs/fnal.gov/usr/minerva/persistent/OpenData/MediumEnergy_FHC/Data/Playlist1F/MasterAnaDev_data_AnaTuple_run00016722_Playlist.root	1.9747041660499574e+17	1.9747058057868842e+17	1	5855		
FHC	data	1F	data16723	root://fndcadoor.fnal.gov:1095/pnfs/fnal.gov/usr/minerva/persistent/OpenData/MediumEnergy_FHC/Data/Playlist1F/MasterAnaDev_data_AnaTuple_run00016723_Playlist.root	7.52636434688568e+16	7.52636434688568e+16	1	2237		
FHC	data	1F	data16724	root://fndcadoor.fnal.gov:1095/pnfs/fnal.gov/usr/minerva/persistent/OpenData/MediumEnergy_FHC/Data/Playlist1F/MasterAnaDev_data_AnaTuple_run00016724_Playlist.root	1.0698348258399963e+17	1.0698388491218362e+17	1	3254		
FHC	data	1F	data16725	root://fndcadoor.fnal.gov:1095/pnfs/fnal.gov/usr/minerva/persistent/OpenData/MediumEnergy_FHC/Data/Playlist1F/MasterAnaDev_data_AnaTuple_run00016725_Playlist.root	2.96993273068428e+17	2.969938389078889e+17	1	8750		
FHC	data	1F	data16726	root://fndcadoor.fnal.gov:1095/pnfs/fnal.gov/usr/minerva/persistent/OpenData/MediumEnergy_FHC/Data/Playlist1F/MasterAnaDev_data_AnaTuple_run00016726_Playlist.root	3.1738430780458445e+17	3.224622445548985e+17	1	9534		
FHC	data	1F	data16727	root://fndcadoor.fnal.gov:1095/pnfs/fnal.gov/usr/minerva/persistent/OpenData/MediumEnergy_FHC/Data/Playlist1F/MasterAnaDev_data_AnaTuple_run00016727_Playlist.root	1.6694080330657962e+17	1.669414418308891e+17	1	5049		
FHC	data	1F	data16728	root://fndcadoor.fnal.gov:1095/pnfs/fnal.gov/usr/minerva/persistent/OpenData/MediumEnergy_FHC/Data/Playlist1F/MasterAnaDev_data_AnaTuple_run00016728_Playlist.root	1.284024908249378e+18	1.284249748490607e+18	1	38444		
FHC	data	1F	data16729	root://fndcadoor.fnal.gov:1095/pnfs/fnal.gov/usr/minerva/persistent/OpenData/MediumEnergy_FHC/Data/Playlist1F/MasterAnaDev_data_AnaTuple_run00016729_Playlist.root	8.420787428863048e+17	8.422555746170752e+17	1	24868		
FHC	data	1F	data16730	root://fndcadoor.fnal.gov:1095/pnfs/fnal.gov/usr/minerva/persistent/OpenData/MediumEnergy_FHC/Data/Playlist1F/MasterAnaDev_data_AnaTuple_run00016730_Playlist.root	7.412260890808104e+17	7.414632461061981e+17	1	21691		
FHC	data	1F	data16731	root://fndcadoor.fnal.gov:1095/pnfs/fnal.gov/usr/minerva/persistent/OpenData/MediumEnergy_FHC/Data/Playlist1F/MasterAnaDev_data_AnaTuple_run00016731_Playlist.root	8.956961871557236e+17	8.958319839814386e+17	1	26783		
FHC	data	1F	data16732	root://fndcadoor.fnal.gov:1095/pnfs/fnal.gov/usr/minerva/persistent/OpenData/MediumEnergy_FHC/Data/Playlist1F/MasterAnaDev_data_AnaTuple_run00016732_Playlist.root	1.1248101178741454e+17	1.126133380065374e+17	1	3325		
FHC	data	1F	data16736	root://fndcadoor.fnal.gov:1095/pnfs/fnal.gov/usr/minerva/persistent/OpenData/MediumEnergy_FHC/Data/Playlist1F/MasterAnaDev_data_AnaTuple_run00016736_Playlist.root	5.200504322710037e+17	5.200856886732071e+17	1	15822		
FHC	data	1F	data16737	root://fndcadoor.fnal.gov:1095/pnfs/fnal.gov/usr/minerva/persistent/OpenData/MediumEnergy_FHC/Data/Playlist1F/MasterAnaDev_data_AnaTuple_run00016737_Playlist.root	8.737455394453999e+17	8.789732235926755e+17	1	25621		
FHC	data	1F	data16738	root://fndcadoor.fnal.gov:1095/pnfs/fnal.gov/usr/minerva/persistent/OpenData/MediumEnergy_FHC/Data/Playlist1F/MasterAnaDev_data_AnaTuple_run00016738_Playlist.root	8.962989410743716e+17	8.965288830843763e+17	1	26472		
FHC	data	1F	data16739	root://fndcadoor.fnal.gov:1095/pnfs/fnal.gov/usr/minerva/persistent/OpenData/MediumEnergy_FHC/Data/Playlist1F/MasterAnaDev_data_AnaTuple_run00016739_Playlist.root	8.777752404780389e+17	8.817124892328923e+17	1	26074		
FHC	data	1F	data16740	root://fndcadoor.fnal.gov:1095/pnfs/fnal.gov/usr/minerva/persistent/OpenData/MediumEnergy_FHC/Data/Playlist1F/MasterAnaDev_data_AnaTuple_run00016740_Playlist.root	8.465746885540485e+17	8.466111239984755e+17	1	25350		
FHC	data	1F	data16741	root://fndcadoor.fnal.gov:1095/pnfs/fnal.gov/usr/minerva/persistent/OpenData/MediumEnergy_FHC/Data/Playlist1F/MasterAnaDev_data_AnaTuple_run00016741_Playlist.root	5.7601099461483936e+17	5.809455351104526e+17	1	17037		
FHC	data	1F	data16742	root://fndcadoor.fnal.gov:1095/pnfs/fnal.gov/usr/minerva/persistent/OpenData/MediumEnergy_FHC/Data/Playlist1F/MasterAnaDev_data_AnaTuple_run00016742_Playlist.root	8.90477936377287e+17	8.907405378661315e+17	1	26665		
FHC	data	1F	data16743	root://fndcadoor.fnal.gov:1095/pnfs/fnal.gov/usr/minerva/persistent/OpenData/MediumEnergy_FHC/Data/Playlist1F/MasterAnaDev_data_AnaTuple_run00016743_Playlist.root	8.531856046320201e+17	8.584680579800421e+17	1	25636		
FHC	data	1F	data16744	root://fndcadoor.fnal.gov:1095/pnfs/fnal.gov/usr/minerva/persistent/OpenData/MediumEnergy_FHC/Data/Playlist1F/MasterAnaDev_data_AnaTuple_run00016744_Playlist.root	7.482309755382538e+17	7.483744539387246e+17	1	22366		
FHC	data	1F	data16745	root://fndcadoor.fnal.gov:1095/pnfs/fnal.gov/usr/minerva/persistent/OpenData/MediumEnergy_FHC/Data/Playlist1F/MasterAnaDev_data_AnaTuple_run00016745_Playlist.root	8.801957631747722e+17	8.84626034916954e+17	1	26284		
FHC	data	1F	data16746	root://fndcadoor.fnal.gov:1095/pnfs/fnal.gov/usr/minerva/persistent/OpenData/MediumEnergy_FHC/Data/Playlist1F/MasterAnaDev_data_AnaTuple_run00016746_Playlist.root	6.347322623033524e+17	6.374737391783222e+17	1	18875		
FHC	data	1F	data16747	root://fndcadoor.fnal.gov:1095/pnfs/fnal.gov/usr/minerva/persistent/OpenData/MediumEnergy_FHC/Data/Playlist1F/MasterAnaDev_data_AnaTuple_run00016747_Playlist.root	8.660345930180549e+17	8.71099970869219e+17	1	25756		
FHC	data	1F	data16748	root://fndcadoor.fnal.gov:1095/pnfs/fnal.gov/usr/minerva/persistent/OpenData/MediumEnergy_FHC/Data/Playlist1F/MasterAnaDev_data_AnaTuple_run00016748_Playlist.root	8.726486800365448e+17	8.728852808201338e+17	1	26298		
FHC	data	1F	data16749	root://fndcadoor.fnal.gov:1095/pnfs/fnal.gov/usr/minerva/persistent/OpenData/MediumEnergy_FHC/Data/Playlist1F/MasterAnaDev_data_AnaTuple_run00016749_Playlist.root	8.64309633860588e+17	8.693203792586876e+17	1	25661		
FHC	data	1F	data16750	root://fndcadoor.fnal.gov:1095/pnfs/fnal.gov/usr/minerva/persistent/OpenData/MediumEnergy_FHC/Data/Playlist1F/MasterAnaDev_data_AnaTuple_run00016750_Playlist.root	8.677477515857221e+17	8.68178905088136e+17	1	25650		
FHC	data	1F	data16751	root://fndcadoor.fnal.gov:1095/pnfs/fnal.gov/usr/minerva/persistent/OpenData/MediumEnergy_FHC/Data/Playlist1F/MasterAnaDev_data_AnaTuple_run00016751_Playlist.root	8.430993555920123e+17	8.432013507417421e+17	1	25152		
FHC	data	1F	data16752	root://fndcadoor.fnal.gov:1095/pnfs/fnal.gov/usr/minerva/persistent/OpenData/MediumEnergy_FHC/Data/Playlist1F/MasterAnaDev_data_AnaTuple_run00016752_Playlist.root	8.722715725183484e+17	8.725278573257234e+17	1	26005		
FHC	data	1F	data16753	root://fndcadoor.fnal.gov:1095/pnfs/fnal.gov/usr/minerva/persistent/OpenData/MediumEnergy_FHC/Data/Playlist1F/MasterAnaDev_data_AnaTuple_run00016753_Playlist.root	5.686151974105836e+17	8.693105754899401e+17	1	17161		
FHC	data	1F	data16754	root://fndcadoor.fnal.gov:1095/pnfs/fnal.gov/usr/minerva/persistent/OpenData/MediumEnergy_FHC/Data/Playlist1F/MasterAnaDev_data_AnaTuple_run00016754_Playlist.root	3.8968894345235814e+17	8.629249132320173e+17	1	11808		
FHC	data	1F	data16755	root://fndcadoor.fnal.gov:1095/pnfs/fnal.gov/usr/minerva/persistent/OpenData/MediumEnergy_FHC/Data/Playlist1F/MasterAnaDev_data_AnaTuple_run00016755_Playlist.root	8.85403450989008e+17	8.906114463365443e+17	1	26313		
FHC	data	1F	data16756	root://fndcadoor.fnal.gov:1095/pnfs/fnal.gov/usr/minerva/persistent/OpenData/MediumEnergy_FHC/Data/Playlist1F/MasterAnaDev_data_AnaTuple_run00016756_Playlist.root	8.886777112882136e+17	8.88980250488107e+17	1	26408		
FHC	data	1F	data16757	root://fndcadoor.fnal.gov:1095/pnfs/fnal.gov/usr/minerva/persistent/OpenData/MediumEnergy_FHC/Data/Playlist1F/MasterAnaDev_data_AnaTuple_run00016757_Playlist.root	8.491682785682679e+17	8.543935992964319e+17	1	25220		
FHC	data	1F	data16758	root://fndcadoor.fnal.gov:1095/pnfs/fnal.gov/usr/minerva/persistent/OpenData/MediumEnergy_FHC/Data/Playlist1F/MasterAnaDev_data_AnaTuple_run00016758_Playlist.root	8.766502860903739e+17	8.769018859707837e+17	1	26336		
FHC	data	1F	data16759	root://fndcadoor.fnal.gov:1095/pnfs/fnal.gov/usr/minerva/persistent/OpenData/MediumEnergy_FHC/Data/Playlist1F/MasterAnaDev_data_AnaTuple_run00016759_Playlist.root	8.147654791736603e+17	8.194856198601651e+17	1	24548		
FHC	data	1F	data16760	root://fndcadoor.fnal.gov:1095/pnfs/fnal.gov/usr/minerva/persistent/OpenData/MediumEnergy_FHC/Data/Playlist1F/MasterAnaDev_data_AnaTuple_run00016760_Playlist.root	7.405030802335739e+17	7.407062970594812e+17	1	22335		
FHC	data	1F	data16761	root://fndcadoor.fnal.gov:1095/pnfs/fnal.gov/usr/minerva/persistent/OpenData/MediumEnergy_FHC/Data/Playlist1F/MasterAnaDev_data_AnaTuple_run00016761_Playlist.root	2.4372599183416368e+17	2.4381491661646838e+17	1	7457		
FHC	data	1F	data16781	root://fndcadoor.fnal.gov:1095/pnfs/fnal.gov/usr/minerva/persistent/OpenData/MediumEnergy_FHC/Data/Playlist1F/MasterAnaDev_data_AnaTuple_run00016781_Playlist.root	3.5906893024921416e+16	3.5917750307932844e+16	1	1151		
FHC	data	1F	data16782	root://fndcadoor.fnal.gov:1095/pnfs/fnal.gov/usr/minerva/persistent/OpenData/MediumEnergy_FHC/Data/Playlist1F/MasterAnaDev_data_AnaTuple_run00016782_Playlist.root	7.844114544534682e+17	8.355934766992468e+17	1	23667		
FHC	data	1F	data16783	root://fndcadoor.fnal.gov:1095/pnfs/fnal.gov/usr/minerva/persistent/OpenData/MediumEnergy_FHC/Data/Playlist1F/MasterAnaDev_data_AnaTuple_run00016783_Playlist.root	7.514835497503282e+17	7.517351173828059e+17	1	22632		
FHC	data	1F	data16784	root://fndcadoor.fnal.gov:1095/pnfs/fnal.gov/usr/minerva/persistent/OpenData/MediumEnergy_FHC/Data/Playlist1F/MasterAnaDev_data_AnaTuple_run00016784_Playlist.root	8.412677012834551e+17	8.461856739518761e+17	1	25283		
FHC	data	1F	data16785	root://fndcadoor.fnal.gov:1095/pnfs/fnal.gov/usr/minerva/persistent/OpenData/MediumEnergy_FHC/Data/Playlist1F/MasterAnaDev_data_AnaTuple_run00016785_Playlist.root	8.621080333805083e+17	8.623210797225457e+17	1	25877		
FHC	data	1F	data16786	root://fndcadoor.fnal.gov:1095/pnfs/fnal.gov/usr/minerva/persistent/OpenData/MediumEnergy_FHC/Data/Playlist1F/MasterAnaDev_data_AnaTuple_run00016786_Playlist.root	8.517230942049029e+17	8.576867490020593e+17	1	25282		
FHC	data	1F	data16787	root://fndcadoor.fnal.gov:1095/pnfs/fnal.gov/usr/minerva/persistent/OpenData/MediumEnergy_FHC/Data/Playlist1F/MasterAnaDev_data_AnaTuple_run00016787_Playlist.root	8.420031138083936e+17	8.422601718576445e+17	1	25218		
FHC	data	1F	data16788	root://fndcadoor.fnal.gov:1095/pnfs/fnal.gov/usr/minerva/persistent/OpenData/MediumEnergy_FHC/Data/Playlist1F/MasterAnaDev_data_AnaTuple_run00016788_Playlist.root	1.5146649363772872e+18	1.5197198492996593e+18	1	45218		
FHC	data	1F	data16789	root://fndcadoor.fnal.gov:1095/pnfs/fnal.gov/usr/minerva/persistent/OpenData/MediumEnergy_FHC/Data/Playlist1F/MasterAnaDev_data_AnaTuple_run00016789_Playlist.root	8.361919526772498e+17	8.414522663414924e+17	1	24814		
FHC	data	1F	data16790	root://fndcadoor.fnal.gov:1095/pnfs/fnal.gov/usr/minerva/persistent/OpenData/MediumEnergy_FHC/Data/Playlist1F/MasterAnaDev_data_AnaTuple_run00016790_Playlist.root	8.111377505691053e+17	8.114450598405128e+17	1	24614		
FHC	data	1F	data16791	root://fndcadoor.fnal.gov:1095/pnfs/fnal.gov/usr/minerva/persistent/OpenData/MediumEnergy_FHC/Data/Playlist1F/MasterAnaDev_data_AnaTuple_run00016791_Playlist.root	8.90321844947815e+17	8.955267283177966e+17	1	26848		
FHC	data	1F	data16792	root://fndcadoor.fnal.gov:1095/pnfs/fnal.gov/usr/minerva/persistent/OpenData/MediumEnergy_FHC/Data/Playlist1F/MasterAnaDev_data_AnaTuple_run00016792_Playlist.root	4.4676012162137024e+17	4.469214569414353e+17	1	13336		
FHC	data	1F	data16793	root://fndcadoor.fnal.gov:1095/pnfs/fnal.gov/usr/minerva/persistent/OpenData/MediumEnergy_FHC/Data/Playlist1F/MasterAnaDev_data_AnaTuple_run00016793_Playlist.root	85744899749755.86	85872177533688.95	1	1		
FHC	data	1F	data16794	root://fndcadoor.fnal.gov:1095/pnfs/fnal.gov/usr/minerva/persistent/OpenData/MediumEnergy_FHC/Data/Playlist1F/MasterAnaDev_data_AnaTuple_run00016794_Playlist.root	8.753179711904524e+17	8.753808573299377e+17	1	26063		
FHC	data	1F	data16795	root://fndcadoor.fnal.gov:1095/pnfs/fnal.gov/usr/minerva/persistent/OpenData/MediumEnergy_FHC/Data/Playlist1F/MasterAnaDev_data_AnaTuple_run00016795_Playlist.root	6.86042910838127e+17	6.862088571149245e+17	1	20474		
FHC	data	1F	data16796	root://fndcadoor.fnal.gov:1095/pnfs/fnal.gov/usr/minerva/persistent/OpenData/MediumEnergy_FHC/Data/Playlist1F/MasterAnaDev_data_AnaTuple_run00016796_Playlist.root	9.266193396596909e+17	9.268522052262017e+17	1	27563		
FHC	data	1F	data16797	root://fndcadoor.fnal.gov:1095/pnfs/fnal.gov/usr/minerva/persistent/OpenData/MediumEnergy_FHC/Data/Playlist1F/MasterAnaDev_data_AnaTuple_run00016797_Playlist.root	8.606501924266813e+17	8.67978150874534e+17	1	25370		
FHC	data	1F	data16798	root://fndcadoor.fnal.gov:1095/pnfs/fnal.gov/usr/minerva/persistent/OpenData/MediumEnergy_FHC/Data/Playlist1F/MasterAnaDev_data_AnaTuple_run00016798_Playlist.root	8.729731441712375e+17	8.732394908718871e+17	1	25912		
FHC	data	1F	data16799	root://fndcadoor.fnal.gov:1095/pnfs/fnal.gov/usr/minerva/persistent/OpenData/MediumEnergy_FHC/Data/Playlist1F/MasterAnaDev_data_AnaTuple_run00016799_Playlist.root	7.50710309351206e+17	7.56148500527456e+17	1	22127		
FHC	data	1F	data16800	root://fndcadoor.fnal.gov:1095/pnfs/fnal.gov/usr/minerva/persistent/OpenData/MediumEnergy_FHC/Data/Playlist1F/MasterAnaDev_data_AnaTuple_run00016800_Playlist.root	8.660907663621901e+17	8.662883869528221e+17	1	25833		
FHC	data	1F	data16801	root://fndcadoor.fnal.gov:1095/pnfs/fnal.gov/usr/minerva/persistent/OpenData/MediumEnergy_FHC/Data/Playlist1F/MasterAnaDev_data_AnaTuple_run00016801_Playlist.root	8.308719582605363e+17	8.714772563353768e+17	1	24637		
FHC	data	1F	data16802	root://fndcadoor.fnal.gov:1095/pnfs/fnal.gov/usr/minerva/persistent/OpenData/MediumEnergy_FHC/Data/Playlist1F/MasterAnaDev_data_AnaTuple_run00016802_Playlist.root	1.8717614706611632e+17	1.8727671288210707e+17	1	5535		
FHC	data	1F	data16803	root://fndcadoor.fnal.gov:1095/pnfs/fnal.gov/usr/minerva/persistent/OpenData/MediumEnergy_FHC/Data/Playlist1F/MasterAnaDev_data_AnaTuple_run00016803_Playlist.root	0.0	-916699431370.9438	1	0		
FHC	data	1F	data16805	root://fndcadoor.fnal.gov:1095/pnfs/fnal.gov/usr/minerva/persistent/OpenData/MediumEnergy_FHC/Data/Playlist1F/MasterAnaDev_data_AnaTuple_run00016805_Playlist.root	8.078799410715103e+17	8.092153827389219e+17	1	24402		
FHC	data	1F	data16806	root://fndcadoor.fnal.gov:1095/pnfs/fnal.gov/usr/minerva/persistent/OpenData/MediumEnergy_FHC/Data/Playlist1F/MasterAnaDev_data_AnaTuple_run00016806_Playlist.root	7.365098719806671e+17	7.368079405371853e+17	1	21700		
FHC	data	1F	data16807	root://fndcadoor.fnal.gov:1095/pnfs/fnal.gov/usr/minerva/persistent/OpenData/MediumEnergy_FHC/Data/Playlist1F/MasterAnaDev_data_AnaTuple_run00016807_Playlist.root	8.549664316537381e+17	8.592777349328808e+17	1	25537		
FHC	data	1F	data16808	root://fndcadoor.fnal.gov:1095/pnfs/fnal.gov/usr/minerva/persistent/OpenData/MediumEnergy_FHC/Data/Playlist1F/MasterAnaDev_data_AnaTuple_run00016808_Playlist.root	8.808055605592728e+17	8.809353367425064e+17	1	26109		
FHC	data	1F	data16809	root://fndcadoor.fnal.gov:1095/pnfs/fnal.gov/usr/minerva/persistent/OpenData/MediumEnergy_FHC/Data/Playlist1F/MasterAnaDev_data_AnaTuple_run00016809_Playlist.root	8.745898469705582e+17	8.780671046628704e+17	1	26130		
FHC	data	1F	data16811	root://fndcadoor.fnal.gov:1095/pnfs/fnal.gov/usr/minerva/persistent/OpenData/MediumEnergy_FHC/Data/Playlist1F/MasterAnaDev_data_AnaTuple_run00016811_Playlist.root	2.521234267520905e+17	2.5224809889507606e+17	1	7572		
FHC	data	1F	data16816	root://fndcadoor.fnal.gov:1095/pnfs/fnal.gov/usr/minerva/persistent/OpenData/MediumEnergy_FHC/Data/Playlist1F/MasterAnaDev_data_AnaTuple_run00016816_Playlist.root	7.782038991477489e+17	7.784826533704477e+17	1	23072		
FHC	data	1F	data16817	root://fndcadoor.fnal.gov:1095/pnfs/fnal.gov/usr/minerva/persistent/OpenData/MediumEnergy_FHC/Data/Playlist1F/MasterAnaDev_data_AnaTuple_run00016817_Playlist.root	7.460358410253524e+17	7.59235918411748e+17	1	22273		
FHC	data	1F	data16818	root://fndcadoor.fnal.gov:1095/pnfs/fnal.gov/usr/minerva/persistent/OpenData/MediumEnergy_FHC/Data/Playlist1F/MasterAnaDev_data_AnaTuple_run00016818_Playlist.root	8.51814619750023e+17	8.567609671552146e+17	1	25317		
FHC	data	1F	data16819	root://fndcadoor.fnal.gov:1095/pnfs/fnal.gov/usr/minerva/persistent/OpenData/MediumEnergy_FHC/Data/Playlist1F/MasterAnaDev_data_AnaTuple_run00016819_Playlist.root	7.979008667328355e+17	8.042038404531777e+17	1	23928		
FHC	data	1F	data16820	root://fndcadoor.fnal.gov:1095/pnfs/fnal.gov/usr/minerva/persistent/OpenData/MediumEnergy_FHC/Data/Playlist1F/MasterAnaDev_data_AnaTuple_run00016820_Playlist.root	8.713483458690643e+17	8.716032562592625e+17	1	25883		
FHC	data	1F	data16821	root://fndcadoor.fnal.gov:1095/pnfs/fnal.gov/usr/minerva/persistent/OpenData/MediumEnergy_FHC/Data/Playlist1F/MasterAnaDev_data_AnaTuple_run00016821_Playlist.root	8.366329551677704e+17	8.473190810674715e+17	1	25020		
FHC	data	1F	data16822	root://fndcadoor.fnal.gov:1095/pnfs/fnal.gov/usr/minerva/persistent/OpenData/MediumEnergy_FHC/Data/Playlist1F/MasterAnaDev_data_AnaTuple_run00016822_Playlist.root	8.614021995821e+17	8.61653643386706e+17	1	25813		
FHC	data	1F	data16823	root://fndcadoor.fnal.gov:1095/pnfs/fnal.gov/usr/minerva/persistent/OpenData/MediumEnergy_FHC/Data/Playlist1F/MasterAnaDev_data_AnaTuple_run00016823_Playlist.root	7.644002586652041e+17	7.693741600454511e+17	1	22996		
FHC	data	1F	data16824	root://fndcadoor.fnal.gov:1095/pnfs/fnal.gov/usr/minerva/persistent/OpenData/MediumEnergy_FHC/Data/Playlist1F/MasterAnaDev_data_AnaTuple_run00016824_Playlist.root	8.73134929092407e+17	8.734242304718193e+17	1	25519		
FHC	data	1F	data16825	root://fndcadoor.fnal.gov:1095/pnfs/fnal.gov/usr/minerva/persistent/OpenData/MediumEnergy_FHC/Data/Playlist1F/MasterAnaDev_data_AnaTuple_run00016825_Playlist.root	7.750792257275581e+17	7.801835991782748e+17	1	22995		
FHC	data	1F	data16826	root://fndcadoor.fnal.gov:1095/pnfs/fnal.gov/usr/minerva/persistent/OpenData/MediumEnergy_FHC/Data/Playlist1F/MasterAnaDev_data_AnaTuple_run00016826_Playlist.root	8.315895992708207e+17	8.318214134670469e+17	1	24868		
FHC	data	1F	data16827	root://fndcadoor.fnal.gov:1095/pnfs/fnal.gov/usr/minerva/persistent/OpenData/MediumEnergy_FHC/Data/Playlist1F/MasterAnaDev_data_AnaTuple_run00016827_Playlist.root	8.518676141042708e+17	8.571153978419044e+17	1	25292		
FHC	data	1F	data16828	root://fndcadoor.fnal.gov:1095/pnfs/fnal.gov/usr/minerva/persistent/OpenData/MediumEnergy_FHC/Data/Playlist1F/MasterAnaDev_data_AnaTuple_run00016828_Playlist.root	9.466049721708301e+17	9.518736537978356e+17	1	28146		
FHC	data	1F	data16829	root://fndcadoor.fnal.gov:1095/pnfs/fnal.gov/usr/minerva/persistent/OpenData/MediumEnergy_FHC/Data/Playlist1F/MasterAnaDev_data_AnaTuple_run00016829_Playlist.root	8.710571169109343e+17	8.711842548583773e+17	1	26029		
FHC	data	1F	data16830	root://fndcadoor.fnal.gov:1095/pnfs/fnal.gov/usr/minerva/persistent/OpenData/MediumEnergy_FHC/Data/Playlist1F/MasterAnaDev_data_AnaTuple_run00016830_Playlist.root	8.765581246604918e+17	8.811885032559132e+17	1	26173		
FHC	data	1F	data16831	root://fndcadoor.fnal.gov:1095/pnfs/fnal.gov/usr/minerva/persistent/OpenData/MediumEnergy_FHC/Data/Playlist1F/MasterAnaDev_data_AnaTuple_run00016831_Playlist.root	7.350042279599905e+17	7.351290302688604e+17	1	22000		
FHC	data	1F	data16832	root://fndcadoor.fnal.gov:1095/pnfs/fnal.gov/usr/minerva/persistent/OpenData/MediumEnergy_FHC/Data/Playlist1F/MasterAnaDev_data_AnaTuple_run00016832_Playlist.root	8.547160995349883e+17	8.598006600014071e+17	1	25393		
FHC	data	1F	data16833	root://fndcadoor.fnal.gov:1095/pnfs/fnal.gov/usr/minerva/persistent/OpenData/MediumEnergy_FHC/Data/Playlist1F/MasterAnaDev_data_AnaTuple_run00016833_Playlist.root	8.60412532124996e+17	8.606216585540297e+17	1	25475		
FHC	data	1F	data16834	root://fndcadoor.fnal.gov:1095/pnfs/fnal.gov/usr/minerva/persistent/OpenData/MediumEnergy_FHC/Data/Playlist1F/MasterAnaDev_data_AnaTuple_run00016834_Playlist.root	8.339996323547365e+17	8.389352619209069e+17	1	25098		
FHC	data	1F	data16835	root://fndcadoor.fnal.gov:1095/pnfs/fnal.gov/usr/minerva/persistent/OpenData/MediumEnergy_FHC/Data/Playlist1F/MasterAnaDev_data_AnaTuple_run00016835_Playlist.root	8.47094770737648e+17	8.472449526238688e+17	1	25443		
FHC	data	1F	data16836	root://fndcadoor.fnal.gov:1095/pnfs/fnal.gov/usr/minerva/persistent/OpenData/MediumEnergy_FHC/Data/Playlist1F/MasterAnaDev_data_AnaTuple_run00016836_Playlist.root	6.569502607321738e+17	6.618351141163082e+17	1	19571		
FHC	data	1F	data16837	root://fndcadoor.fnal.gov:1095/pnfs/fnal.gov/usr/minerva/persistent/OpenData/MediumEnergy_FHC/Data/Playlist1F/MasterAnaDev_data_AnaTuple_run00016837_Playlist.root	1.4891842581176758e+17	1.4895110098652928e+17	1	4576		
FHC	data	1F	data16839	root://fndcadoor.fnal.gov:1095/pnfs/fnal.gov/usr/minerva/persistent/OpenData/MediumEnergy_FHC/Data/Playlist1F/MasterAnaDev_data_AnaTuple_run00016839_Playlist.root	7.209371308116913e+17	7.260453163244682e+17	1	21429		
FHC	data	1F	data16840	root://fndcadoor.fnal.gov:1095/pnfs/fnal.gov/usr/minerva/persistent/OpenData/MediumEnergy_FHC/Data/Playlist1F/MasterAnaDev_data_AnaTuple_run00016840_Playlist.root	4.174621364736556e+17	4.1758880165809274e+17	1	12318		
FHC	data	1F	data16841	root://fndcadoor.fnal.gov:1095/pnfs/fnal.gov/usr/minerva/persistent/OpenData/MediumEnergy_FHC/Data/Playlist1F/MasterAnaDev_data_AnaTuple_run00016841_Playlist.root	2.4361458072662356e+16	2.811554414547945e+16	1	699		
FHC	data	1F	data16843	root://fndcadoor.fnal.gov:1095/pnfs/fnal.gov/usr/minerva/persistent/OpenData/MediumEnergy_FHC/Data/Playlist1F/MasterAnaDev_data_AnaTuple_run00016843_Playlist.root	6.225869206299781e+17	6.476973344915104e+17	1	18565		
FHC	data	1G	data18668	root://fndcadoor.fnal.gov:1095/pnfs/fnal.gov/usr/minerva/persistent/OpenData/MediumEnergy_FHC/Data/Playlist1G/MasterAnaDev_data_AnaTuple_run00018668_Playlist.root	4.997964269388914e+17	5.0245002512357216e+17	1	15817		
FHC	data	1G	data18669	root://fndcadoor.fnal.gov:1095/pnfs/fnal.gov/usr/minerva/persistent/OpenData/MediumEnergy_FHC/Data/Playlist1G/MasterAnaDev_data_AnaTuple_run00018669_Playlist.root	5.5512644210672384e+17	5.552543283393501e+17	1	17388		
FHC	data	1G	data18670	root://fndcadoor.fnal.gov:1095/pnfs/fnal.gov/usr/minerva/persistent/OpenData/MediumEnergy_FHC/Data/Playlist1G/MasterAnaDev_data_AnaTuple_run00018670_Playlist.root	1.8830705148982998e+17	1.8836546995980896e+17	1	5942		
FHC	data	1G	data18671	root://fndcadoor.fnal.gov:1095/pnfs/fnal.gov/usr/minerva/persistent/OpenData/MediumEnergy_FHC/Data/Playlist1G/MasterAnaDev_data_AnaTuple_run00018671_Playlist.root	4.139004153208733e+17	4.163264572480576e+17	1	13047		
FHC	data	1G	data18672	root://fndcadoor.fnal.gov:1095/pnfs/fnal.gov/usr/minerva/persistent/OpenData/MediumEnergy_FHC/Data/Playlist1G/MasterAnaDev_data_AnaTuple_run00018672_Playlist.root	4.7955190936708454e+17	5.353405232868481e+17	1	15258		
FHC	data	1G	data18673	root://fndcadoor.fnal.gov:1095/pnfs/fnal.gov/usr/minerva/persistent/OpenData/MediumEnergy_FHC/Data/Playlist1G/MasterAnaDev_data_AnaTuple_run00018673_Playlist.root	5.3844083749318125e+17	5.3855441705215174e+17	1	17088		
FHC	data	1G	data18674	root://fndcadoor.fnal.gov:1095/pnfs/fnal.gov/usr/minerva/persistent/OpenData/MediumEnergy_FHC/Data/Playlist1G/MasterAnaDev_data_AnaTuple_run00018674_Playlist.root	2.958413901774883e+17	2.976801807793272e+17	1	9326		
FHC	data	1G	data18676	root://fndcadoor.fnal.gov:1095/pnfs/fnal.gov/usr/minerva/persistent/OpenData/MediumEnergy_FHC/Data/Playlist1G/MasterAnaDev_data_AnaTuple_run00018676_Playlist.root	4.9138151603710656e+17	5.688967669639252e+17	1	15442		
FHC	data	1G	data18677	root://fndcadoor.fnal.gov:1095/pnfs/fnal.gov/usr/minerva/persistent/OpenData/MediumEnergy_FHC/Data/Playlist1G/MasterAnaDev_data_AnaTuple_run00018677_Playlist.root	2.1345689526271824e+17	2.1355734380897843e+17	1	6685		
FHC	data	1G	data18679	root://fndcadoor.fnal.gov:1095/pnfs/fnal.gov/usr/minerva/persistent/OpenData/MediumEnergy_FHC/Data/Playlist1G/MasterAnaDev_data_AnaTuple_run00018679_Playlist.root	3.973052415904998e+17	5.713362169734254e+17	1	12601		
FHC	data	1G	data18680	root://fndcadoor.fnal.gov:1095/pnfs/fnal.gov/usr/minerva/persistent/OpenData/MediumEnergy_FHC/Data/Playlist1G/MasterAnaDev_data_AnaTuple_run00018680_Playlist.root	2.0610974586093427e+17	2.0616987837537053e+17	1	6607		
FHC	data	1G	data18691	root://fndcadoor.fnal.gov:1095/pnfs/fnal.gov/usr/minerva/persistent/OpenData/MediumEnergy_FHC/Data/Playlist1G/MasterAnaDev_data_AnaTuple_run00018691_Playlist.root	4.3345111377096166e+17	4.3351625925490176e+17	1	13583		
FHC	data	1G	data18692	root://fndcadoor.fnal.gov:1095/pnfs/fnal.gov/usr/minerva/persistent/OpenData/MediumEnergy_FHC/Data/Playlist1G/MasterAnaDev_data_AnaTuple_run00018692_Playlist.root	5.527034465117454e+17	5.556200549910162e+17	1	17173		
FHC	data	1G	data18693	root://fndcadoor.fnal.gov:1095/pnfs/fnal.gov/usr/minerva/persistent/OpenData/MediumEnergy_FHC/Data/Playlist1G/MasterAnaDev_data_AnaTuple_run00018693_Playlist.root	6.206376747727393e+17	6.208229649645605e+17	1	19518		
FHC	data	1G	data18694	root://fndcadoor.fnal.gov:1095/pnfs/fnal.gov/usr/minerva/persistent/OpenData/MediumEnergy_FHC/Data/Playlist1G/MasterAnaDev_data_AnaTuple_run00018694_Playlist.root	5.89303284766674e+17	6.13774681738094e+17	1	18651		
FHC	data	1G	data18695	root://fndcadoor.fnal.gov:1095/pnfs/fnal.gov/usr/minerva/persistent/OpenData/MediumEnergy_FHC/Data/Playlist1G/MasterAnaDev_data_AnaTuple_run00018695_Playlist.root	2.0626023649215702e+17	2.063281985061838e+17	1	6674		
FHC	data	1G	data18696	root://fndcadoor.fnal.gov:1095/pnfs/fnal.gov/usr/minerva/persistent/OpenData/MediumEnergy_FHC/Data/Playlist1G/MasterAnaDev_data_AnaTuple_run00018696_Playlist.root	6.32435019282341e+17	6.355346966039238e+17	1	19577		
FHC	data	1G	data18697	root://fndcadoor.fnal.gov:1095/pnfs/fnal.gov/usr/minerva/persistent/OpenData/MediumEnergy_FHC/Data/Playlist1G/MasterAnaDev_data_AnaTuple_run00018697_Playlist.root	5.777464355244636e+17	5.813571186722977e+17	1	18113		
FHC	data	1G	data18698	root://fndcadoor.fnal.gov:1095/pnfs/fnal.gov/usr/minerva/persistent/OpenData/MediumEnergy_FHC/Data/Playlist1G/MasterAnaDev_data_AnaTuple_run00018698_Playlist.root	4.593865839364529e+17	4.5944563206540365e+17	1	14316		
FHC	data	1G	data18699	root://fndcadoor.fnal.gov:1095/pnfs/fnal.gov/usr/minerva/persistent/OpenData/MediumEnergy_FHC/Data/Playlist1G/MasterAnaDev_data_AnaTuple_run00018699_Playlist.root	5.391095813475848e+17	5.419290266477142e+17	1	16898		
FHC	data	1G	data18700	root://fndcadoor.fnal.gov:1095/pnfs/fnal.gov/usr/minerva/persistent/OpenData/MediumEnergy_FHC/Data/Playlist1G/MasterAnaDev_data_AnaTuple_run00018700_Playlist.root	5.6290923610210426e+17	5.655356466331446e+17	1	17586		
FHC	data	1G	data18701	root://fndcadoor.fnal.gov:1095/pnfs/fnal.gov/usr/minerva/persistent/OpenData/MediumEnergy_FHC/Data/Playlist1G/MasterAnaDev_data_AnaTuple_run00018701_Playlist.root	6.13584198543787e+17	6.137161543477103e+17	1	19074		
FHC	data	1G	data18702	root://fndcadoor.fnal.gov:1095/pnfs/fnal.gov/usr/minerva/persistent/OpenData/MediumEnergy_FHC/Data/Playlist1G/MasterAnaDev_data_AnaTuple_run00018702_Playlist.root	5.611823880429268e+17	5.64155986604402e+17	1	17751		
FHC	data	1G	data18703	root://fndcadoor.fnal.gov:1095/pnfs/fnal.gov/usr/minerva/persistent/OpenData/MediumEnergy_FHC/Data/Playlist1G/MasterAnaDev_data_AnaTuple_run00018703_Playlist.root	6.001131244676114e+17	6.002449263102126e+17	1	18764		
FHC	data	1G	data18704	root://fndcadoor.fnal.gov:1095/pnfs/fnal.gov/usr/minerva/persistent/OpenData/MediumEnergy_FHC/Data/Playlist1G/MasterAnaDev_data_AnaTuple_run00018704_Playlist.root	4.9406667847526074e+17	5.0117675121478285e+17	1	15622		
FHC	data	1G	data18705	root://fndcadoor.fnal.gov:1095/pnfs/fnal.gov/usr/minerva/persistent/OpenData/MediumEnergy_FHC/Data/Playlist1G/MasterAnaDev_data_AnaTuple_run00018705_Playlist.root	4.388821427850724e+17	4.415684360617975e+17	1	13580		
FHC	data	1G	data18706	root://fndcadoor.fnal.gov:1095/pnfs/fnal.gov/usr/minerva/persistent/OpenData/MediumEnergy_FHC/Data/Playlist1G/MasterAnaDev_data_AnaTuple_run00018706_Playlist.root	6.31097457460165e+17	6.312327357414929e+17	1	19833		
FHC	data	1G	data18707	root://fndcadoor.fnal.gov:1095/pnfs/fnal.gov/usr/minerva/persistent/OpenData/MediumEnergy_FHC/Data/Playlist1G/MasterAnaDev_data_AnaTuple_run00018707_Playlist.root	1.2903996320152283e+17	1.2903959849884666e+17	1	3837		
FHC	data	1G	data18715	root://fndcadoor.fnal.gov:1095/pnfs/fnal.gov/usr/minerva/persistent/OpenData/MediumEnergy_FHC/Data/Playlist1G/MasterAnaDev_data_AnaTuple_run00018715_Playlist.root	4.0470483723747725e+17	4.134345378955552e+17	1	12718		
FHC	data	1G	data18716	root://fndcadoor.fnal.gov:1095/pnfs/fnal.gov/usr/minerva/persistent/OpenData/MediumEnergy_FHC/Data/Playlist1G/MasterAnaDev_data_AnaTuple_run00018716_Playlist.root	4.8812076455736154e+17	4.8818171303054144e+17	1	15584		
FHC	data	1G	data18717	root://fndcadoor.fnal.gov:1095/pnfs/fnal.gov/usr/minerva/persistent/OpenData/MediumEnergy_FHC/Data/Playlist1G/MasterAnaDev_data_AnaTuple_run00018717_Playlist.root	4.307795995521546e+16	4.307784538160427e+16	1	1341		
FHC	data	1G	data18720	root://fndcadoor.fnal.gov:1095/pnfs/fnal.gov/usr/minerva/persistent/OpenData/MediumEnergy_FHC/Data/Playlist1G/MasterAnaDev_data_AnaTuple_run00018720_Playlist.root	5.041003035326003e+17	5.041784271371855e+17	1	15728		
FHC	data	1G	data18721	root://fndcadoor.fnal.gov:1095/pnfs/fnal.gov/usr/minerva/persistent/OpenData/MediumEnergy_FHC/Data/Playlist1G/MasterAnaDev_data_AnaTuple_run00018721_Playlist.root	6.044445829596521e+17	6.256102060529079e+17	1	18826		
FHC	data	1G	data18722	root://fndcadoor.fnal.gov:1095/pnfs/fnal.gov/usr/minerva/persistent/OpenData/MediumEnergy_FHC/Data/Playlist1G/MasterAnaDev_data_AnaTuple_run00018722_Playlist.root	6.25892381804943e+17	6.260452268489649e+17	1	19426		
FHC	data	1G	data18723	root://fndcadoor.fnal.gov:1095/pnfs/fnal.gov/usr/minerva/persistent/OpenData/MediumEnergy_FHC/Data/Playlist1G/MasterAnaDev_data_AnaTuple_run00018723_Playlist.root	6.19221381052017e+17	6.2153872893874e+17	1	19178		
FHC	data	1G	data18724	root://fndcadoor.fnal.gov:1095/pnfs/fnal.gov/usr/minerva/persistent/OpenData/MediumEnergy_FHC/Data/Playlist1G/MasterAnaDev_data_AnaTuple_run00018724_Playlist.root	5.692497285606861e+17	5.7220670186920435e+17	1	17825		
FHC	data	1G	data18725	root://fndcadoor.fnal.gov:1095/pnfs/fnal.gov/usr/minerva/persistent/OpenData/MediumEnergy_FHC/Data/Playlist1G/MasterAnaDev_data_AnaTuple_run00018725_Playlist.root	5.0720939477109914e+17	5.809342688322455e+17	1	15783		
FHC	data	1G	data18726	root://fndcadoor.fnal.gov:1095/pnfs/fnal.gov/usr/minerva/persistent/OpenData/MediumEnergy_FHC/Data/Playlist1G/MasterAnaDev_data_AnaTuple_run00018726_Playlist.root	2.7800037901163104e+17	5.78341708213585e+17	1	8679		
FHC	data	1G	data18727	root://fndcadoor.fnal.gov:1095/pnfs/fnal.gov/usr/minerva/persistent/OpenData/MediumEnergy_FHC/Data/Playlist1G/MasterAnaDev_data_AnaTuple_run00018727_Playlist.root	2.6557477784442902e+17	5.701368831648892e+17	1	8193		
FHC	data	1G	data18728	root://fndcadoor.fnal.gov:1095/pnfs/fnal.gov/usr/minerva/persistent/OpenData/MediumEnergy_FHC/Data/Playlist1G/MasterAnaDev_data_AnaTuple_run00018728_Playlist.root	2.051021252934933e+17	2.6527612671940826e+17	1	6416		
FHC	data	1G	data18730	root://fndcadoor.fnal.gov:1095/pnfs/fnal.gov/usr/minerva/persistent/OpenData/MediumEnergy_FHC/Data/Playlist1G/MasterAnaDev_data_AnaTuple_run00018730_Playlist.root	5.5967969253015526e+17	5.893765287725258e+17	1	17674		
FHC	data	1G	data18731	root://fndcadoor.fnal.gov:1095/pnfs/fnal.gov/usr/minerva/persistent/OpenData/MediumEnergy_FHC/Data/Playlist1G/MasterAnaDev_data_AnaTuple_run00018731_Playlist.root	6.286277678480147e+17	6.288111032854427e+17	1	19771		
FHC	data	1G	data18732	root://fndcadoor.fnal.gov:1095/pnfs/fnal.gov/usr/minerva/persistent/OpenData/MediumEnergy_FHC/Data/Playlist1G/MasterAnaDev_data_AnaTuple_run00018732_Playlist.root	2.3582170683789254e+17	2.3949238156149322e+17	1	7272		
FHC	data	1G	data18800	root://fndcadoor.fnal.gov:1095/pnfs/fnal.gov/usr/minerva/persistent/OpenData/MediumEnergy_FHC/Data/Playlist1G/MasterAnaDev_data_AnaTuple_run00018800_Playlist.root	6.379205921766758e+17	6.379652875549569e+17	1	19880		
FHC	data	1G	data18801	root://fndcadoor.fnal.gov:1095/pnfs/fnal.gov/usr/minerva/persistent/OpenData/MediumEnergy_FHC/Data/Playlist1G/MasterAnaDev_data_AnaTuple_run00018801_Playlist.root	6.234375936553477e+17	6.271546285566527e+17	1	19546		
FHC	data	1G	data18802	root://fndcadoor.fnal.gov:1095/pnfs/fnal.gov/usr/minerva/persistent/OpenData/MediumEnergy_FHC/Data/Playlist1G/MasterAnaDev_data_AnaTuple_run00018802_Playlist.root	6.303539801466465e+17	6.305310633645628e+17	1	19520		
FHC	data	1G	data18803	root://fndcadoor.fnal.gov:1095/pnfs/fnal.gov/usr/minerva/persistent/OpenData/MediumEnergy_FHC/Data/Playlist1G/MasterAnaDev_data_AnaTuple_run00018803_Playlist.root	6.244744801328183e+17	6.283064639879278e+17	1	19537		
FHC	data	1G	data18804	root://fndcadoor.fnal.gov:1095/pnfs/fnal.gov/usr/minerva/persistent/OpenData/MediumEnergy_FHC/Data/Playlist1G/MasterAnaDev_data_AnaTuple_run00018804_Playlist.root	5.5878840393638605e+17	5.7390302816822336e+17	1	17447		
FHC	data	1G	data18805	root://fndcadoor.fnal.gov:1095/pnfs/fnal.gov/usr/minerva/persistent/OpenData/MediumEnergy_FHC/Data/Playlist1G/MasterAnaDev_data_AnaTuple_run00018805_Playlist.root	5.7344953588032723e+17	6.201898121263249e+17	1	18080		
FHC	data	1G	data18806	root://fndcadoor.fnal.gov:1095/pnfs/fnal.gov/usr/minerva/persistent/OpenData/MediumEnergy_FHC/Data/Playlist1G/MasterAnaDev_data_AnaTuple_run00018806_Playlist.root	5.882526305119991e+17	5.883644527561638e+17	1	18227		
FHC	data	1G	data18807	root://fndcadoor.fnal.gov:1095/pnfs/fnal.gov/usr/minerva/persistent/OpenData/MediumEnergy_FHC/Data/Playlist1G/MasterAnaDev_data_AnaTuple_run00018807_Playlist.root	3.897518708000183e+17	3.969474841367634e+17	1	12185		
FHC	data	1G	data18808	root://fndcadoor.fnal.gov:1095/pnfs/fnal.gov/usr/minerva/persistent/OpenData/MediumEnergy_FHC/Data/Playlist1G/MasterAnaDev_data_AnaTuple_run00018808_Playlist.root	5.680970392303468e+17	5.681911521522288e+17	1	17805		
FHC	data	1G	data18809	root://fndcadoor.fnal.gov:1095/pnfs/fnal.gov/usr/minerva/persistent/OpenData/MediumEnergy_FHC/Data/Playlist1G/MasterAnaDev_data_AnaTuple_run00018809_Playlist.root	5.766396262762546e+17	5.801281558321467e+17	1	18029		
FHC	data	1G	data18810	root://fndcadoor.fnal.gov:1095/pnfs/fnal.gov/usr/minerva/persistent/OpenData/MediumEnergy_FHC/Data/Playlist1G/MasterAnaDev_data_AnaTuple_run00018810_Playlist.root	6.487280230741501e+17	6.48912384399864e+17	1	20044		
FHC	data	1G	data18811	root://fndcadoor.fnal.gov:1095/pnfs/fnal.gov/usr/minerva/persistent/OpenData/MediumEnergy_FHC/Data/Playlist1G/MasterAnaDev_data_AnaTuple_run00018811_Playlist.root	6.436542828574182e+17	6.473353858334862e+17	1	20023		
FHC	data	1G	data18812	root://fndcadoor.fnal.gov:1095/pnfs/fnal.gov/usr/minerva/persistent/OpenData/MediumEnergy_FHC/Data/Playlist1G/MasterAnaDev_data_AnaTuple_run00018812_Playlist.root	5.981691324729919e+17	5.98377630862167e+17	1	18614		
FHC	data	1G	data18813	root://fndcadoor.fnal.gov:1095/pnfs/fnal.gov/usr/minerva/persistent/OpenData/MediumEnergy_FHC/Data/Playlist1G/MasterAnaDev_data_AnaTuple_run00018813_Playlist.root	6.539466900918484e+17	6.574822528736261e+17	1	20374		
FHC	data	1G	data18814	root://fndcadoor.fnal.gov:1095/pnfs/fnal.gov/usr/minerva/persistent/OpenData/MediumEnergy_FHC/Data/Playlist1G/MasterAnaDev_data_AnaTuple_run00018814_Playlist.root	6.417788724851608e+17	6.419422601178382e+17	1	19997		
FHC	data	1G	data18815	root://fndcadoor.fnal.gov:1095/pnfs/fnal.gov/usr/minerva/persistent/OpenData/MediumEnergy_FHC/Data/Playlist1G/MasterAnaDev_data_AnaTuple_run00018815_Playlist.root	6.258836212773322e+17	6.296696918762597e+17	1	19468		
FHC	data	1G	data18816	root://fndcadoor.fnal.gov:1095/pnfs/fnal.gov/usr/minerva/persistent/OpenData/MediumEnergy_FHC/Data/Playlist1G/MasterAnaDev_data_AnaTuple_run00018816_Playlist.root	6.500339618997574e+17	6.501957143773914e+17	1	20074		
FHC	data	1G	data18817	root://fndcadoor.fnal.gov:1095/pnfs/fnal.gov/usr/minerva/persistent/OpenData/MediumEnergy_FHC/Data/Playlist1G/MasterAnaDev_data_AnaTuple_run00018817_Playlist.root	6.470261673336027e+17	6.507566437772777e+17	1	20126		
FHC	data	1G	data18818	root://fndcadoor.fnal.gov:1095/pnfs/fnal.gov/usr/minerva/persistent/OpenData/MediumEnergy_FHC/Data/Playlist1G/MasterAnaDev_data_AnaTuple_run00018818_Playlist.root	6.580387869663237e+17	6.582028847674643e+17	1	20548		
FHC	data	1G	data18819	root://fndcadoor.fnal.gov:1095/pnfs/fnal.gov/usr/minerva/persistent/OpenData/MediumEnergy_FHC/Data/Playlist1G/MasterAnaDev_data_AnaTuple_run00018819_Playlist.root	6.59659161597252e+17	6.597521159882962e+17	1	20468		
FHC	data	1G	data18820	root://fndcadoor.fnal.gov:1095/pnfs/fnal.gov/usr/minerva/persistent/OpenData/MediumEnergy_FHC/Data/Playlist1G/MasterAnaDev_data_AnaTuple_run00018820_Playlist.root	6.633059044702056e+17	6.666856124833885e+17	1	20690		
FHC	data	1G	data18821	root://fndcadoor.fnal.gov:1095/pnfs/fnal.gov/usr/minerva/persistent/OpenData/MediumEnergy_FHC/Data/Playlist1G/MasterAnaDev_data_AnaTuple_run00018821_Playlist.root	1.003043158941269e+17	1.0040008094900509e+17	1	3102		
FHC	data	1G	data18822	root://fndcadoor.fnal.gov:1095/pnfs/fnal.gov/usr/minerva/persistent/OpenData/MediumEnergy_FHC/Data/Playlist1G/MasterAnaDev_data_AnaTuple_run00018822_Playlist.root	6.584387268300055e+17	6.619788613069129e+17	1	20564		
FHC	data	1G	data18823	root://fndcadoor.fnal.gov:1095/pnfs/fnal.gov/usr/minerva/persistent/OpenData/MediumEnergy_FHC/Data/Playlist1G/MasterAnaDev_data_AnaTuple_run00018823_Playlist.root	9.02163736368895e+17	9.023551709234536e+17	1	28094		
FHC	data	1G	data18824	root://fndcadoor.fnal.gov:1095/pnfs/fnal.gov/usr/minerva/persistent/OpenData/MediumEnergy_FHC/Data/Playlist1G/MasterAnaDev_data_AnaTuple_run00018824_Playlist.root	6.452348193001747e+17	6.493395109779151e+17	1	20256		
FHC	data	1G	data18825	root://fndcadoor.fnal.gov:1095/pnfs/fnal.gov/usr/minerva/persistent/OpenData/MediumEnergy_FHC/Data/Playlist1G/MasterAnaDev_data_AnaTuple_run00018825_Playlist.root	6.342008647716045e+17	6.343904489926435e+17	1	19738		
FHC	data	1G	data18826	root://fndcadoor.fnal.gov:1095/pnfs/fnal.gov/usr/minerva/persistent/OpenData/MediumEnergy_FHC/Data/Playlist1G/MasterAnaDev_data_AnaTuple_run00018826_Playlist.root	1.1416852621221542e+17	1.1426219694781898e+17	1	3572		
FHC	data	1G	data18827	root://fndcadoor.fnal.gov:1095/pnfs/fnal.gov/usr/minerva/persistent/OpenData/MediumEnergy_FHC/Data/Playlist1G/MasterAnaDev_data_AnaTuple_run00018827_Playlist.root	2.843608379483223e+17	6.413318128014089e+17	1	8906		
FHC	data	1G	data18828	root://fndcadoor.fnal.gov:1095/pnfs/fnal.gov/usr/minerva/persistent/OpenData/MediumEnergy_FHC/Data/Playlist1G/MasterAnaDev_data_AnaTuple_run00018828_Playlist.root	6.54399757218361e+17	6.545682198298724e+17	1	20470		
FHC	data	1G	data18829	root://fndcadoor.fnal.gov:1095/pnfs/fnal.gov/usr/minerva/persistent/OpenData/MediumEnergy_FHC/Data/Playlist1G/MasterAnaDev_data_AnaTuple_run00018829_Playlist.root	6.697917700414657e+17	6.737550222053128e+17	1	20689		
FHC	data	1G	data18830	root://fndcadoor.fnal.gov:1095/pnfs/fnal.gov/usr/minerva/persistent/OpenData/MediumEnergy_FHC/Data/Playlist1G/MasterAnaDev_data_AnaTuple_run00018830_Playlist.root	6.70195409440756e+17	6.703621629194724e+17	1	20817		
FHC	data	1G	data18831	root://fndcadoor.fnal.gov:1095/pnfs/fnal.gov/usr/minerva/persistent/OpenData/MediumEnergy_FHC/Data/Playlist1G/MasterAnaDev_data_AnaTuple_run00018831_Playlist.root	6.024264592819213e+17	6.061231045506879e+17	1	18760		
FHC	data	1G	data18832	root://fndcadoor.fnal.gov:1095/pnfs/fnal.gov/usr/minerva/persistent/OpenData/MediumEnergy_FHC/Data/Playlist1G/MasterAnaDev_data_AnaTuple_run00018832_Playlist.root	6.446107588596344e+17	6.447767132715246e+17	1	20183		
FHC	data	1G	data18833	root://fndcadoor.fnal.gov:1095/pnfs/fnal.gov/usr/minerva/persistent/OpenData/MediumEnergy_FHC/Data/Playlist1G/MasterAnaDev_data_AnaTuple_run00018833_Playlist.root	6.590236971769332e+17	6.627855466648083e+17	1	20751		
FHC	data	1G	data18834	root://fndcadoor.fnal.gov:1095/pnfs/fnal.gov/usr/minerva/persistent/OpenData/MediumEnergy_FHC/Data/Playlist1G/MasterAnaDev_data_AnaTuple_run00018834_Playlist.root	6.515890068535804e+17	6.68444208145752e+17	1	20178		
FHC	data	1G	data18835	root://fndcadoor.fnal.gov:1095/pnfs/fnal.gov/usr/minerva/persistent/OpenData/MediumEnergy_FHC/Data/Playlist1G/MasterAnaDev_data_AnaTuple_run00018835_Playlist.root	6.621640488862991e+17	6.623284478985678e+17	1	20780		
FHC	data	1G	data18836	root://fndcadoor.fnal.gov:1095/pnfs/fnal.gov/usr/minerva/persistent/OpenData/MediumEnergy_FHC/Data/Playlist1G/MasterAnaDev_data_AnaTuple_run00018836_Playlist.root	6.481824161658286e+17	6.520224207476439e+17	1	20397		
FHC	data	1G	data18837	root://fndcadoor.fnal.gov:1095/pnfs/fnal.gov/usr/minerva/persistent/OpenData/MediumEnergy_FHC/Data/Playlist1G/MasterAnaDev_data_AnaTuple_run00018837_Playlist.root	6.534788838338853e+17	6.536212251613722e+17	1	20468		
FHC	data	1G	data18838	root://fndcadoor.fnal.gov:1095/pnfs/fnal.gov/usr/minerva/persistent/OpenData/MediumEnergy_FHC/Data/Playlist1G/MasterAnaDev_data_AnaTuple_run00018838_Playlist.root	6.225464545588493e+17	6.23363303675989e+17	1	19372		
FHC	data	1G	data18839	root://fndcadoor.fnal.gov:1095/pnfs/fnal.gov/usr/minerva/persistent/OpenData/MediumEnergy_FHC/Data/Playlist1G/MasterAnaDev_data_AnaTuple_run00018839_Playlist.root	5.0304572986650464e+17	5.0325473452719456e+17	1	15669		
FHC	data	1G	data18844	root://fndcadoor.fnal.gov:1095/pnfs/fnal.gov/usr/minerva/persistent/OpenData/MediumEnergy_FHC/Data/Playlist1G/MasterAnaDev_data_AnaTuple_run00018844_Playlist.root	5.891380954170226e+17	5.892990742845919e+17	1	18396		
FHC	data	1G	data18845	root://fndcadoor.fnal.gov:1095/pnfs/fnal.gov/usr/minerva/persistent/OpenData/MediumEnergy_FHC/Data/Playlist1G/MasterAnaDev_data_AnaTuple_run00018845_Playlist.root	4.151717216148375e+17	4.1695249673734694e+17	1	13165		
FHC	data	1G	data18846	root://fndcadoor.fnal.gov:1095/pnfs/fnal.gov/usr/minerva/persistent/OpenData/MediumEnergy_FHC/Data/Playlist1G/MasterAnaDev_data_AnaTuple_run00018846_Playlist.root	6.406450922846796e+17	6.408068871678172e+17	1	19990		
FHC	data	1G	data18847	root://fndcadoor.fnal.gov:1095/pnfs/fnal.gov/usr/minerva/persistent/OpenData/MediumEnergy_FHC/Data/Playlist1G/MasterAnaDev_data_AnaTuple_run00018847_Playlist.root	5.853869206190108e+17	5.891059190193572e+17	1	18261		
FHC	data	1G	data18848	root://fndcadoor.fnal.gov:1095/pnfs/fnal.gov/usr/minerva/persistent/OpenData/MediumEnergy_FHC/Data/Playlist1G/MasterAnaDev_data_AnaTuple_run00018848_Playlist.root	6.569061116473674e+17	6.651692714062289e+17	1	20506		
FHC	data	1G	data18849	root://fndcadoor.fnal.gov:1095/pnfs/fnal.gov/usr/minerva/persistent/OpenData/MediumEnergy_FHC/Data/Playlist1G/MasterAnaDev_data_AnaTuple_run00018849_Playlist.root	6.546450979990959e+17	6.583276624022913e+17	1	20113		
FHC	data	1G	data18850	root://fndcadoor.fnal.gov:1095/pnfs/fnal.gov/usr/minerva/persistent/OpenData/MediumEnergy_FHC/Data/Playlist1G/MasterAnaDev_data_AnaTuple_run00018850_Playlist.root	6.350842668199542e+17	6.352761985049665e+17	1	19636		
FHC	data	1G	data18851	root://fndcadoor.fnal.gov:1095/pnfs/fnal.gov/usr/minerva/persistent/OpenData/MediumEnergy_FHC/Data/Playlist1G/MasterAnaDev_data_AnaTuple_run00018851_Playlist.root	6.35404144693613e+17	6.391753995418683e+17	1	19643		
FHC	data	1G	data18852	root://fndcadoor.fnal.gov:1095/pnfs/fnal.gov/usr/minerva/persistent/OpenData/MediumEnergy_FHC/Data/Playlist1G/MasterAnaDev_data_AnaTuple_run00018852_Playlist.root	5.79330814948082e+17	5.79450481103211e+17	1	17883		
FHC	data	1G	data18853	root://fndcadoor.fnal.gov:1095/pnfs/fnal.gov/usr/minerva/persistent/OpenData/MediumEnergy_FHC/Data/Playlist1G/MasterAnaDev_data_AnaTuple_run00018853_Playlist.root	5.923664760713578e+17	5.925557564595453e+17	1	18209		
FHC	data	1G	data18854	root://fndcadoor.fnal.gov:1095/pnfs/fnal.gov/usr/minerva/persistent/OpenData/MediumEnergy_FHC/Data/Playlist1G/MasterAnaDev_data_AnaTuple_run00018854_Playlist.root	6.663801353332996e+17	6.69949577059039e+17	1	20831		
FHC	data	1G	data18855	root://fndcadoor.fnal.gov:1095/pnfs/fnal.gov/usr/minerva/persistent/OpenData/MediumEnergy_FHC/Data/Playlist1G/MasterAnaDev_data_AnaTuple_run00018855_Playlist.root	6.54338294652462e+17	6.54504741174703e+17	1	20084		
FHC	data	1G	data18856	root://fndcadoor.fnal.gov:1095/pnfs/fnal.gov/usr/minerva/persistent/OpenData/MediumEnergy_FHC/Data/Playlist1G/MasterAnaDev_data_AnaTuple_run00018856_Playlist.root	6.847951990041733e+17	6.848919735440914e+17	1	21239		
FHC	data	1G	data18857	root://fndcadoor.fnal.gov:1095/pnfs/fnal.gov/usr/minerva/persistent/OpenData/MediumEnergy_FHC/Data/Playlist1G/MasterAnaDev_data_AnaTuple_run00018857_Playlist.root	6.669546127223969e+17	6.711289791422958e+17	1	20541		
FHC	data	1G	data18858	root://fndcadoor.fnal.gov:1095/pnfs/fnal.gov/usr/minerva/persistent/OpenData/MediumEnergy_FHC/Data/Playlist1G/MasterAnaDev_data_AnaTuple_run00018858_Playlist.root	6.410108124411105e+17	6.445459358565373e+17	1	19699		
FHC	data	1G	data18859	root://fndcadoor.fnal.gov:1095/pnfs/fnal.gov/usr/minerva/persistent/OpenData/MediumEnergy_FHC/Data/Playlist1G/MasterAnaDev_data_AnaTuple_run00018859_Playlist.root	6.325482102410793e+17	6.328615286439416e+17	1	19815		
FHC	data	1G	data18860	root://fndcadoor.fnal.gov:1095/pnfs/fnal.gov/usr/minerva/persistent/OpenData/MediumEnergy_FHC/Data/Playlist1G/MasterAnaDev_data_AnaTuple_run00018860_Playlist.root	6.557592293772698e+17	6.559532493395841e+17	1	20467		
FHC	data	1G	data18861	root://fndcadoor.fnal.gov:1095/pnfs/fnal.gov/usr/minerva/persistent/OpenData/MediumEnergy_FHC/Data/Playlist1G/MasterAnaDev_data_AnaTuple_run00018861_Playlist.root	6.680231993775369e+17	6.718186162580298e+17	1	20688		
FHC	data	1G	data18862	root://fndcadoor.fnal.gov:1095/pnfs/fnal.gov/usr/minerva/persistent/OpenData/MediumEnergy_FHC/Data/Playlist1G/MasterAnaDev_data_AnaTuple_run00018862_Playlist.root	6.041038317427635e+17	6.042976022384667e+17	1	18948		
FHC	data	1G	data18863	root://fndcadoor.fnal.gov:1095/pnfs/fnal.gov/usr/minerva/persistent/OpenData/MediumEnergy_FHC/Data/Playlist1G/MasterAnaDev_data_AnaTuple_run00018863_Playlist.root	6.62369455165863e+17	6.665358393730348e+17	1	20551		
FHC	data	1G	data18864	root://fndcadoor.fnal.gov:1095/pnfs/fnal.gov/usr/minerva/persistent/OpenData/MediumEnergy_FHC/Data/Playlist1G/MasterAnaDev_data_AnaTuple_run00018864_Playlist.root	6.696156363718508e+17	6.698083046192028e+17	1	20665		
FHC	data	1G	data18865	root://fndcadoor.fnal.gov:1095/pnfs/fnal.gov/usr/minerva/persistent/OpenData/MediumEnergy_FHC/Data/Playlist1G/MasterAnaDev_data_AnaTuple_run00018865_Playlist.root	6.758263553771973e+17	6.799426263126518e+17	1	21074		
FHC	data	1G	data18866	root://fndcadoor.fnal.gov:1095/pnfs/fnal.gov/usr/minerva/persistent/OpenData/MediumEnergy_FHC/Data/Playlist1G/MasterAnaDev_data_AnaTuple_run00018866_Playlist.root	6.751008836624621e+17	6.753167305211141e+17	1	20879		
FHC	data	1G	data18867	root://fndcadoor.fnal.gov:1095/pnfs/fnal.gov/usr/minerva/persistent/OpenData/MediumEnergy_FHC/Data/Playlist1G/MasterAnaDev_data_AnaTuple_run00018867_Playlist.root	6.318245677084923e+17	6.354088986058569e+17	1	19820		
FHC	data	1G	data18868	root://fndcadoor.fnal.gov:1095/pnfs/fnal.gov/usr/minerva/persistent/OpenData/MediumEnergy_FHC/Data/Playlist1G/MasterAnaDev_data_AnaTuple_run00018868_Playlist.root	6.711398444907667e+17	6.713052530146335e+17	1	20905		
FHC	data	1G	data18869	root://fndcadoor.fnal.gov:1095/pnfs/fnal.gov/usr/minerva/persistent/OpenData/MediumEnergy_FHC/Data/Playlist1G/MasterAnaDev_data_AnaTuple_run00018869_Playlist.root	3.015358322610855e+17	3.0163544317344166e+17	1	9373		
FHC	data	1G	data18871	root://fndcadoor.fnal.gov:1095/pnfs/fnal.gov/usr/minerva/persistent/OpenData/MediumEnergy_FHC/Data/Playlist1G/MasterAnaDev_data_AnaTuple_run00018871_Playlist.root	6.711995773940088e+17	6.751276964515498e+17	1	20829		
FHC	data	1G	data18872	root://fndcadoor.fnal.gov:1095/pnfs/fnal.gov/usr/minerva/persistent/OpenData/MediumEnergy_FHC/Data/Playlist1G/MasterAnaDev_data_AnaTuple_run00018872_Playlist.root	6.51881374683857e+17	6.519803290595729e+17	1	20131		
FHC	data	1G	data18873	root://fndcadoor.fnal.gov:1095/pnfs/fnal.gov/usr/minerva/persistent/OpenData/MediumEnergy_FHC/Data/Playlist1G/MasterAnaDev_data_AnaTuple_run00018873_Playlist.root	7.166059419835807e+17	7.206947242382351e+17	1	22449		
FHC	data	1G	data18874	root://fndcadoor.fnal.gov:1095/pnfs/fnal.gov/usr/minerva/persistent/OpenData/MediumEnergy_FHC/Data/Playlist1G/MasterAnaDev_data_AnaTuple_run00018874_Playlist.root	7.076836711754799e+17	7.078082842013815e+17	1	21812		
FHC	data	1G	data18875	root://fndcadoor.fnal.gov:1095/pnfs/fnal.gov/usr/minerva/persistent/OpenData/MediumEnergy_FHC/Data/Playlist1G/MasterAnaDev_data_AnaTuple_run00018875_Playlist.root	5.526196327662468e+17	5.5674160469633363e+17	1	17269		
FHC	data	1G	data18876	root://fndcadoor.fnal.gov:1095/pnfs/fnal.gov/usr/minerva/persistent/OpenData/MediumEnergy_FHC/Data/Playlist1G/MasterAnaDev_data_AnaTuple_run00018876_Playlist.root	6.636210966405869e+17	6.638260802121088e+17	1	20282		
FHC	data	1G	data18877	root://fndcadoor.fnal.gov:1095/pnfs/fnal.gov/usr/minerva/persistent/OpenData/MediumEnergy_FHC/Data/Playlist1G/MasterAnaDev_data_AnaTuple_run00018877_Playlist.root	7.026656123156547e+17	7.068712500312454e+17	1	21800		
FHC	data	1G	data18878	root://fndcadoor.fnal.gov:1095/pnfs/fnal.gov/usr/minerva/persistent/OpenData/MediumEnergy_FHC/Data/Playlist1G/MasterAnaDev_data_AnaTuple_run00018878_Playlist.root	6.971447473335268e+17	6.972525552975958e+17	1	21509		
FHC	data	1G	data18879	root://fndcadoor.fnal.gov:1095/pnfs/fnal.gov/usr/minerva/persistent/OpenData/MediumEnergy_FHC/Data/Playlist1G/MasterAnaDev_data_AnaTuple_run00018879_Playlist.root	7.345802479925156e+17	7.391609296364219e+17	1	22490		
FHC	data	1G	data18880	root://fndcadoor.fnal.gov:1095/pnfs/fnal.gov/usr/minerva/persistent/OpenData/MediumEnergy_FHC/Data/Playlist1G/MasterAnaDev_data_AnaTuple_run00018880_Playlist.root	7.279450468449594e+17	7.280760676956553e+17	1	22514		
FHC	data	1G	data18881	root://fndcadoor.fnal.gov:1095/pnfs/fnal.gov/usr/minerva/persistent/OpenData/MediumEnergy_FHC/Data/Playlist1G/MasterAnaDev_data_AnaTuple_run00018881_Playlist.root	4.35488825390339e+17	4.355928949011463e+17	1	13477		
FHC	data	1G	data18882	root://fndcadoor.fnal.gov:1095/pnfs/fnal.gov/usr/minerva/persistent/OpenData/MediumEnergy_FHC/Data/Playlist1G/MasterAnaDev_data_AnaTuple_run00018882_Playlist.root	7.188102471721175e+17	7.307385379321798e+17	1	22469		
FHC	data	1G	data18883	root://fndcadoor.fnal.gov:1095/pnfs/fnal.gov/usr/minerva/persistent/OpenData/MediumEnergy_FHC/Data/Playlist1G/MasterAnaDev_data_AnaTuple_run00018883_Playlist.root	3.3074782531929024e+17	7.306245616143739e+17	1	10188		
FHC	data	1G	data18884	root://fndcadoor.fnal.gov:1095/pnfs/fnal.gov/usr/minerva/persistent/OpenData/MediumEnergy_FHC/Data/Playlist1G/MasterAnaDev_data_AnaTuple_run00018884_Playlist.root	6.857695955796242e+17	6.89748100758349e+17	1	21151		
FHC	data	1G	data18885	root://fndcadoor.fnal.gov:1095/pnfs/fnal.gov/usr/minerva/persistent/OpenData/MediumEnergy_FHC/Data/Playlist1G/MasterAnaDev_data_AnaTuple_run00018885_Playlist.root	6.616489256305696e+17	6.652585572257617e+17	1	20292		
FHC	data	1G	data18886	root://fndcadoor.fnal.gov:1095/pnfs/fnal.gov/usr/minerva/persistent/OpenData/MediumEnergy_FHC/Data/Playlist1G/MasterAnaDev_data_AnaTuple_run00018886_Playlist.root	7.228339313669206e+17	7.230156045708872e+17	1	22515		
FHC	data	1G	data18887	root://fndcadoor.fnal.gov:1095/pnfs/fnal.gov/usr/minerva/persistent/OpenData/MediumEnergy_FHC/Data/Playlist1G/MasterAnaDev_data_AnaTuple_run00018887_Playlist.root	1.0035067144393922e+17	5.789026235921075e+17	1	3111		
FHC	data	1G	data18888	root://fndcadoor.fnal.gov:1095/pnfs/fnal.gov/usr/minerva/persistent/OpenData/MediumEnergy_FHC/Data/Playlist1G/MasterAnaDev_data_AnaTuple_run00018888_Playlist.root	0.0	7.252931608429742e+17	1	0		
FHC	data	1G	data18889	root://fndcadoor.fnal.gov:1095/pnfs/fnal.gov/usr/minerva/persistent/OpenData/MediumEnergy_FHC/Data/Playlist1G/MasterAnaDev_data_AnaTuple_run00018889_Playlist.root	3458031103134155.5	1.1104038691480446e+17	1	100		
FHC	data	1G	data18890	root://fndcadoor.fnal.gov:1095/pnfs/fnal.gov/usr/minerva/persistent/OpenData/MediumEnergy_FHC/Data/Playlist1G/MasterAnaDev_data_AnaTuple_run00018890_Playlist.root	7.363745949344635e+17	7.364528429282237e+17	1	22688		
FHC	data	1G	data18891	root://fndcadoor.fnal.gov:1095/pnfs/fnal.gov/usr/minerva/persistent/OpenData/MediumEnergy_FHC/Data/Playlist1G/MasterAnaDev_data_AnaTuple_run00018891_Playlist.root	7.345411963930131e+17	7.347754831191672e+17	1	22605		
FHC	data	1G	data18892	root://fndcadoor.fnal.gov:1095/pnfs/fnal.gov/usr/minerva/persistent/OpenData/MediumEnergy_FHC/Data/Playlist1G/MasterAnaDev_data_AnaTuple_run00018892_Playlist.root	7.020769292249681e+17	7.053723145738643e+17	1	21483		
FHC	data	1G	data18893	root://fndcadoor.fnal.gov:1095/pnfs/fnal.gov/usr/minerva/persistent/OpenData/MediumEnergy_FHC/Data/Playlist1G/MasterAnaDev_data_AnaTuple_run00018893_Playlist.root	6.993712512121202e+17	6.995991923619534e+17	1	21561		
FHC	data	1G	data18894	root://fndcadoor.fnal.gov:1095/pnfs/fnal.gov/usr/minerva/persistent/OpenData/MediumEnergy_FHC/Data/Playlist1G/MasterAnaDev_data_AnaTuple_run00018894_Playlist.root	6.689111301622388e+17	6.735145638446477e+17	1	20931		
FHC	data	1G	data18895	root://fndcadoor.fnal.gov:1095/pnfs/fnal.gov/usr/minerva/persistent/OpenData/MediumEnergy_FHC/Data/Playlist1G/MasterAnaDev_data_AnaTuple_run00018895_Playlist.root	6.206852378741503e+17	6.207930691113158e+17	1	19106		
FHC	data	1G	data18896	root://fndcadoor.fnal.gov:1095/pnfs/fnal.gov/usr/minerva/persistent/OpenData/MediumEnergy_FHC/Data/Playlist1G/MasterAnaDev_data_AnaTuple_run00018896_Playlist.root	6.481766108543872e+17	6.528235121154138e+17	1	19824		
FHC	data	1G	data18897	root://fndcadoor.fnal.gov:1095/pnfs/fnal.gov/usr/minerva/persistent/OpenData/MediumEnergy_FHC/Data/Playlist1G/MasterAnaDev_data_AnaTuple_run00018897_Playlist.root	7.068141547746659e+17	7.262046848032673e+17	1	22001		
FHC	data	1G	data18898	root://fndcadoor.fnal.gov:1095/pnfs/fnal.gov/usr/minerva/persistent/OpenData/MediumEnergy_FHC/Data/Playlist1G/MasterAnaDev_data_AnaTuple_run00018898_Playlist.root	4.751955031967164e+17	6.666965814646036e+17	1	14554		
FHC	data	1G	data18899	root://fndcadoor.fnal.gov:1095/pnfs/fnal.gov/usr/minerva/persistent/OpenData/MediumEnergy_FHC/Data/Playlist1G/MasterAnaDev_data_AnaTuple_run00018899_Playlist.root	7.180900576786996e+17	7.340379006523558e+17	1	22315		
FHC	data	1G	data18900	root://fndcadoor.fnal.gov:1095/pnfs/fnal.gov/usr/minerva/persistent/OpenData/MediumEnergy_FHC/Data/Playlist1G/MasterAnaDev_data_AnaTuple_run00018900_Playlist.root	6.866530442523955e+17	6.909914616565979e+17	1	21212		
FHC	data	1G	data18901	root://fndcadoor.fnal.gov:1095/pnfs/fnal.gov/usr/minerva/persistent/OpenData/MediumEnergy_FHC/Data/Playlist1G/MasterAnaDev_data_AnaTuple_run00018901_Playlist.root	7.413631643190382e+17	7.418806568084073e+17	1	22794		
FHC	data	1G	data18902	root://fndcadoor.fnal.gov:1095/pnfs/fnal.gov/usr/minerva/persistent/OpenData/MediumEnergy_FHC/Data/Playlist1G/MasterAnaDev_data_AnaTuple_run00018902_Playlist.root	6.818441946234703e+17	6.867783612556044e+17	1	21247		
FHC	data	1G	data18903	root://fndcadoor.fnal.gov:1095/pnfs/fnal.gov/usr/minerva/persistent/OpenData/MediumEnergy_FHC/Data/Playlist1G/MasterAnaDev_data_AnaTuple_run00018903_Playlist.root	7.30046306643963e+17	7.413171078244224e+17	1	22434		
FHC	data	1G	data18904	root://fndcadoor.fnal.gov:1095/pnfs/fnal.gov/usr/minerva/persistent/OpenData/MediumEnergy_FHC/Data/Playlist1G/MasterAnaDev_data_AnaTuple_run00018904_Playlist.root	7.072736444013121e+17	7.169396264194563e+17	1	21628		
FHC	data	1G	data18905	root://fndcadoor.fnal.gov:1095/pnfs/fnal.gov/usr/minerva/persistent/OpenData/MediumEnergy_FHC/Data/Playlist1G/MasterAnaDev_data_AnaTuple_run00018905_Playlist.root	7.281421562490461e+17	7.289481923873224e+17	1	22601		
FHC	data	1G	data18906	root://fndcadoor.fnal.gov:1095/pnfs/fnal.gov/usr/minerva/persistent/OpenData/MediumEnergy_FHC/Data/Playlist1G/MasterAnaDev_data_AnaTuple_run00018906_Playlist.root	6.294379818143844e+17	6.685794065378278e+17	1	19727		
FHC	data	1G	data18907	root://fndcadoor.fnal.gov:1095/pnfs/fnal.gov/usr/minerva/persistent/OpenData/MediumEnergy_FHC/Data/Playlist1G/MasterAnaDev_data_AnaTuple_run00018907_Playlist.root	6.463725172357559e+17	6.470631886140036e+17	1	19861		
FHC	data	1G	data18908	root://fndcadoor.fnal.gov:1095/pnfs/fnal.gov/usr/minerva/persistent/OpenData/MediumEnergy_FHC/Data/Playlist1G/MasterAnaDev_data_AnaTuple_run00018908_Playlist.root	7.149051835331917e+17	7.157993493272024e+17	1	21791		
FHC	data	1G	data18909	root://fndcadoor.fnal.gov:1095/pnfs/fnal.gov/usr/minerva/persistent/OpenData/MediumEnergy_FHC/Data/Playlist1G/MasterAnaDev_data_AnaTuple_run00018909_Playlist.root	7.129730594911578e+17	7.178095367896927e+17	1	22125		
FHC	data	1G	data18910	root://fndcadoor.fnal.gov:1095/pnfs/fnal.gov/usr/minerva/persistent/OpenData/MediumEnergy_FHC/Data/Playlist1G/MasterAnaDev_data_AnaTuple_run00018910_Playlist.root	6.756076054239272e+17	6.766512656594043e+17	1	21095		
FHC	data	1G	data18911	root://fndcadoor.fnal.gov:1095/pnfs/fnal.gov/usr/minerva/persistent/OpenData/MediumEnergy_FHC/Data/Playlist1G/MasterAnaDev_data_AnaTuple_run00018911_Playlist.root	6.89638304915428e+17	6.961738359557765e+17	1	21288		
FHC	data	1G	data18912	root://fndcadoor.fnal.gov:1095/pnfs/fnal.gov/usr/minerva/persistent/OpenData/MediumEnergy_FHC/Data/Playlist1G/MasterAnaDev_data_AnaTuple_run00018912_Playlist.root	3.2611971218633645e+17	6.100018160994803e+17	1	9965		
FHC	data	1G	data18913	root://fndcadoor.fnal.gov:1095/pnfs/fnal.gov/usr/minerva/persistent/OpenData/MediumEnergy_FHC/Data/Playlist1G/MasterAnaDev_data_AnaTuple_run00018913_Playlist.root	6.257396682167053e+17	6.259756231908219e+17	1	19256		
FHC	data	1G	data18914	root://fndcadoor.fnal.gov:1095/pnfs/fnal.gov/usr/minerva/persistent/OpenData/MediumEnergy_FHC/Data/Playlist1G/MasterAnaDev_data_AnaTuple_run00018914_Playlist.root	6.415727845296861e+17	6.458308649718171e+17	1	19906		
FHC	data	1G	data18915	root://fndcadoor.fnal.gov:1095/pnfs/fnal.gov/usr/minerva/persistent/OpenData/MediumEnergy_FHC/Data/Playlist1G/MasterAnaDev_data_AnaTuple_run00018915_Playlist.root	7.018106033229827e+17	7.026033944013032e+17	1	21387		
FHC	data	1G	data18916	root://fndcadoor.fnal.gov:1095/pnfs/fnal.gov/usr/minerva/persistent/OpenData/MediumEnergy_FHC/Data/Playlist1G/MasterAnaDev_data_AnaTuple_run00018916_Playlist.root	4.8041842035865786e+17	4.811871867278997e+17	1	15033		
FHC	data	1G	data19061	root://fndcadoor.fnal.gov:1095/pnfs/fnal.gov/usr/minerva/persistent/OpenData/MediumEnergy_FHC/Data/Playlist1G/MasterAnaDev_data_AnaTuple_run00019061_Playlist.root	3.754304135985375e+17	3.755611595606475e+17	1	11375		
FHC	data	1G	data19062	root://fndcadoor.fnal.gov:1095/pnfs/fnal.gov/usr/minerva/persistent/OpenData/MediumEnergy_FHC/Data/Playlist1G/MasterAnaDev_data_AnaTuple_run00019062_Playlist.root	7.800038799505233e+17	7.801986251951937e+17	1	23315		
FHC	data	1G	data19063	root://fndcadoor.fnal.gov:1095/pnfs/fnal.gov/usr/minerva/persistent/OpenData/MediumEnergy_FHC/Data/Playlist1G/MasterAnaDev_data_AnaTuple_run00019063_Playlist.root	8.423457530570028e+17	8.473583722949827e+17	1	25267		
FHC	data	1G	data19064	root://fndcadoor.fnal.gov:1095/pnfs/fnal.gov/usr/minerva/persistent/OpenData/MediumEnergy_FHC/Data/Playlist1G/MasterAnaDev_data_AnaTuple_run00019064_Playlist.root	1.1946955376157763e+18	1.2281791921780902e+18	1	35799		
FHC	data	1G	data19065	root://fndcadoor.fnal.gov:1095/pnfs/fnal.gov/usr/minerva/persistent/OpenData/MediumEnergy_FHC/Data/Playlist1G/MasterAnaDev_data_AnaTuple_run00019065_Playlist.root	9.969754817917348e+17	9.972051890891517e+17	1	29824		
FHC	data	1G	data19066	root://fndcadoor.fnal.gov:1095/pnfs/fnal.gov/usr/minerva/persistent/OpenData/MediumEnergy_FHC/Data/Playlist1G/MasterAnaDev_data_AnaTuple_run00019066_Playlist.root	7.55588882240534e+17	7.605224041540013e+17	1	22361		
FHC	data	1G	data19067	root://fndcadoor.fnal.gov:1095/pnfs/fnal.gov/usr/minerva/persistent/OpenData/MediumEnergy_FHC/Data/Playlist1G/MasterAnaDev_data_AnaTuple_run00019067_Playlist.root	8.717334631381037e+17	8.770683674709897e+17	1	26206		
FHC	data	1G	data19068	root://fndcadoor.fnal.gov:1095/pnfs/fnal.gov/usr/minerva/persistent/OpenData/MediumEnergy_FHC/Data/Playlist1G/MasterAnaDev_data_AnaTuple_run00019068_Playlist.root	8.243434586024284e+17	8.49368588948758e+17	1	24794		
FHC	data	1G	data19069	root://fndcadoor.fnal.gov:1095/pnfs/fnal.gov/usr/minerva/persistent/OpenData/MediumEnergy_FHC/Data/Playlist1G/MasterAnaDev_data_AnaTuple_run00019069_Playlist.root	1.0513031513214112e+16	1.0513030403534066e+16	1	338		
FHC	data	1G	data19070	root://fndcadoor.fnal.gov:1095/pnfs/fnal.gov/usr/minerva/persistent/OpenData/MediumEnergy_FHC/Data/Playlist1G/MasterAnaDev_data_AnaTuple_run00019070_Playlist.root	4.370175285434723e+16	4.370216689595987e+16	1	1386		
FHC	data	1G	data19072	root://fndcadoor.fnal.gov:1095/pnfs/fnal.gov/usr/minerva/persistent/OpenData/MediumEnergy_FHC/Data/Playlist1G/MasterAnaDev_data_AnaTuple_run00019072_Playlist.root	8.252880083670614e+17	8.254254517888664e+17	1	24952		
FHC	data	1G	data19073	root://fndcadoor.fnal.gov:1095/pnfs/fnal.gov/usr/minerva/persistent/OpenData/MediumEnergy_FHC/Data/Playlist1G/MasterAnaDev_data_AnaTuple_run00019073_Playlist.root	1.0899058598341942e+18	1.0945085951403185e+18	1	32673		
FHC	data	1G	data19074	root://fndcadoor.fnal.gov:1095/pnfs/fnal.gov/usr/minerva/persistent/OpenData/MediumEnergy_FHC/Data/Playlist1G/MasterAnaDev_data_AnaTuple_run00019074_Playlist.root	2.9177417093276976e+16	2.917748293548869e+16	1	860		
FHC	data	1G	data19075	root://fndcadoor.fnal.gov:1095/pnfs/fnal.gov/usr/minerva/persistent/OpenData/MediumEnergy_FHC/Data/Playlist1G/MasterAnaDev_data_AnaTuple_run00019075_Playlist.root	8.486972436742784e+17	8.488287206153056e+17	1	25308		
FHC	data	1G	data19076	root://fndcadoor.fnal.gov:1095/pnfs/fnal.gov/usr/minerva/persistent/OpenData/MediumEnergy_FHC/Data/Playlist1G/MasterAnaDev_data_AnaTuple_run00019076_Playlist.root	4.3997063265991206e+17	6.879763758637382e+17	1	13226		
FHC	data	1G	data19079	root://fndcadoor.fnal.gov:1095/pnfs/fnal.gov/usr/minerva/persistent/OpenData/MediumEnergy_FHC/Data/Playlist1G/MasterAnaDev_data_AnaTuple_run00019079_Playlist.root	4.9152206843423846e+17	4.916943102404443e+17	1	14440		
FHC	data	1G	data19080	root://fndcadoor.fnal.gov:1095/pnfs/fnal.gov/usr/minerva/persistent/OpenData/MediumEnergy_FHC/Data/Playlist1G/MasterAnaDev_data_AnaTuple_run00019080_Playlist.root	6.854817870705129e+17	8.925805928782234e+17	1	20723		
FHC	data	1G	data19081	root://fndcadoor.fnal.gov:1095/pnfs/fnal.gov/usr/minerva/persistent/OpenData/MediumEnergy_FHC/Data/Playlist1G/MasterAnaDev_data_AnaTuple_run00019081_Playlist.root	0.0	5951198741782922.0	1	0		
FHC	data	1G	data19082	root://fndcadoor.fnal.gov:1095/pnfs/fnal.gov/usr/minerva/persistent/OpenData/MediumEnergy_FHC/Data/Playlist1G/MasterAnaDev_data_AnaTuple_run00019082_Playlist.root	7.077578388175963e+17	8.3835194566529e+17	1	21094		
FHC	data	1G	data19083	root://fndcadoor.fnal.gov:1095/pnfs/fnal.gov/usr/minerva/persistent/OpenData/MediumEnergy_FHC/Data/Playlist1G/MasterAnaDev_data_AnaTuple_run00019083_Playlist.root	7.017066022920608e+16	7.0170668984594056e+16	1	2076		
FHC	data	1G	data19084	root://fndcadoor.fnal.gov:1095/pnfs/fnal.gov/usr/minerva/persistent/OpenData/MediumEnergy_FHC/Data/Playlist1G/MasterAnaDev_data_AnaTuple_run00019084_Playlist.root	4.637371793270111e+17	4.638812458157546e+17	1	13984		
FHC	data	1G	data19085	root://fndcadoor.fnal.gov:1095/pnfs/fnal.gov/usr/minerva/persistent/OpenData/MediumEnergy_FHC/Data/Playlist1G/MasterAnaDev_data_AnaTuple_run00019085_Playlist.root	8.498560539879798e+17	8.546552194313921e+17	1	25467		
FHC	data	1G	data19086	root://fndcadoor.fnal.gov:1095/pnfs/fnal.gov/usr/minerva/persistent/OpenData/MediumEnergy_FHC/Data/Playlist1G/MasterAnaDev_data_AnaTuple_run00019086_Playlist.root	1.219469066052914e+18	1.224544853799028e+18	1	36182		
FHC	data	1G	data19087	root://fndcadoor.fnal.gov:1095/pnfs/fnal.gov/usr/minerva/persistent/OpenData/MediumEnergy_FHC/Data/Playlist1G/MasterAnaDev_data_AnaTuple_run00019087_Playlist.root	1.1051646573281288e+17	1.106493220106332e+17	1	3377		
FHC	data	1G	data19089	root://fndcadoor.fnal.gov:1095/pnfs/fnal.gov/usr/minerva/persistent/OpenData/MediumEnergy_FHC/Data/Playlist1G/MasterAnaDev_data_AnaTuple_run00019089_Playlist.root	7.147034535832404e+17	7.14845249694145e+17	1	21023		
FHC	data	1G	data19090	root://fndcadoor.fnal.gov:1095/pnfs/fnal.gov/usr/minerva/persistent/OpenData/MediumEnergy_FHC/Data/Playlist1G/MasterAnaDev_data_AnaTuple_run00019090_Playlist.root	5.5742283838176723e+17	5.6242324271596864e+17	1	16480		
FHC	data	1G	data19091	root://fndcadoor.fnal.gov:1095/pnfs/fnal.gov/usr/minerva/persistent/OpenData/MediumEnergy_FHC/Data/Playlist1G/MasterAnaDev_data_AnaTuple_run00019091_Playlist.root	759590595245361.4	760588817273150.2	1	24		
FHC	data	1G	data19092	root://fndcadoor.fnal.gov:1095/pnfs/fnal.gov/usr/minerva/persistent/OpenData/MediumEnergy_FHC/Data/Playlist1G/MasterAnaDev_data_AnaTuple_run00019092_Playlist.root	3.413168371391296e+16	3.413191716715752e+16	1	970		
FHC	data	1G	data19094	root://fndcadoor.fnal.gov:1095/pnfs/fnal.gov/usr/minerva/persistent/OpenData/MediumEnergy_FHC/Data/Playlist1G/MasterAnaDev_data_AnaTuple_run00019094_Playlist.root	7.736524552898406e+17	7.87412912329052e+17	1	22934		
FHC	data	1G	data19095	root://fndcadoor.fnal.gov:1095/pnfs/fnal.gov/usr/minerva/persistent/OpenData/MediumEnergy_FHC/Data/Playlist1G/MasterAnaDev_data_AnaTuple_run00019095_Playlist.root	8.342182150094508e+17	8.343201893713093e+17	1	25157		
FHC	data	1G	data19096	root://fndcadoor.fnal.gov:1095/pnfs/fnal.gov/usr/minerva/persistent/OpenData/MediumEnergy_FHC/Data/Playlist1G/MasterAnaDev_data_AnaTuple_run00019096_Playlist.root	1.682280092098713e+17	1.682292732816099e+17	1	5110		
FHC	data	1G	data19097	root://fndcadoor.fnal.gov:1095/pnfs/fnal.gov/usr/minerva/persistent/OpenData/MediumEnergy_FHC/Data/Playlist1G/MasterAnaDev_data_AnaTuple_run00019097_Playlist.root	3.262514090652466e+17	3.263522486197493e+17	1	9855		
FHC	data	1G	data19098	root://fndcadoor.fnal.gov:1095/pnfs/fnal.gov/usr/minerva/persistent/OpenData/MediumEnergy_FHC/Data/Playlist1G/MasterAnaDev_data_AnaTuple_run00019098_Playlist.root	1.8619849746704102e+17	1.8623229623276742e+17	1	5476		
FHC	data	1G	data19099	root://fndcadoor.fnal.gov:1095/pnfs/fnal.gov/usr/minerva/persistent/OpenData/MediumEnergy_FHC/Data/Playlist1G/MasterAnaDev_data_AnaTuple_run00019099_Playlist.root	8.577951814022065e+17	8.623793603695427e+17	1	25564		
FHC	data	1G	data19100	root://fndcadoor.fnal.gov:1095/pnfs/fnal.gov/usr/minerva/persistent/OpenData/MediumEnergy_FHC/Data/Playlist1G/MasterAnaDev_data_AnaTuple_run00019100_Playlist.root	2.397913504118919e+17	2.399253277238003e+17	1	7184		
FHC	data	1G	data19101	root://fndcadoor.fnal.gov:1095/pnfs/fnal.gov/usr/minerva/persistent/OpenData/MediumEnergy_FHC/Data/Playlist1G/MasterAnaDev_data_AnaTuple_run00019101_Playlist.root	9.181069367706776e+17	9.231056316449658e+17	1	27345		
FHC	data	1G	data19102	root://fndcadoor.fnal.gov:1095/pnfs/fnal.gov/usr/minerva/persistent/OpenData/MediumEnergy_FHC/Data/Playlist1G/MasterAnaDev_data_AnaTuple_run00019102_Playlist.root	4.761715076828003e+16	4.761726850460458e+16	1	1424		
FHC	data	1G	data19103	root://fndcadoor.fnal.gov:1095/pnfs/fnal.gov/usr/minerva/persistent/OpenData/MediumEnergy_FHC/Data/Playlist1G/MasterAnaDev_data_AnaTuple_run00019103_Playlist.root	8.860844712047578e+17	8.861256369830445e+17	1	26221		
FHC	data	1G	data19104	root://fndcadoor.fnal.gov:1095/pnfs/fnal.gov/usr/minerva/persistent/OpenData/MediumEnergy_FHC/Data/Playlist1G/MasterAnaDev_data_AnaTuple_run00019104_Playlist.root	4.746420846890212e+17	4.747461358149847e+17	1	13942		
FHC	data	1G	data19119	root://fndcadoor.fnal.gov:1095/pnfs/fnal.gov/usr/minerva/persistent/OpenData/MediumEnergy_FHC/Data/Playlist1G/MasterAnaDev_data_AnaTuple_run00019119_Playlist.root	1.1475672144007683e+17	1.1476343878104536e+17	1	3523		
FHC	data	1G	data19120	root://fndcadoor.fnal.gov:1095/pnfs/fnal.gov/usr/minerva/persistent/OpenData/MediumEnergy_FHC/Data/Playlist1G/MasterAnaDev_data_AnaTuple_run00019120_Playlist.root	4.482810250091553e+16	4.482812472665787e+16	1	1304		
FHC	data	1G	data19121	root://fndcadoor.fnal.gov:1095/pnfs/fnal.gov/usr/minerva/persistent/OpenData/MediumEnergy_FHC/Data/Playlist1G/MasterAnaDev_data_AnaTuple_run00019121_Playlist.root	3.977065083751679e+17	3.978398389527494e+17	1	11877		
FHC	data	1G	data19123	root://fndcadoor.fnal.gov:1095/pnfs/fnal.gov/usr/minerva/persistent/OpenData/MediumEnergy_FHC/Data/Playlist1G/MasterAnaDev_data_AnaTuple_run00019123_Playlist.root	9.206292537944317e+17	9.209299982413181e+17	1	27290		
FHC	data	1G	data19124	root://fndcadoor.fnal.gov:1095/pnfs/fnal.gov/usr/minerva/persistent/OpenData/MediumEnergy_FHC/Data/Playlist1G/MasterAnaDev_data_AnaTuple_run00019124_Playlist.root	4.9631097712326054e+17	5.021053542527343e+17	1	14742		
FHC	data	1G	data19125	root://fndcadoor.fnal.gov:1095/pnfs/fnal.gov/usr/minerva/persistent/OpenData/MediumEnergy_FHC/Data/Playlist1G/MasterAnaDev_data_AnaTuple_run00019125_Playlist.root	7426263687133789.0	7462608397010830.0	1	213		
FHC	data	1G	data19128	root://fndcadoor.fnal.gov:1095/pnfs/fnal.gov/usr/minerva/persistent/OpenData/MediumEnergy_FHC/Data/Playlist1G/MasterAnaDev_data_AnaTuple_run00019128_Playlist.root	9.789562454066276e+17	9.792093683726792e+17	1	28940		
FHC	data	1G	data19129	root://fndcadoor.fnal.gov:1095/pnfs/fnal.gov/usr/minerva/persistent/OpenData/MediumEnergy_FHC/Data/Playlist1G/MasterAnaDev_data_AnaTuple_run00019129_Playlist.root	9.81639530462265e+17	9.876171037647894e+17	1	28849		
FHC	data	1G	data19130	root://fndcadoor.fnal.gov:1095/pnfs/fnal.gov/usr/minerva/persistent/OpenData/MediumEnergy_FHC/Data/Playlist1G/MasterAnaDev_data_AnaTuple_run00019130_Playlist.root	1.0177617751197814e+18	1.0179069167666588e+18	1	29844		
FHC	data	1G	data19131	root://fndcadoor.fnal.gov:1095/pnfs/fnal.gov/usr/minerva/persistent/OpenData/MediumEnergy_FHC/Data/Playlist1G/MasterAnaDev_data_AnaTuple_run00019131_Playlist.root	2.99281391582489e+17	2.9942593074511885e+17	1	8841		
FHC	data	1G	data19132	root://fndcadoor.fnal.gov:1095/pnfs/fnal.gov/usr/minerva/persistent/OpenData/MediumEnergy_FHC/Data/Playlist1G/MasterAnaDev_data_AnaTuple_run00019132_Playlist.root	9.507533124306202e+17	1.0065192442248325e+18	1	28223		
FHC	data	1G	data19133	root://fndcadoor.fnal.gov:1095/pnfs/fnal.gov/usr/minerva/persistent/OpenData/MediumEnergy_FHC/Data/Playlist1G/MasterAnaDev_data_AnaTuple_run00019133_Playlist.root	1.0103477250957489e+18	1.0106700516110952e+18	1	29736		
FHC	data	1G	data19134	root://fndcadoor.fnal.gov:1095/pnfs/fnal.gov/usr/minerva/persistent/OpenData/MediumEnergy_FHC/Data/Playlist1G/MasterAnaDev_data_AnaTuple_run00019134_Playlist.root	9.803313005027773e+17	9.855308286664937e+17	1	28837		
FHC	data	1G	data19135	root://fndcadoor.fnal.gov:1095/pnfs/fnal.gov/usr/minerva/persistent/OpenData/MediumEnergy_FHC/Data/Playlist1G/MasterAnaDev_data_AnaTuple_run00019135_Playlist.root	9.919040815892221e+17	9.920485491305539e+17	1	29069		
FHC	data	1G	data19136	root://fndcadoor.fnal.gov:1095/pnfs/fnal.gov/usr/minerva/persistent/OpenData/MediumEnergy_FHC/Data/Playlist1G/MasterAnaDev_data_AnaTuple_run00019136_Playlist.root	1.0340002392606734e+18	1.0401036046676742e+18	1	30219		
FHC	data	1G	data19137	root://fndcadoor.fnal.gov:1095/pnfs/fnal.gov/usr/minerva/persistent/OpenData/MediumEnergy_FHC/Data/Playlist1G/MasterAnaDev_data_AnaTuple_run00019137_Playlist.root	1.041625251152277e+18	1.0419333028553916e+18	1	30454		
FHC	data	1G	data19138	root://fndcadoor.fnal.gov:1095/pnfs/fnal.gov/usr/minerva/persistent/OpenData/MediumEnergy_FHC/Data/Playlist1G/MasterAnaDev_data_AnaTuple_run00019138_Playlist.root	8.857352602910995e+17	8.919555382308582e+17	1	25722		
FHC	data	1G	data19140	root://fndcadoor.fnal.gov:1095/pnfs/fnal.gov/usr/minerva/persistent/OpenData/MediumEnergy_FHC/Data/Playlist1G/MasterAnaDev_data_AnaTuple_run00019140_Playlist.root	1.4552597398283484e+18	1.4556883512139717e+18	1	42071		
FHC	data	1G	data19141	root://fndcadoor.fnal.gov:1095/pnfs/fnal.gov/usr/minerva/persistent/OpenData/MediumEnergy_FHC/Data/Playlist1G/MasterAnaDev_data_AnaTuple_run00019141_Playlist.root	2.3992086842060093e+17	2.3992101998781216e+17	1	6914		
FHC	data	1G	data19142	root://fndcadoor.fnal.gov:1095/pnfs/fnal.gov/usr/minerva/persistent/OpenData/MediumEnergy_FHC/Data/Playlist1G/MasterAnaDev_data_AnaTuple_run00019142_Playlist.root	9.971155998756884e+17	1.0038929249791675e+18	1	28782		
FHC	data	1G	data19143	root://fndcadoor.fnal.gov:1095/pnfs/fnal.gov/usr/minerva/persistent/OpenData/MediumEnergy_FHC/Data/Playlist1G/MasterAnaDev_data_AnaTuple_run00019143_Playlist.root	8.321789383897783e+17	8.324824656322758e+17	1	24738		
FHC	data	1G	data19144	root://fndcadoor.fnal.gov:1095/pnfs/fnal.gov/usr/minerva/persistent/OpenData/MediumEnergy_FHC/Data/Playlist1G/MasterAnaDev_data_AnaTuple_run00019144_Playlist.root	1.0579708254680632e+18	1.0643013930466761e+18	1	30681		
FHC	data	1G	data19145	root://fndcadoor.fnal.gov:1095/pnfs/fnal.gov/usr/minerva/persistent/OpenData/MediumEnergy_FHC/Data/Playlist1G/MasterAnaDev_data_AnaTuple_run00019145_Playlist.root	1.0869272840559483e+18	1.0870474637194433e+18	1	31446		
FHC	data	1G	data19146	root://fndcadoor.fnal.gov:1095/pnfs/fnal.gov/usr/minerva/persistent/OpenData/MediumEnergy_FHC/Data/Playlist1G/MasterAnaDev_data_AnaTuple_run00019146_Playlist.root	7.586852842082977e+17	7.936495826485997e+17	1	22042		
FHC	data	1G	data19147	root://fndcadoor.fnal.gov:1095/pnfs/fnal.gov/usr/minerva/persistent/OpenData/MediumEnergy_FHC/Data/Playlist1G/MasterAnaDev_data_AnaTuple_run00019147_Playlist.root	0.0	9.897285870624754e+17	1	0		
FHC	data	1G	data19148	root://fndcadoor.fnal.gov:1095/pnfs/fnal.gov/usr/minerva/persistent/OpenData/MediumEnergy_FHC/Data/Playlist1G/MasterAnaDev_data_AnaTuple_run00019148_Playlist.root	0.0	6.32310787562607e+17	1	0		
FHC	data	1G	data19149	root://fndcadoor.fnal.gov:1095/pnfs/fnal.gov/usr/minerva/persistent/OpenData/MediumEnergy_FHC/Data/Playlist1G/MasterAnaDev_data_AnaTuple_run00019149_Playlist.root	9.570420413913725e+17	1.0175801681797668e+18	1	27875		
FHC	data	1G	data19153	root://fndcadoor.fnal.gov:1095/pnfs/fnal.gov/usr/minerva/persistent/OpenData/MediumEnergy_FHC/Data/Playlist1G/MasterAnaDev_data_AnaTuple_run00019153_Playlist.root	3.0839986142730714e+17	4.230315208260226e+17	1	1886		
FHC	data	1G	data19154	root://fndcadoor.fnal.gov:1095/pnfs/fnal.gov/usr/minerva/persistent/OpenData/MediumEnergy_FHC/Data/Playlist1G/MasterAnaDev_data_AnaTuple_run00019154_Playlist.root	0.0	1.0958892889564324e+18	1	0		
FHC	data	1G	data19155	root://fndcadoor.fnal.gov:1095/pnfs/fnal.gov/usr/minerva/persistent/OpenData/MediumEnergy_FHC/Data/Playlist1G/MasterAnaDev_data_AnaTuple_run00019155_Playlist.root	2.061706066131592e+16	2.25761758432542e+17	1	131		
FHC	data	1G	data19156	root://fndcadoor.fnal.gov:1095/pnfs/fnal.gov/usr/minerva/persistent/OpenData/MediumEnergy_FHC/Data/Playlist1G/MasterAnaDev_data_AnaTuple_run00019156_Playlist.root	9.90475238384247e+17	9.94799661081416e+17	1	27709		
FHC	data	1G	data19157	root://fndcadoor.fnal.gov:1095/pnfs/fnal.gov/usr/minerva/persistent/OpenData/MediumEnergy_FHC/Data/Playlist1G/MasterAnaDev_data_AnaTuple_run00019157_Playlist.root	1.3114647133221624e+18	1.8956840573300134e+18	1	38105		
FHC	data	1G	data19158	root://fndcadoor.fnal.gov:1095/pnfs/fnal.gov/usr/minerva/persistent/OpenData/MediumEnergy_FHC/Data/Playlist1G/MasterAnaDev_data_AnaTuple_run00019158_Playlist.root	3.1786702664947514e+17	3.17987951216055e+17	1	9115		
FHC	data	1G	data19162	root://fndcadoor.fnal.gov:1095/pnfs/fnal.gov/usr/minerva/persistent/OpenData/MediumEnergy_FHC/Data/Playlist1G/MasterAnaDev_data_AnaTuple_run00019162_Playlist.root	1.0360918150975702e+18	1.0362860684238659e+18	1	30160		
FHC	data	1G	data19163	root://fndcadoor.fnal.gov:1095/pnfs/fnal.gov/usr/minerva/persistent/OpenData/MediumEnergy_FHC/Data/Playlist1G/MasterAnaDev_data_AnaTuple_run00019163_Playlist.root	1.064919137370348e+18	1.0712593817428059e+18	1	30939		
FHC	data	1G	data19164	root://fndcadoor.fnal.gov:1095/pnfs/fnal.gov/usr/minerva/persistent/OpenData/MediumEnergy_FHC/Data/Playlist1G/MasterAnaDev_data_AnaTuple_run00019164_Playlist.root	1.0976553431448938e+18	1.0979312363764625e+18	1	32055		
FHC	data	1G	data19165	root://fndcadoor.fnal.gov:1095/pnfs/fnal.gov/usr/minerva/persistent/OpenData/MediumEnergy_FHC/Data/Playlist1G/MasterAnaDev_data_AnaTuple_run00019165_Playlist.root	1.0699602792968751e+18	1.0767306433460284e+18	1	31316		
FHC	data	1G	data19166	root://fndcadoor.fnal.gov:1095/pnfs/fnal.gov/usr/minerva/persistent/OpenData/MediumEnergy_FHC/Data/Playlist1G/MasterAnaDev_data_AnaTuple_run00019166_Playlist.root	1.1033023867015841e+18	1.1036130557647909e+18	1	32087		
FHC	data	1G	data19167	root://fndcadoor.fnal.gov:1095/pnfs/fnal.gov/usr/minerva/persistent/OpenData/MediumEnergy_FHC/Data/Playlist1G/MasterAnaDev_data_AnaTuple_run00019167_Playlist.root	4.007959673786164e+17	4.007970267417211e+17	1	11487		
FHC	data	1L	data19168	root://fndcadoor.fnal.gov:1095/pnfs/fnal.gov/usr/minerva/persistent/OpenData/MediumEnergy_FHC/Data/Playlist1L/MasterAnaDev_data_AnaTuple_run00019168_Playlist.root	8.462041547775269e+17	8.464379184261299e+17	1	24990		
FHC	data	1L	data19169	root://fndcadoor.fnal.gov:1095/pnfs/fnal.gov/usr/minerva/persistent/OpenData/MediumEnergy_FHC/Data/Playlist1L/MasterAnaDev_data_AnaTuple_run00019169_Playlist.root	0.0	379256855463.6091	1	0		
FHC	data	1L	data19172	root://fndcadoor.fnal.gov:1095/pnfs/fnal.gov/usr/minerva/persistent/OpenData/MediumEnergy_FHC/Data/Playlist1L/MasterAnaDev_data_AnaTuple_run00019172_Playlist.root	8.522882080382107e+17	8.527536989516483e+17	1	25661		
FHC	data	1L	data19173	root://fndcadoor.fnal.gov:1095/pnfs/fnal.gov/usr/minerva/persistent/OpenData/MediumEnergy_FHC/Data/Playlist1L/MasterAnaDev_data_AnaTuple_run00019173_Playlist.root	9.561091580665111e+17	9.590991242655476e+17	1	28370		
FHC	data	1L	data19174	root://fndcadoor.fnal.gov:1095/pnfs/fnal.gov/usr/minerva/persistent/OpenData/MediumEnergy_FHC/Data/Playlist1L/MasterAnaDev_data_AnaTuple_run00019174_Playlist.root	1.0162937220098976e+18	1.0166303185468799e+18	1	30167		
FHC	data	1L	data19175	root://fndcadoor.fnal.gov:1095/pnfs/fnal.gov/usr/minerva/persistent/OpenData/MediumEnergy_FHC/Data/Playlist1L/MasterAnaDev_data_AnaTuple_run00019175_Playlist.root	1.0339885727012155e+18	1.0391620980636337e+18	1	30898		
FHC	data	1L	data19176	root://fndcadoor.fnal.gov:1095/pnfs/fnal.gov/usr/minerva/persistent/OpenData/MediumEnergy_FHC/Data/Playlist1L/MasterAnaDev_data_AnaTuple_run00019176_Playlist.root	8.052877391414642e+17	1.0488447020497158e+18	1	23558		
FHC	data	1L	data19177	root://fndcadoor.fnal.gov:1095/pnfs/fnal.gov/usr/minerva/persistent/OpenData/MediumEnergy_FHC/Data/Playlist1L/MasterAnaDev_data_AnaTuple_run00019177_Playlist.root	8.404879858775141e+17	8.404933741660255e+17	1	24759		
FHC	data	1L	data19178	root://fndcadoor.fnal.gov:1095/pnfs/fnal.gov/usr/minerva/persistent/OpenData/MediumEnergy_FHC/Data/Playlist1L/MasterAnaDev_data_AnaTuple_run00019178_Playlist.root	1.0049891377601624e+18	1.0108063575129372e+18	1	29642		
FHC	data	1L	data19179	root://fndcadoor.fnal.gov:1095/pnfs/fnal.gov/usr/minerva/persistent/OpenData/MediumEnergy_FHC/Data/Playlist1L/MasterAnaDev_data_AnaTuple_run00019179_Playlist.root	1.0718516723117824e+18	1.0718923226630647e+18	1	31885		
FHC	data	1L	data19180	root://fndcadoor.fnal.gov:1095/pnfs/fnal.gov/usr/minerva/persistent/OpenData/MediumEnergy_FHC/Data/Playlist1L/MasterAnaDev_data_AnaTuple_run00019180_Playlist.root	1.0373766902084352e+18	1.0433984366261441e+18	1	30617		
FHC	data	1L	data19181	root://fndcadoor.fnal.gov:1095/pnfs/fnal.gov/usr/minerva/persistent/OpenData/MediumEnergy_FHC/Data/Playlist1L/MasterAnaDev_data_AnaTuple_run00019181_Playlist.root	1.0676886050052643e+18	1.067998702927444e+18	1	31612		
FHC	data	1L	data19182	root://fndcadoor.fnal.gov:1095/pnfs/fnal.gov/usr/minerva/persistent/OpenData/MediumEnergy_FHC/Data/Playlist1L/MasterAnaDev_data_AnaTuple_run00019182_Playlist.root	1.0170500376930236e+18	1.022974826136613e+18	1	29814		
FHC	data	1L	data19183	root://fndcadoor.fnal.gov:1095/pnfs/fnal.gov/usr/minerva/persistent/OpenData/MediumEnergy_FHC/Data/Playlist1L/MasterAnaDev_data_AnaTuple_run00019183_Playlist.root	1.006043771639824e+18	1.0162874586934776e+18	1	29746		
FHC	data	1L	data19184	root://fndcadoor.fnal.gov:1095/pnfs/fnal.gov/usr/minerva/persistent/OpenData/MediumEnergy_FHC/Data/Playlist1L/MasterAnaDev_data_AnaTuple_run00019184_Playlist.root	8.150587540130614e+17	8.153653783561175e+17	1	24052		
FHC	data	1M	data19186	root://fndcadoor.fnal.gov:1095/pnfs/fnal.gov/usr/minerva/persistent/OpenData/MediumEnergy_FHC/Data/Playlist1M/MasterAnaDev_data_AnaTuple_run00019186_Playlist.root	1.3641016961240768e+17	1.4238479014680882e+17	1	4209		
FHC	data	1M	data19187	root://fndcadoor.fnal.gov:1095/pnfs/fnal.gov/usr/minerva/persistent/OpenData/MediumEnergy_FHC/Data/Playlist1M/MasterAnaDev_data_AnaTuple_run00019187_Playlist.root	7.864532725982666e+17	7.88518012254908e+17	1	23223		
FHC	data	1M	data19188	root://fndcadoor.fnal.gov:1095/pnfs/fnal.gov/usr/minerva/persistent/OpenData/MediumEnergy_FHC/Data/Playlist1M/MasterAnaDev_data_AnaTuple_run00019188_Playlist.root	6.372681019454003e+17	6.392083806275018e+17	1	18815		
FHC	data	1M	data19189	root://fndcadoor.fnal.gov:1095/pnfs/fnal.gov/usr/minerva/persistent/OpenData/MediumEnergy_FHC/Data/Playlist1M/MasterAnaDev_data_AnaTuple_run00019189_Playlist.root	8.016328110318185e+17	8.098236429341626e+17	1	23372		
FHC	data	1M	data19190	root://fndcadoor.fnal.gov:1095/pnfs/fnal.gov/usr/minerva/persistent/OpenData/MediumEnergy_FHC/Data/Playlist1M/MasterAnaDev_data_AnaTuple_run00019190_Playlist.root	4.111081699810029e+17	4.1233053871725203e+17	1	12130		
FHC	data	1M	data19191	root://fndcadoor.fnal.gov:1095/pnfs/fnal.gov/usr/minerva/persistent/OpenData/MediumEnergy_FHC/Data/Playlist1M/MasterAnaDev_data_AnaTuple_run00019191_Playlist.root	5.7824127099514e+17	5.797024131924019e+17	1	16945		
FHC	data	1M	data19192	root://fndcadoor.fnal.gov:1095/pnfs/fnal.gov/usr/minerva/persistent/OpenData/MediumEnergy_FHC/Data/Playlist1M/MasterAnaDev_data_AnaTuple_run00019192_Playlist.root	6.767708073825837e+17	7.018093286799355e+17	1	19807		
FHC	data	1M	data19193	root://fndcadoor.fnal.gov:1095/pnfs/fnal.gov/usr/minerva/persistent/OpenData/MediumEnergy_FHC/Data/Playlist1M/MasterAnaDev_data_AnaTuple_run00019193_Playlist.root	1.1214163460283278e+18	1.1217436822172381e+18	1	32839		
FHC	data	1M	data19194	root://fndcadoor.fnal.gov:1095/pnfs/fnal.gov/usr/minerva/persistent/OpenData/MediumEnergy_FHC/Data/Playlist1M/MasterAnaDev_data_AnaTuple_run00019194_Playlist.root	1.1088773232998848e+18	1.1176090951916966e+18	1	32594		
FHC	data	1M	data19208	root://fndcadoor.fnal.gov:1095/pnfs/fnal.gov/usr/minerva/persistent/OpenData/MediumEnergy_FHC/Data/Playlist1M/MasterAnaDev_data_AnaTuple_run00019208_Playlist.root	0.0	8.243642513618409e+17	1	0		
FHC	data	1M	data19209	root://fndcadoor.fnal.gov:1095/pnfs/fnal.gov/usr/minerva/persistent/OpenData/MediumEnergy_FHC/Data/Playlist1M/MasterAnaDev_data_AnaTuple_run00019209_Playlist.root	0.0	9.176891639580499e+17	1	0		
FHC	data	1M	data19210	root://fndcadoor.fnal.gov:1095/pnfs/fnal.gov/usr/minerva/persistent/OpenData/MediumEnergy_FHC/Data/Playlist1M/MasterAnaDev_data_AnaTuple_run00019210_Playlist.root	0.0	1.5749964109954157e+17	1	0		
FHC	data	1M	data19211	root://fndcadoor.fnal.gov:1095/pnfs/fnal.gov/usr/minerva/persistent/OpenData/MediumEnergy_FHC/Data/Playlist1M/MasterAnaDev_data_AnaTuple_run00019211_Playlist.root	7.537311881508824e+17	8.502288244976113e+17	1	21650		
FHC	data	1M	data19212	root://fndcadoor.fnal.gov:1095/pnfs/fnal.gov/usr/minerva/persistent/OpenData/MediumEnergy_FHC/Data/Playlist1M/MasterAnaDev_data_AnaTuple_run00019212_Playlist.root	2.2557481344223024e+16	3.6983940883758496e+17	1	705		
FHC	data	1M	data19213	root://fndcadoor.fnal.gov:1095/pnfs/fnal.gov/usr/minerva/persistent/OpenData/MediumEnergy_FHC/Data/Playlist1M/MasterAnaDev_data_AnaTuple_run00019213_Playlist.root	0.0	5.2394028490395776e+17	1	0		
FHC	data	1M	data19214	root://fndcadoor.fnal.gov:1095/pnfs/fnal.gov/usr/minerva/persistent/OpenData/MediumEnergy_FHC/Data/Playlist1M/MasterAnaDev_data_AnaTuple_run00019214_Playlist.root	9.515845181875226e+17	9.777618488534897e+17	1	28315		
FHC	data	1M	data19215	root://fndcadoor.fnal.gov:1095/pnfs/fnal.gov/usr/minerva/persistent/OpenData/MediumEnergy_FHC/Data/Playlist1M/MasterAnaDev_data_AnaTuple_run00019215_Playlist.root	6.074579777920246e+17	6.125370416073393e+17	1	17793		
FHC	data	1M	data19216	root://fndcadoor.fnal.gov:1095/pnfs/fnal.gov/usr/minerva/persistent/OpenData/MediumEnergy_FHC/Data/Playlist1M/MasterAnaDev_data_AnaTuple_run00019216_Playlist.root	4.0075817031002035e+17	4.0216636999439085e+17	1	11763		
FHC	data	1M	data19217	root://fndcadoor.fnal.gov:1095/pnfs/fnal.gov/usr/minerva/persistent/OpenData/MediumEnergy_FHC/Data/Playlist1M/MasterAnaDev_data_AnaTuple_run00019217_Playlist.root	1.1128761906576157e+18	1.1131981729996049e+18	1	32862		
FHC	data	1M	data19218	root://fndcadoor.fnal.gov:1095/pnfs/fnal.gov/usr/minerva/persistent/OpenData/MediumEnergy_FHC/Data/Playlist1M/MasterAnaDev_data_AnaTuple_run00019218_Playlist.root	1.055201120370388e+18	1.0616338856841564e+18	1	31031		
FHC	data	1M	data19219	root://fndcadoor.fnal.gov:1095/pnfs/fnal.gov/usr/minerva/persistent/OpenData/MediumEnergy_FHC/Data/Playlist1M/MasterAnaDev_data_AnaTuple_run00019219_Playlist.root	1.056484605638504e+18	1.0568053446640859e+18	1	31132		
FHC	data	1M	data19220	root://fndcadoor.fnal.gov:1095/pnfs/fnal.gov/usr/minerva/persistent/OpenData/MediumEnergy_FHC/Data/Playlist1M/MasterAnaDev_data_AnaTuple_run00019220_Playlist.root	8.199624457744957e+17	8.330990080076316e+17	1	24063		
FHC	data	1M	data19221	root://fndcadoor.fnal.gov:1095/pnfs/fnal.gov/usr/minerva/persistent/OpenData/MediumEnergy_FHC/Data/Playlist1M/MasterAnaDev_data_AnaTuple_run00019221_Playlist.root	2.7458693809318544e+17	2.7458725941446458e+17	1	8123		
FHC	data	1M	data19223	root://fndcadoor.fnal.gov:1095/pnfs/fnal.gov/usr/minerva/persistent/OpenData/MediumEnergy_FHC/Data/Playlist1M/MasterAnaDev_data_AnaTuple_run00019223_Playlist.root	6.881650048179626e+17	6.88325075759578e+17	1	20098		
FHC	data	1M	data19224	root://fndcadoor.fnal.gov:1095/pnfs/fnal.gov/usr/minerva/persistent/OpenData/MediumEnergy_FHC/Data/Playlist1M/MasterAnaDev_data_AnaTuple_run00019224_Playlist.root	1.0467953091210125e+18	1.0525676611040087e+18	1	30875		
FHC	data	1M	data19225	root://fndcadoor.fnal.gov:1095/pnfs/fnal.gov/usr/minerva/persistent/OpenData/MediumEnergy_FHC/Data/Playlist1M/MasterAnaDev_data_AnaTuple_run00019225_Playlist.root	1.1285127163219453e+18	1.1286322981677457e+18	1	33130		
FHC	data	1M	data19226	root://fndcadoor.fnal.gov:1095/pnfs/fnal.gov/usr/minerva/persistent/OpenData/MediumEnergy_FHC/Data/Playlist1M/MasterAnaDev_data_AnaTuple_run00019226_Playlist.root	1.1291565987672808e+18	1.1355219452271355e+18	1	33044		
FHC	data	1M	data19227	root://fndcadoor.fnal.gov:1095/pnfs/fnal.gov/usr/minerva/persistent/OpenData/MediumEnergy_FHC/Data/Playlist1M/MasterAnaDev_data_AnaTuple_run00019227_Playlist.root	1.1344913459482195e+18	1.134854763834656e+18	1	33713		
FHC	data	1M	data19228	root://fndcadoor.fnal.gov:1095/pnfs/fnal.gov/usr/minerva/persistent/OpenData/MediumEnergy_FHC/Data/Playlist1M/MasterAnaDev_data_AnaTuple_run00019228_Playlist.root	1.1047196809527873e+18	1.109926764045247e+18	1	32407		
FHC	data	1M	data19229	root://fndcadoor.fnal.gov:1095/pnfs/fnal.gov/usr/minerva/persistent/OpenData/MediumEnergy_FHC/Data/Playlist1M/MasterAnaDev_data_AnaTuple_run00019229_Playlist.root	1.112685496461868e+18	1.1129244405505334e+18	1	32564		
FHC	data	1M	data19230	root://fndcadoor.fnal.gov:1095/pnfs/fnal.gov/usr/minerva/persistent/OpenData/MediumEnergy_FHC/Data/Playlist1M/MasterAnaDev_data_AnaTuple_run00019230_Playlist.root	8.330484810075759e+17	8.391964671266963e+17	1	24509		
FHC	data	1M	data19231	root://fndcadoor.fnal.gov:1095/pnfs/fnal.gov/usr/minerva/persistent/OpenData/MediumEnergy_FHC/Data/Playlist1M/MasterAnaDev_data_AnaTuple_run00019231_Playlist.root	1142854297637939.5	1142854297637939.5	1	38		
FHC	data	1M	data19233	root://fndcadoor.fnal.gov:1095/pnfs/fnal.gov/usr/minerva/persistent/OpenData/MediumEnergy_FHC/Data/Playlist1M/MasterAnaDev_data_AnaTuple_run00019233_Playlist.root	1.0640514160575868e+18	1.0642128754618002e+18	1	31310		
FHC	data	1M	data19234	root://fndcadoor.fnal.gov:1095/pnfs/fnal.gov/usr/minerva/persistent/OpenData/MediumEnergy_FHC/Data/Playlist1M/MasterAnaDev_data_AnaTuple_run00019234_Playlist.root	1.1067603127820493e+18	1.1071085257864374e+18	1	32799		
FHC	data	1M	data19235	root://fndcadoor.fnal.gov:1095/pnfs/fnal.gov/usr/minerva/persistent/OpenData/MediumEnergy_FHC/Data/Playlist1M/MasterAnaDev_data_AnaTuple_run00019235_Playlist.root	1.0813608150842185e+18	1.0874500346677815e+18	1	31918		
FHC	data	1M	data19236	root://fndcadoor.fnal.gov:1095/pnfs/fnal.gov/usr/minerva/persistent/OpenData/MediumEnergy_FHC/Data/Playlist1M/MasterAnaDev_data_AnaTuple_run00019236_Playlist.root	1.0124630460178852e+18	1.0129451553381384e+18	1	29943		
FHC	data	1M	data19237	root://fndcadoor.fnal.gov:1095/pnfs/fnal.gov/usr/minerva/persistent/OpenData/MediumEnergy_FHC/Data/Playlist1M/MasterAnaDev_data_AnaTuple_run00019237_Playlist.root	8.575557517726423e+17	9.07047603539263e+17	1	25246		
FHC	data	1M	data19242	root://fndcadoor.fnal.gov:1095/pnfs/fnal.gov/usr/minerva/persistent/OpenData/MediumEnergy_FHC/Data/Playlist1M/MasterAnaDev_data_AnaTuple_run00019242_Playlist.root	0.0	6.52832990353192e+17	1	0		
FHC	data	1M	data19243	root://fndcadoor.fnal.gov:1095/pnfs/fnal.gov/usr/minerva/persistent/OpenData/MediumEnergy_FHC/Data/Playlist1M/MasterAnaDev_data_AnaTuple_run00019243_Playlist.root	9.619832109122278e+17	1.0686116471738701e+18	1	28622		
FHC	data	1M	data19244	root://fndcadoor.fnal.gov:1095/pnfs/fnal.gov/usr/minerva/persistent/OpenData/MediumEnergy_FHC/Data/Playlist1M/MasterAnaDev_data_AnaTuple_run00019244_Playlist.root	9.892988483428955e+16	1.0902149401121545e+18	1	2844		
FHC	data	1M	data19245	root://fndcadoor.fnal.gov:1095/pnfs/fnal.gov/usr/minerva/persistent/OpenData/MediumEnergy_FHC/Data/Playlist1M/MasterAnaDev_data_AnaTuple_run00019245_Playlist.root	1.1221186660213473e+18	1.1358358158648553e+18	1	32751		
FHC	data	1M	data19246	root://fndcadoor.fnal.gov:1095/pnfs/fnal.gov/usr/minerva/persistent/OpenData/MediumEnergy_FHC/Data/Playlist1M/MasterAnaDev_data_AnaTuple_run00019246_Playlist.root	1.1067959938144682e+18	1.1132596397165706e+18	1	32332		
FHC	data	1M	data19247	root://fndcadoor.fnal.gov:1095/pnfs/fnal.gov/usr/minerva/persistent/OpenData/MediumEnergy_FHC/Data/Playlist1M/MasterAnaDev_data_AnaTuple_run00019247_Playlist.root	1.1387503875637056e+18	1.1390339293693455e+18	1	33207		
FHC	data	1M	data19248	root://fndcadoor.fnal.gov:1095/pnfs/fnal.gov/usr/minerva/persistent/OpenData/MediumEnergy_FHC/Data/Playlist1M/MasterAnaDev_data_AnaTuple_run00019248_Playlist.root	1.1111287408378125e+18	1.1173329218931717e+18	1	32770		
FHC	data	1M	data19249	root://fndcadoor.fnal.gov:1095/pnfs/fnal.gov/usr/minerva/persistent/OpenData/MediumEnergy_FHC/Data/Playlist1M/MasterAnaDev_data_AnaTuple_run00019249_Playlist.root	1.1306124065470697e+18	1.1307332189630255e+18	1	33411		
FHC	data	1M	data19250	root://fndcadoor.fnal.gov:1095/pnfs/fnal.gov/usr/minerva/persistent/OpenData/MediumEnergy_FHC/Data/Playlist1M/MasterAnaDev_data_AnaTuple_run00019250_Playlist.root	1.0340988813791276e+18	1.04039363331265e+18	1	30490		
FHC	data	1M	data19251	root://fndcadoor.fnal.gov:1095/pnfs/fnal.gov/usr/minerva/persistent/OpenData/MediumEnergy_FHC/Data/Playlist1M/MasterAnaDev_data_AnaTuple_run00019251_Playlist.root	1.0075891538619995e+17	1.0075905687317904e+17	1	3109		
FHC	data	1M	data19252	root://fndcadoor.fnal.gov:1095/pnfs/fnal.gov/usr/minerva/persistent/OpenData/MediumEnergy_FHC/Data/Playlist1M/MasterAnaDev_data_AnaTuple_run00019252_Playlist.root	3.690661944389342e+17	3.692277065756425e+17	1	10568		
FHC	data	1M	data19253	root://fndcadoor.fnal.gov:1095/pnfs/fnal.gov/usr/minerva/persistent/OpenData/MediumEnergy_FHC/Data/Playlist1M/MasterAnaDev_data_AnaTuple_run00019253_Playlist.root	4562377204895020.0	4562377204895020.0	1	147		
FHC	data	1M	data19254	root://fndcadoor.fnal.gov:1095/pnfs/fnal.gov/usr/minerva/persistent/OpenData/MediumEnergy_FHC/Data/Playlist1M/MasterAnaDev_data_AnaTuple_run00019254_Playlist.root	6.036336015682221e+17	6.036340460033071e+17	1	17964		
FHC	data	1M	data19256	root://fndcadoor.fnal.gov:1095/pnfs/fnal.gov/usr/minerva/persistent/OpenData/MediumEnergy_FHC/Data/Playlist1M/MasterAnaDev_data_AnaTuple_run00019256_Playlist.root	9.750352738928797e+16	9.75379304822823e+16	1	2876		
FHC	data	1M	data19257	root://fndcadoor.fnal.gov:1095/pnfs/fnal.gov/usr/minerva/persistent/OpenData/MediumEnergy_FHC/Data/Playlist1M/MasterAnaDev_data_AnaTuple_run00019257_Playlist.root	9.706704129176141e+17	9.756566264447903e+17	1	28881		
FHC	data	1M	data19258	root://fndcadoor.fnal.gov:1095/pnfs/fnal.gov/usr/minerva/persistent/OpenData/MediumEnergy_FHC/Data/Playlist1M/MasterAnaDev_data_AnaTuple_run00019258_Playlist.root	1.0802309038000109e+18	1.0804729594037961e+18	1	31789		
FHC	data	1M	data19259	root://fndcadoor.fnal.gov:1095/pnfs/fnal.gov/usr/minerva/persistent/OpenData/MediumEnergy_FHC/Data/Playlist1M/MasterAnaDev_data_AnaTuple_run00019259_Playlist.root	1.100083778399229e+18	1.1057081175254733e+18	1	32106		
FHC	data	1M	data19260	root://fndcadoor.fnal.gov:1095/pnfs/fnal.gov/usr/minerva/persistent/OpenData/MediumEnergy_FHC/Data/Playlist1M/MasterAnaDev_data_AnaTuple_run00019260_Playlist.root	6.890409039325714e+17	6.893606405193125e+17	1	20281		
FHC	data	1M	data19261	root://fndcadoor.fnal.gov:1095/pnfs/fnal.gov/usr/minerva/persistent/OpenData/MediumEnergy_FHC/Data/Playlist1M/MasterAnaDev_data_AnaTuple_run00019261_Playlist.root	3.9762385784149176e+16	3.9762385784149176e+16	1	1182		
FHC	data	1M	data19263	root://fndcadoor.fnal.gov:1095/pnfs/fnal.gov/usr/minerva/persistent/OpenData/MediumEnergy_FHC/Data/Playlist1M/MasterAnaDev_data_AnaTuple_run00019263_Playlist.root	1.0238181169128418e+17	1.0238182798240218e+17	1	3008		
FHC	data	1M	data19264	root://fndcadoor.fnal.gov:1095/pnfs/fnal.gov/usr/minerva/persistent/OpenData/MediumEnergy_FHC/Data/Playlist1M/MasterAnaDev_data_AnaTuple_run00019264_Playlist.root	7.405531762313843e+16	7.4055375867018e+16	1	2255		
FHC	data	1M	data19265	root://fndcadoor.fnal.gov:1095/pnfs/fnal.gov/usr/minerva/persistent/OpenData/MediumEnergy_FHC/Data/Playlist1M/MasterAnaDev_data_AnaTuple_run00019265_Playlist.root	0.0	37344596465.11823	1	0		
FHC	data	1M	data19266	root://fndcadoor.fnal.gov:1095/pnfs/fnal.gov/usr/minerva/persistent/OpenData/MediumEnergy_FHC/Data/Playlist1M/MasterAnaDev_data_AnaTuple_run00019266_Playlist.root	1.3599595874786376e+16	1.3599975039960932e+16	1	402		
FHC	data	1M	data19268	root://fndcadoor.fnal.gov:1095/pnfs/fnal.gov/usr/minerva/persistent/OpenData/MediumEnergy_FHC/Data/Playlist1M/MasterAnaDev_data_AnaTuple_run00019268_Playlist.root	8.974088069796561e+17	8.975515567678894e+17	1	26251		
FHC	data	1M	data19269	root://fndcadoor.fnal.gov:1095/pnfs/fnal.gov/usr/minerva/persistent/OpenData/MediumEnergy_FHC/Data/Playlist1M/MasterAnaDev_data_AnaTuple_run00019269_Playlist.root	4.452867907400131e+17	4.4541749784328986e+17	1	13132		
FHC	data	1M	data19270	root://fndcadoor.fnal.gov:1095/pnfs/fnal.gov/usr/minerva/persistent/OpenData/MediumEnergy_FHC/Data/Playlist1M/MasterAnaDev_data_AnaTuple_run00019270_Playlist.root	3.3012310325622556e+16	3.301247366737388e+16	1	975		
FHC	data	1M	data19271	root://fndcadoor.fnal.gov:1095/pnfs/fnal.gov/usr/minerva/persistent/OpenData/MediumEnergy_FHC/Data/Playlist1M/MasterAnaDev_data_AnaTuple_run00019271_Playlist.root	1.1891930882644654e+17	1.2398957103401166e+17	1	3393		
FHC	data	1M	data19272	root://fndcadoor.fnal.gov:1095/pnfs/fnal.gov/usr/minerva/persistent/OpenData/MediumEnergy_FHC/Data/Playlist1M/MasterAnaDev_data_AnaTuple_run00019272_Playlist.root	9857307090759278.0	9857307090759278.0	1	286		
FHC	data	1M	data19273	root://fndcadoor.fnal.gov:1095/pnfs/fnal.gov/usr/minerva/persistent/OpenData/MediumEnergy_FHC/Data/Playlist1M/MasterAnaDev_data_AnaTuple_run00019273_Playlist.root	2444165782928467.0	2444165782928467.0	1	76		
FHC	data	1M	data19274	root://fndcadoor.fnal.gov:1095/pnfs/fnal.gov/usr/minerva/persistent/OpenData/MediumEnergy_FHC/Data/Playlist1M/MasterAnaDev_data_AnaTuple_run00019274_Playlist.root	3715180206298828.0	3715180206298828.0	1	107		
FHC	data	1M	data19275	root://fndcadoor.fnal.gov:1095/pnfs/fnal.gov/usr/minerva/persistent/OpenData/MediumEnergy_FHC/Data/Playlist1M/MasterAnaDev_data_AnaTuple_run00019275_Playlist.root	1.2858994811439514e+17	1.2859119050046486e+17	1	3755		
FHC	data	1M	data19282	root://fndcadoor.fnal.gov:1095/pnfs/fnal.gov/usr/minerva/persistent/OpenData/MediumEnergy_FHC/Data/Playlist1M/MasterAnaDev_data_AnaTuple_run00019282_Playlist.root	5.111003952407837e+16	5.111004538082843e+16	1	1475		
FHC	data	1M	data19283	root://fndcadoor.fnal.gov:1095/pnfs/fnal.gov/usr/minerva/persistent/OpenData/MediumEnergy_FHC/Data/Playlist1M/MasterAnaDev_data_AnaTuple_run00019283_Playlist.root	1.0103849391937256e+17	1.010385056328727e+17	1	3018		
FHC	data	1M	data19284	root://fndcadoor.fnal.gov:1095/pnfs/fnal.gov/usr/minerva/persistent/OpenData/MediumEnergy_FHC/Data/Playlist1M/MasterAnaDev_data_AnaTuple_run00019284_Playlist.root	7.884523128395081e+17	7.887810442564604e+17	1	22928		
FHC	data	1M	data19285	root://fndcadoor.fnal.gov:1095/pnfs/fnal.gov/usr/minerva/persistent/OpenData/MediumEnergy_FHC/Data/Playlist1M/MasterAnaDev_data_AnaTuple_run00019285_Playlist.root	1.1195318953905106e+18	1.1258886713962657e+18	1	32809		
FHC	data	1M	data19286	root://fndcadoor.fnal.gov:1095/pnfs/fnal.gov/usr/minerva/persistent/OpenData/MediumEnergy_FHC/Data/Playlist1M/MasterAnaDev_data_AnaTuple_run00019286_Playlist.root	1.7779511829357146e+18	1.802802889727727e+18	1	52249		
FHC	data	1M	data19287	root://fndcadoor.fnal.gov:1095/pnfs/fnal.gov/usr/minerva/persistent/OpenData/MediumEnergy_FHC/Data/Playlist1M/MasterAnaDev_data_AnaTuple_run00019287_Playlist.root	1.1157036036233903e+18	1.1219623743317967e+18	1	32562		
FHC	data	1M	data19288	root://fndcadoor.fnal.gov:1095/pnfs/fnal.gov/usr/minerva/persistent/OpenData/MediumEnergy_FHC/Data/Playlist1M/MasterAnaDev_data_AnaTuple_run00019288_Playlist.root	1.132721946800232e+18	1.1330056856270275e+18	1	32841		
FHC	data	1M	data19289	root://fndcadoor.fnal.gov:1095/pnfs/fnal.gov/usr/minerva/persistent/OpenData/MediumEnergy_FHC/Data/Playlist1M/MasterAnaDev_data_AnaTuple_run00019289_Playlist.root	1.1859016418457032e+16	1.1859016418457032e+16	1	364		
FHC	data	1M	data19294	root://fndcadoor.fnal.gov:1095/pnfs/fnal.gov/usr/minerva/persistent/OpenData/MediumEnergy_FHC/Data/Playlist1M/MasterAnaDev_data_AnaTuple_run00019294_Playlist.root	1.0890112300872802e+16	1.1088106704711914e+16	1	329		
FHC	data	1M	data19295	root://fndcadoor.fnal.gov:1095/pnfs/fnal.gov/usr/minerva/persistent/OpenData/MediumEnergy_FHC/Data/Playlist1M/MasterAnaDev_data_AnaTuple_run00019295_Playlist.root	1.921905014648437e+17	1.9627924647673987e+17	1	5710		
FHC	data	1M	data19297	root://fndcadoor.fnal.gov:1095/pnfs/fnal.gov/usr/minerva/persistent/OpenData/MediumEnergy_FHC/Data/Playlist1M/MasterAnaDev_data_AnaTuple_run00019297_Playlist.root	2.90669953464508e+17	3.278636912745441e+17	1	8481		
FHC	data	1M	data19298	root://fndcadoor.fnal.gov:1095/pnfs/fnal.gov/usr/minerva/persistent/OpenData/MediumEnergy_FHC/Data/Playlist1M/MasterAnaDev_data_AnaTuple_run00019298_Playlist.root	0.0	2.9094581510099e+16	1	0		
FHC	data	1M	data19299	root://fndcadoor.fnal.gov:1095/pnfs/fnal.gov/usr/minerva/persistent/OpenData/MediumEnergy_FHC/Data/Playlist1M/MasterAnaDev_data_AnaTuple_run00019299_Playlist.root	1.0863048652510643e+18	1.0874192427824582e+18	1	31843		
FHC	data	1M	data19300	root://fndcadoor.fnal.gov:1095/pnfs/fnal.gov/usr/minerva/persistent/OpenData/MediumEnergy_FHC/Data/Playlist1M/MasterAnaDev_data_AnaTuple_run00019300_Playlist.root	1.0827968438816069e+18	1.088211561411669e+18	1	31887		
FHC	data	1M	data19301	root://fndcadoor.fnal.gov:1095/pnfs/fnal.gov/usr/minerva/persistent/OpenData/MediumEnergy_FHC/Data/Playlist1M/MasterAnaDev_data_AnaTuple_run00019301_Playlist.root	1.0450565565676689e+18	1.0485693815262435e+18	1	30581		
FHC	data	1M	data19302	root://fndcadoor.fnal.gov:1095/pnfs/fnal.gov/usr/minerva/persistent/OpenData/MediumEnergy_FHC/Data/Playlist1M/MasterAnaDev_data_AnaTuple_run00019302_Playlist.root	7.399661291646957e+16	7.416133787296515e+16	1	2212		
FHC	data	1M	data19306	root://fndcadoor.fnal.gov:1095/pnfs/fnal.gov/usr/minerva/persistent/OpenData/MediumEnergy_FHC/Data/Playlist1M/MasterAnaDev_data_AnaTuple_run00019306_Playlist.root	8.741498432750705e+17	8.744203098576069e+17	1	25685		
FHC	data	1M	data19307	root://fndcadoor.fnal.gov:1095/pnfs/fnal.gov/usr/minerva/persistent/OpenData/MediumEnergy_FHC/Data/Playlist1M/MasterAnaDev_data_AnaTuple_run00019307_Playlist.root	1.0518602392995357e+18	1.0583570408598708e+18	1	31272		
FHC	data	1M	data19308	root://fndcadoor.fnal.gov:1095/pnfs/fnal.gov/usr/minerva/persistent/OpenData/MediumEnergy_FHC/Data/Playlist1M/MasterAnaDev_data_AnaTuple_run00019308_Playlist.root	1.1335080133209229e+18	1.133839200243935e+18	1	33017		
FHC	data	1M	data19309	root://fndcadoor.fnal.gov:1095/pnfs/fnal.gov/usr/minerva/persistent/OpenData/MediumEnergy_FHC/Data/Playlist1M/MasterAnaDev_data_AnaTuple_run00019309_Playlist.root	1.0498141187944416e+18	1.0848035658076499e+18	1	30787		
FHC	data	1M	data19310	root://fndcadoor.fnal.gov:1095/pnfs/fnal.gov/usr/minerva/persistent/OpenData/MediumEnergy_FHC/Data/Playlist1M/MasterAnaDev_data_AnaTuple_run00019310_Playlist.root	1.0739664284429549e+18	1.0742666355174499e+18	1	31545		
FHC	data	1M	data19311	root://fndcadoor.fnal.gov:1095/pnfs/fnal.gov/usr/minerva/persistent/OpenData/MediumEnergy_FHC/Data/Playlist1M/MasterAnaDev_data_AnaTuple_run00019311_Playlist.root	1.0995339164218902e+18	1.1056447820061644e+18	1	32004		
FHC	data	1M	data19312	root://fndcadoor.fnal.gov:1095/pnfs/fnal.gov/usr/minerva/persistent/OpenData/MediumEnergy_FHC/Data/Playlist1M/MasterAnaDev_data_AnaTuple_run00019312_Playlist.root	1.1133902228641509e+18	1.113667765400851e+18	1	32741		
FHC	data	1M	data19313	root://fndcadoor.fnal.gov:1095/pnfs/fnal.gov/usr/minerva/persistent/OpenData/MediumEnergy_FHC/Data/Playlist1M/MasterAnaDev_data_AnaTuple_run00019313_Playlist.root	1.1229771939830779e+18	1.1294600537758028e+18	1	33070		
FHC	data	1M	data19314	root://fndcadoor.fnal.gov:1095/pnfs/fnal.gov/usr/minerva/persistent/OpenData/MediumEnergy_FHC/Data/Playlist1M/MasterAnaDev_data_AnaTuple_run00019314_Playlist.root	1.088461273387432e+18	1.1039248366346683e+18	1	31934		
FHC	data	1M	data19315	root://fndcadoor.fnal.gov:1095/pnfs/fnal.gov/usr/minerva/persistent/OpenData/MediumEnergy_FHC/Data/Playlist1M/MasterAnaDev_data_AnaTuple_run00019315_Playlist.root	1.0728890913715359e+18	1.0731745276348506e+18	1	31305		
FHC	data	1M	data19316	root://fndcadoor.fnal.gov:1095/pnfs/fnal.gov/usr/minerva/persistent/OpenData/MediumEnergy_FHC/Data/Playlist1M/MasterAnaDev_data_AnaTuple_run00019316_Playlist.root	1.1159773735141754e+18	1.1161456240748209e+18	1	32556		
FHC	data	1M	data19317	root://fndcadoor.fnal.gov:1095/pnfs/fnal.gov/usr/minerva/persistent/OpenData/MediumEnergy_FHC/Data/Playlist1M/MasterAnaDev_data_AnaTuple_run00019317_Playlist.root	5847199600219727.0	6.766086876812134e+16	1	174		
FHC	data	1M	data19318	root://fndcadoor.fnal.gov:1095/pnfs/fnal.gov/usr/minerva/persistent/OpenData/MediumEnergy_FHC/Data/Playlist1M/MasterAnaDev_data_AnaTuple_run00019318_Playlist.root	1.1137905264501572e+18	1.1373481189107306e+18	1	32495		
FHC	data	1M	data19319	root://fndcadoor.fnal.gov:1095/pnfs/fnal.gov/usr/minerva/persistent/OpenData/MediumEnergy_FHC/Data/Playlist1M/MasterAnaDev_data_AnaTuple_run00019319_Playlist.root	9.594723941602708e+17	9.598420058072421e+17	1	27982		
FHC	data	1M	data19322	root://fndcadoor.fnal.gov:1095/pnfs/fnal.gov/usr/minerva/persistent/OpenData/MediumEnergy_FHC/Data/Playlist1M/MasterAnaDev_data_AnaTuple_run00019322_Playlist.root	4.783707456588746e+16	2.5329979647072896e+17	1	1345		
FHC	data	1M	data19323	root://fndcadoor.fnal.gov:1095/pnfs/fnal.gov/usr/minerva/persistent/OpenData/MediumEnergy_FHC/Data/Playlist1M/MasterAnaDev_data_AnaTuple_run00019323_Playlist.root	8638043090820312.0	8638044508836349.0	1	255		
FHC	data	1M	data19325	root://fndcadoor.fnal.gov:1095/pnfs/fnal.gov/usr/minerva/persistent/OpenData/MediumEnergy_FHC/Data/Playlist1M/MasterAnaDev_data_AnaTuple_run00019325_Playlist.root	1.0599164250724316e+18	1.0602586666628015e+18	1	31003		
FHC	data	1M	data19326	root://fndcadoor.fnal.gov:1095/pnfs/fnal.gov/usr/minerva/persistent/OpenData/MediumEnergy_FHC/Data/Playlist1M/MasterAnaDev_data_AnaTuple_run00019326_Playlist.root	9.913188153529165e+17	9.973324731326803e+17	1	29072		
FHC	data	1M	data19327	root://fndcadoor.fnal.gov:1095/pnfs/fnal.gov/usr/minerva/persistent/OpenData/MediumEnergy_FHC/Data/Playlist1M/MasterAnaDev_data_AnaTuple_run00019327_Playlist.root	1.077774169307947e+18	1.0780911057583928e+18	1	31450		
FHC	data	1M	data19328	root://fndcadoor.fnal.gov:1095/pnfs/fnal.gov/usr/minerva/persistent/OpenData/MediumEnergy_FHC/Data/Playlist1M/MasterAnaDev_data_AnaTuple_run00019328_Playlist.root	1.0548712332756521e+18	1.0599780294280436e+18	1	31125		
FHC	data	1M	data19329	root://fndcadoor.fnal.gov:1095/pnfs/fnal.gov/usr/minerva/persistent/OpenData/MediumEnergy_FHC/Data/Playlist1M/MasterAnaDev_data_AnaTuple_run00019329_Playlist.root	1.0795849596183299e+18	1.0797404027416781e+18	1	31701		
FHC	data	1M	data19330	root://fndcadoor.fnal.gov:1095/pnfs/fnal.gov/usr/minerva/persistent/OpenData/MediumEnergy_FHC/Data/Playlist1M/MasterAnaDev_data_AnaTuple_run00019330_Playlist.root	1.0666347291536329e+18	1.09175898846504e+18	1	31573		
FHC	data	1M	data19331	root://fndcadoor.fnal.gov:1095/pnfs/fnal.gov/usr/minerva/persistent/OpenData/MediumEnergy_FHC/Data/Playlist1M/MasterAnaDev_data_AnaTuple_run00019331_Playlist.root	7.397098731937408e+17	1.0684274569686753e+18	1	21926		
FHC	data	1M	data19332	root://fndcadoor.fnal.gov:1095/pnfs/fnal.gov/usr/minerva/persistent/OpenData/MediumEnergy_FHC/Data/Playlist1M/MasterAnaDev_data_AnaTuple_run00019332_Playlist.root	4.515048858203888e+17	1.0596637440006922e+18	1	13400		
FHC	data	1M	data19333	root://fndcadoor.fnal.gov:1095/pnfs/fnal.gov/usr/minerva/persistent/OpenData/MediumEnergy_FHC/Data/Playlist1M/MasterAnaDev_data_AnaTuple_run00019333_Playlist.root	0.0	1.0417424605139263e+18	1	0		
FHC	data	1M	data19334	root://fndcadoor.fnal.gov:1095/pnfs/fnal.gov/usr/minerva/persistent/OpenData/MediumEnergy_FHC/Data/Playlist1M/MasterAnaDev_data_AnaTuple_run00019334_Playlist.root	0.0	1.0385515194416732e+18	1	0		
FHC	data	1M	data19335	root://fndcadoor.fnal.gov:1095/pnfs/fnal.gov/usr/minerva/persistent/OpenData/MediumEnergy_FHC/Data/Playlist1M/MasterAnaDev_data_AnaTuple_run00019335_Playlist.root	0.0	1.0783233149706349e+18	1	0		
FHC	data	1M	data19336	root://fndcadoor.fnal.gov:1095/pnfs/fnal.gov/usr/minerva/persistent/OpenData/MediumEnergy_FHC/Data/Playlist1M/MasterAnaDev_data_AnaTuple_run00019336_Playlist.root	0.0	1.1318593739380412e+18	1	0		
FHC	data	1M	data19337	root://fndcadoor.fnal.gov:1095/pnfs/fnal.gov/usr/minerva/persistent/OpenData/MediumEnergy_FHC/Data/Playlist1M/MasterAnaDev_data_AnaTuple_run00019337_Playlist.root	0.0	1.1374580627327382e+18	1	0		
FHC	data	1M	data19338	root://fndcadoor.fnal.gov:1095/pnfs/fnal.gov/usr/minerva/persistent/OpenData/MediumEnergy_FHC/Data/Playlist1M/MasterAnaDev_data_AnaTuple_run00019338_Playlist.root	5.956021047425271e+17	1.1046856719539159e+18	1	17758		
FHC	data	1M	data19339	root://fndcadoor.fnal.gov:1095/pnfs/fnal.gov/usr/minerva/persistent/OpenData/MediumEnergy_FHC/Data/Playlist1M/MasterAnaDev_data_AnaTuple_run00019339_Playlist.root	1.1127975832159516e+18	1.112918896304319e+18	1	32342		
FHC	data	1M	data19340	root://fndcadoor.fnal.gov:1095/pnfs/fnal.gov/usr/minerva/persistent/OpenData/MediumEnergy_FHC/Data/Playlist1M/MasterAnaDev_data_AnaTuple_run00019340_Playlist.root	1.1100386481180188e+18	1.129856011398978e+18	1	32492		
FHC	data	1M	data19341	root://fndcadoor.fnal.gov:1095/pnfs/fnal.gov/usr/minerva/persistent/OpenData/MediumEnergy_FHC/Data/Playlist1M/MasterAnaDev_data_AnaTuple_run00019341_Playlist.root	1.0869771728465558e+18	1.0872986171614081e+18	1	32103		
FHC	data	1M	data19342	root://fndcadoor.fnal.gov:1095/pnfs/fnal.gov/usr/minerva/persistent/OpenData/MediumEnergy_FHC/Data/Playlist1M/MasterAnaDev_data_AnaTuple_run00019342_Playlist.root	1.063935055179715e+18	1.0704720449567593e+18	1	31180		
FHC	data	1M	data19343	root://fndcadoor.fnal.gov:1095/pnfs/fnal.gov/usr/minerva/persistent/OpenData/MediumEnergy_FHC/Data/Playlist1M/MasterAnaDev_data_AnaTuple_run00019343_Playlist.root	9.842352342073917e+17	1.078621482141125e+18	1	28890		
FHC	data	1M	data19344	root://fndcadoor.fnal.gov:1095/pnfs/fnal.gov/usr/minerva/persistent/OpenData/MediumEnergy_FHC/Data/Playlist1M/MasterAnaDev_data_AnaTuple_run00019344_Playlist.root	1.0400388718643188e+18	1.0463404568426495e+18	1	30296		
FHC	data	1M	data19345	root://fndcadoor.fnal.gov:1095/pnfs/fnal.gov/usr/minerva/persistent/OpenData/MediumEnergy_FHC/Data/Playlist1M/MasterAnaDev_data_AnaTuple_run00019345_Playlist.root	9.843974058938026e+17	9.845176238131652e+17	1	28913		
FHC	data	1M	data19346	root://fndcadoor.fnal.gov:1095/pnfs/fnal.gov/usr/minerva/persistent/OpenData/MediumEnergy_FHC/Data/Playlist1M/MasterAnaDev_data_AnaTuple_run00019346_Playlist.root	1.1025903484754561e+18	1.1089400259927302e+18	1	32475		
FHC	data	1M	data19347	root://fndcadoor.fnal.gov:1095/pnfs/fnal.gov/usr/minerva/persistent/OpenData/MediumEnergy_FHC/Data/Playlist1M/MasterAnaDev_data_AnaTuple_run00019347_Playlist.root	1.1389648298339841e+18	1.1392882740237938e+18	1	33307		
FHC	data	1M	data19348	root://fndcadoor.fnal.gov:1095/pnfs/fnal.gov/usr/minerva/persistent/OpenData/MediumEnergy_FHC/Data/Playlist1M/MasterAnaDev_data_AnaTuple_run00019348_Playlist.root	1.1163488650054931e+18	1.1226189315914442e+18	1	32522		
FHC	data	1M	data19349	root://fndcadoor.fnal.gov:1095/pnfs/fnal.gov/usr/minerva/persistent/OpenData/MediumEnergy_FHC/Data/Playlist1M/MasterAnaDev_data_AnaTuple_run00019349_Playlist.root	9.525677423381805e+17	1.132817904253452e+18	1	27776		
FHC	data	1M	data19350	root://fndcadoor.fnal.gov:1095/pnfs/fnal.gov/usr/minerva/persistent/OpenData/MediumEnergy_FHC/Data/Playlist1M/MasterAnaDev_data_AnaTuple_run00019350_Playlist.root	1.1336394859580995e+18	1.1338802844663735e+18	1	33192		
FHC	data	1M	data19351	root://fndcadoor.fnal.gov:1095/pnfs/fnal.gov/usr/minerva/persistent/OpenData/MediumEnergy_FHC/Data/Playlist1M/MasterAnaDev_data_AnaTuple_run00019351_Playlist.root	1.0711728919591904e+18	1.076551989838218e+18	1	31788		
FHC	data	1M	data19352	root://fndcadoor.fnal.gov:1095/pnfs/fnal.gov/usr/minerva/persistent/OpenData/MediumEnergy_FHC/Data/Playlist1M/MasterAnaDev_data_AnaTuple_run00019352_Playlist.root	1.0757289872579574e+18	1.0760932097190072e+18	1	31322		
FHC	data	1M	data19353	root://fndcadoor.fnal.gov:1095/pnfs/fnal.gov/usr/minerva/persistent/OpenData/MediumEnergy_FHC/Data/Playlist1M/MasterAnaDev_data_AnaTuple_run00019353_Playlist.root	1.1096815605340005e+18	1.116108693437002e+18	1	32517		
FHC	data	1M	data19354	root://fndcadoor.fnal.gov:1095/pnfs/fnal.gov/usr/minerva/persistent/OpenData/MediumEnergy_FHC/Data/Playlist1M/MasterAnaDev_data_AnaTuple_run00019354_Playlist.root	1.0778748316347596e+18	1.078561307982107e+18	1	31610		
FHC	data	1M	data19355	root://fndcadoor.fnal.gov:1095/pnfs/fnal.gov/usr/minerva/persistent/OpenData/MediumEnergy_FHC/Data/Playlist1M/MasterAnaDev_data_AnaTuple_run00019355_Playlist.root	9.354848710925578e+17	9.419690531078783e+17	1	27434		
FHC	data	1M	data19356	root://fndcadoor.fnal.gov:1095/pnfs/fnal.gov/usr/minerva/persistent/OpenData/MediumEnergy_FHC/Data/Playlist1M/MasterAnaDev_data_AnaTuple_run00019356_Playlist.root	1.0754612274386885e+18	1.0818769476922953e+18	1	31399		
FHC	data	1M	data19357	root://fndcadoor.fnal.gov:1095/pnfs/fnal.gov/usr/minerva/persistent/OpenData/MediumEnergy_FHC/Data/Playlist1M/MasterAnaDev_data_AnaTuple_run00019357_Playlist.root	1.0518403223512166e+18	1.0519209194467022e+18	1	30896		
FHC	data	1M	data19358	root://fndcadoor.fnal.gov:1095/pnfs/fnal.gov/usr/minerva/persistent/OpenData/MediumEnergy_FHC/Data/Playlist1M/MasterAnaDev_data_AnaTuple_run00019358_Playlist.root	5.2522308783888826e+17	5.254108520607336e+17	1	16419		
FHC	data	1M	data19359	root://fndcadoor.fnal.gov:1095/pnfs/fnal.gov/usr/minerva/persistent/OpenData/MediumEnergy_FHC/Data/Playlist1M/MasterAnaDev_data_AnaTuple_run00019359_Playlist.root	6.946863780450822e+17	6.993382865168154e+17	1	21568		
FHC	data	1M	data19360	root://fndcadoor.fnal.gov:1095/pnfs/fnal.gov/usr/minerva/persistent/OpenData/MediumEnergy_FHC/Data/Playlist1M/MasterAnaDev_data_AnaTuple_run00019360_Playlist.root	7.075956712994574e+17	7.132830950581096e+17	1	21939		
FHC	data	1M	data19361	root://fndcadoor.fnal.gov:1095/pnfs/fnal.gov/usr/minerva/persistent/OpenData/MediumEnergy_FHC/Data/Playlist1M/MasterAnaDev_data_AnaTuple_run00019361_Playlist.root	7.402785782618523e+17	7.405169245380099e+17	1	22975		
FHC	data	1M	data19362	root://fndcadoor.fnal.gov:1095/pnfs/fnal.gov/usr/minerva/persistent/OpenData/MediumEnergy_FHC/Data/Playlist1M/MasterAnaDev_data_AnaTuple_run00019362_Playlist.root	7.54446892385483e+17	7.577809829823223e+17	1	23480		
FHC	data	1M	data19363	root://fndcadoor.fnal.gov:1095/pnfs/fnal.gov/usr/minerva/persistent/OpenData/MediumEnergy_FHC/Data/Playlist1M/MasterAnaDev_data_AnaTuple_run00019363_Playlist.root	7.988113167812824e+17	8.02622148922421e+17	1	24493		
FHC	data	1M	data19364	root://fndcadoor.fnal.gov:1095/pnfs/fnal.gov/usr/minerva/persistent/OpenData/MediumEnergy_FHC/Data/Playlist1M/MasterAnaDev_data_AnaTuple_run00019364_Playlist.root	8.213158483119013e+17	8.216709433530943e+17	1	25072		
FHC	data	1M	data19365	root://fndcadoor.fnal.gov:1095/pnfs/fnal.gov/usr/minerva/persistent/OpenData/MediumEnergy_FHC/Data/Playlist1M/MasterAnaDev_data_AnaTuple_run00019365_Playlist.root	8.038356288256644e+17	8.097088037265725e+17	1	24902		
FHC	data	1M	data19366	root://fndcadoor.fnal.gov:1095/pnfs/fnal.gov/usr/minerva/persistent/OpenData/MediumEnergy_FHC/Data/Playlist1M/MasterAnaDev_data_AnaTuple_run00019366_Playlist.root	7.909197905192378e+17	7.929357589507564e+17	1	24273		
FHC	data	1M	data19367	root://fndcadoor.fnal.gov:1095/pnfs/fnal.gov/usr/minerva/persistent/OpenData/MediumEnergy_FHC/Data/Playlist1M/MasterAnaDev_data_AnaTuple_run00019367_Playlist.root	7.934827283914683e+17	7.981616972702959e+17	1	24315		
FHC	data	1M	data19368	root://fndcadoor.fnal.gov:1095/pnfs/fnal.gov/usr/minerva/persistent/OpenData/MediumEnergy_FHC/Data/Playlist1M/MasterAnaDev_data_AnaTuple_run00019368_Playlist.root	8.090248016653061e+17	8.127435026298586e+17	1	24929		
FHC	data	1M	data19369	root://fndcadoor.fnal.gov:1095/pnfs/fnal.gov/usr/minerva/persistent/OpenData/MediumEnergy_FHC/Data/Playlist1M/MasterAnaDev_data_AnaTuple_run00019369_Playlist.root	8.039802837848662e+17	8.099896265755228e+17	1	24658		
FHC	data	1M	data19370	root://fndcadoor.fnal.gov:1095/pnfs/fnal.gov/usr/minerva/persistent/OpenData/MediumEnergy_FHC/Data/Playlist1M/MasterAnaDev_data_AnaTuple_run00019370_Playlist.root	8.016018537683487e+17	8.017738208344024e+17	1	24631		
FHC	data	1M	data19371	root://fndcadoor.fnal.gov:1095/pnfs/fnal.gov/usr/minerva/persistent/OpenData/MediumEnergy_FHC/Data/Playlist1M/MasterAnaDev_data_AnaTuple_run00019371_Playlist.root	8.083361598491667e+17	8.116761019397573e+17	1	24789		
FHC	data	1M	data19372	root://fndcadoor.fnal.gov:1095/pnfs/fnal.gov/usr/minerva/persistent/OpenData/MediumEnergy_FHC/Data/Playlist1M/MasterAnaDev_data_AnaTuple_run00019372_Playlist.root	7.83152188580513e+17	7.952213664226632e+17	1	23864		
FHC	data	1M	data19373	root://fndcadoor.fnal.gov:1095/pnfs/fnal.gov/usr/minerva/persistent/OpenData/MediumEnergy_FHC/Data/Playlist1M/MasterAnaDev_data_AnaTuple_run00019373_Playlist.root	8.220470963172914e+17	8.224024930621416e+17	1	25522		
FHC	data	1M	data19374	root://fndcadoor.fnal.gov:1095/pnfs/fnal.gov/usr/minerva/persistent/OpenData/MediumEnergy_FHC/Data/Playlist1M/MasterAnaDev_data_AnaTuple_run00019374_Playlist.root	8.155978439416884e+17	8.197702723322271e+17	1	25227		
FHC	data	1M	data19375	root://fndcadoor.fnal.gov:1095/pnfs/fnal.gov/usr/minerva/persistent/OpenData/MediumEnergy_FHC/Data/Playlist1M/MasterAnaDev_data_AnaTuple_run00019375_Playlist.root	8.300438447389601e+17	8.302228309593181e+17	1	25557		
FHC	data	1M	data19376	root://fndcadoor.fnal.gov:1095/pnfs/fnal.gov/usr/minerva/persistent/OpenData/MediumEnergy_FHC/Data/Playlist1M/MasterAnaDev_data_AnaTuple_run00019376_Playlist.root	6.692285613033773e+17	6.729322089652906e+17	1	20343		
FHC	data	1M	data19377	root://fndcadoor.fnal.gov:1095/pnfs/fnal.gov/usr/minerva/persistent/OpenData/MediumEnergy_FHC/Data/Playlist1M/MasterAnaDev_data_AnaTuple_run00019377_Playlist.root	2.5275643434524538e+17	2.5275648348118864e+17	1	7843		
FHC	data	1M	data19378	root://fndcadoor.fnal.gov:1095/pnfs/fnal.gov/usr/minerva/persistent/OpenData/MediumEnergy_FHC/Data/Playlist1M/MasterAnaDev_data_AnaTuple_run00019378_Playlist.root	8.245756162757875e+17	8.247556505048699e+17	1	25454		
FHC	data	1M	data19379	root://fndcadoor.fnal.gov:1095/pnfs/fnal.gov/usr/minerva/persistent/OpenData/MediumEnergy_FHC/Data/Playlist1M/MasterAnaDev_data_AnaTuple_run00019379_Playlist.root	7.88903412154198e+17	7.924881213076123e+17	1	24348		
FHC	data	1M	data19380	root://fndcadoor.fnal.gov:1095/pnfs/fnal.gov/usr/minerva/persistent/OpenData/MediumEnergy_FHC/Data/Playlist1M/MasterAnaDev_data_AnaTuple_run00019380_Playlist.root	7.462696347637175e+17	7.531994079364998e+17	1	23120		
FHC	data	1M	data19381	root://fndcadoor.fnal.gov:1095/pnfs/fnal.gov/usr/minerva/persistent/OpenData/MediumEnergy_FHC/Data/Playlist1M/MasterAnaDev_data_AnaTuple_run00019381_Playlist.root	7.270080183410644e+17	7.306955154391988e+17	1	22538		
FHC	data	1M	data19382	root://fndcadoor.fnal.gov:1095/pnfs/fnal.gov/usr/minerva/persistent/OpenData/MediumEnergy_FHC/Data/Playlist1M/MasterAnaDev_data_AnaTuple_run00019382_Playlist.root	8.027750540704726e+17	8.029467670454994e+17	1	24687		
FHC	data	1M	data19440	root://fndcadoor.fnal.gov:1095/pnfs/fnal.gov/usr/minerva/persistent/OpenData/MediumEnergy_FHC/Data/Playlist1M/MasterAnaDev_data_AnaTuple_run00019440_Playlist.root	1.0826361449027064e+18	1.0829815007123763e+18	1	32058		
FHC	data	1M	data19441	root://fndcadoor.fnal.gov:1095/pnfs/fnal.gov/usr/minerva/persistent/OpenData/MediumEnergy_FHC/Data/Playlist1M/MasterAnaDev_data_AnaTuple_run00019441_Playlist.root	1.1176271364824772e+18	1.1242182442419708e+18	1	32929		
FHC	data	1M	data19442	root://fndcadoor.fnal.gov:1095/pnfs/fnal.gov/usr/minerva/persistent/OpenData/MediumEnergy_FHC/Data/Playlist1M/MasterAnaDev_data_AnaTuple_run00019442_Playlist.root	1.1554756142854692e+18	1.1556884697382707e+18	1	33883		
FHC	data	1M	data19443	root://fndcadoor.fnal.gov:1095/pnfs/fnal.gov/usr/minerva/persistent/OpenData/MediumEnergy_FHC/Data/Playlist1M/MasterAnaDev_data_AnaTuple_run00019443_Playlist.root	1.0945593219952581e+18	1.1010302534435456e+18	1	31994		
FHC	data	1M	data19444	root://fndcadoor.fnal.gov:1095/pnfs/fnal.gov/usr/minerva/persistent/OpenData/MediumEnergy_FHC/Data/Playlist1M/MasterAnaDev_data_AnaTuple_run00019444_Playlist.root	1.1584918414776328e+18	1.178143162125382e+18	1	33693		
FHC	data	1M	data19445	root://fndcadoor.fnal.gov:1095/pnfs/fnal.gov/usr/minerva/persistent/OpenData/MediumEnergy_FHC/Data/Playlist1M/MasterAnaDev_data_AnaTuple_run00019445_Playlist.root	1.0859994812579153e+18	1.0861833043080594e+18	1	31849		
FHC	data	1M	data19446	root://fndcadoor.fnal.gov:1095/pnfs/fnal.gov/usr/minerva/persistent/OpenData/MediumEnergy_FHC/Data/Playlist1M/MasterAnaDev_data_AnaTuple_run00019446_Playlist.root	1.1004225805222986e+18	1.100741275331135e+18	1	32673		
FHC	data	1M	data19447	root://fndcadoor.fnal.gov:1095/pnfs/fnal.gov/usr/minerva/persistent/OpenData/MediumEnergy_FHC/Data/Playlist1M/MasterAnaDev_data_AnaTuple_run00019447_Playlist.root	1.0574512004396916e+18	1.0627551550002266e+18	1	31287		
FHC	data	1M	data19448	root://fndcadoor.fnal.gov:1095/pnfs/fnal.gov/usr/minerva/persistent/OpenData/MediumEnergy_FHC/Data/Playlist1M/MasterAnaDev_data_AnaTuple_run00019448_Playlist.root	1.0642316328668593e+18	1.0645090287658374e+18	1	31726		
FHC	data	1M	data19449	root://fndcadoor.fnal.gov:1095/pnfs/fnal.gov/usr/minerva/persistent/OpenData/MediumEnergy_FHC/Data/Playlist1M/MasterAnaDev_data_AnaTuple_run00019449_Playlist.root	1.1243785009412762e+18	1.13025897252928e+18	1	32920		
FHC	data	1M	data19450	root://fndcadoor.fnal.gov:1095/pnfs/fnal.gov/usr/minerva/persistent/OpenData/MediumEnergy_FHC/Data/Playlist1M/MasterAnaDev_data_AnaTuple_run00019450_Playlist.root	1.0765555035414694e+18	1.0766835954874076e+18	1	31675		
FHC	data	1M	data19451	root://fndcadoor.fnal.gov:1095/pnfs/fnal.gov/usr/minerva/persistent/OpenData/MediumEnergy_FHC/Data/Playlist1M/MasterAnaDev_data_AnaTuple_run00019451_Playlist.root	1.1237314292401078e+18	1.1446615789195786e+18	1	32562		
FHC	data	1M	data19452	root://fndcadoor.fnal.gov:1095/pnfs/fnal.gov/usr/minerva/persistent/OpenData/MediumEnergy_FHC/Data/Playlist1M/MasterAnaDev_data_AnaTuple_run00019452_Playlist.root	1.0542507888379095e+18	1.0732407855840982e+18	1	31371		
FHC	data	1M	data19453	root://fndcadoor.fnal.gov:1095/pnfs/fnal.gov/usr/minerva/persistent/OpenData/MediumEnergy_FHC/Data/Playlist1M/MasterAnaDev_data_AnaTuple_run00019453_Playlist.root	1.0766316507601737e+18	1.0768670340667526e+18	1	32030		
FHC	data	1M	data19454	root://fndcadoor.fnal.gov:1095/pnfs/fnal.gov/usr/minerva/persistent/OpenData/MediumEnergy_FHC/Data/Playlist1M/MasterAnaDev_data_AnaTuple_run00019454_Playlist.root	9.751607131245137e+17	9.917086993034533e+17	1	28840		
FHC	data	1M	data19455	root://fndcadoor.fnal.gov:1095/pnfs/fnal.gov/usr/minerva/persistent/OpenData/MediumEnergy_FHC/Data/Playlist1M/MasterAnaDev_data_AnaTuple_run00019455_Playlist.root	9.742728744254111e+17	9.745125941521016e+17	1	28491		
FHC	data	1M	data19456	root://fndcadoor.fnal.gov:1095/pnfs/fnal.gov/usr/minerva/persistent/OpenData/MediumEnergy_FHC/Data/Playlist1M/MasterAnaDev_data_AnaTuple_run00019456_Playlist.root	9.649626419453622e+17	9.718044847844337e+17	1	28532		
FHC	data	1M	data19457	root://fndcadoor.fnal.gov:1095/pnfs/fnal.gov/usr/minerva/persistent/OpenData/MediumEnergy_FHC/Data/Playlist1M/MasterAnaDev_data_AnaTuple_run00019457_Playlist.root	1.1582154267120364e+18	1.1585537946064745e+18	1	33732		
FHC	data	1M	data19458	root://fndcadoor.fnal.gov:1095/pnfs/fnal.gov/usr/minerva/persistent/OpenData/MediumEnergy_FHC/Data/Playlist1M/MasterAnaDev_data_AnaTuple_run00019458_Playlist.root	1.1650309023897649e+18	1.171686361983205e+18	1	34201		
FHC	data	1M	data19459	root://fndcadoor.fnal.gov:1095/pnfs/fnal.gov/usr/minerva/persistent/OpenData/MediumEnergy_FHC/Data/Playlist1M/MasterAnaDev_data_AnaTuple_run00019459_Playlist.root	1.0982707291145326e+18	1.1269980501783112e+18	1	32026		
FHC	data	1M	data19460	root://fndcadoor.fnal.gov:1095/pnfs/fnal.gov/usr/minerva/persistent/OpenData/MediumEnergy_FHC/Data/Playlist1M/MasterAnaDev_data_AnaTuple_run00019460_Playlist.root	1.1685769104506972e+18	1.168957621677691e+18	1	34563		
FHC	data	1M	data19461	root://fndcadoor.fnal.gov:1095/pnfs/fnal.gov/usr/minerva/persistent/OpenData/MediumEnergy_FHC/Data/Playlist1M/MasterAnaDev_data_AnaTuple_run00019461_Playlist.root	1.1577405372731686e+18	1.1689050668311432e+18	1	33865		
FHC	data	1M	data19462	root://fndcadoor.fnal.gov:1095/pnfs/fnal.gov/usr/minerva/persistent/OpenData/MediumEnergy_FHC/Data/Playlist1M/MasterAnaDev_data_AnaTuple_run00019462_Playlist.root	1.0969147826695444e+18	1.0973776522021276e+18	1	32364		
FHC	data	1M	data19463	root://fndcadoor.fnal.gov:1095/pnfs/fnal.gov/usr/minerva/persistent/OpenData/MediumEnergy_FHC/Data/Playlist1M/MasterAnaDev_data_AnaTuple_run00019463_Playlist.root	1.0509795479815005e+18	1.0523625873618748e+18	1	30837		
FHC	data	1M	data19464	root://fndcadoor.fnal.gov:1095/pnfs/fnal.gov/usr/minerva/persistent/OpenData/MediumEnergy_FHC/Data/Playlist1M/MasterAnaDev_data_AnaTuple_run00019464_Playlist.root	1.1523600593762399e+18	1.1526991241097939e+18	1	33977		
FHC	data	1M	data19465	root://fndcadoor.fnal.gov:1095/pnfs/fnal.gov/usr/minerva/persistent/OpenData/MediumEnergy_FHC/Data/Playlist1M/MasterAnaDev_data_AnaTuple_run00019465_Playlist.root	9.619454524519442e+17	9.681810386495991e+17	1	28074		
FHC	data	1M	data19466	root://fndcadoor.fnal.gov:1095/pnfs/fnal.gov/usr/minerva/persistent/OpenData/MediumEnergy_FHC/Data/Playlist1M/MasterAnaDev_data_AnaTuple_run00019466_Playlist.root	1.1241750064067841e+18	1.1308913109958993e+18	1	33035		
FHC	data	1M	data19467	root://fndcadoor.fnal.gov:1095/pnfs/fnal.gov/usr/minerva/persistent/OpenData/MediumEnergy_FHC/Data/Playlist1M/MasterAnaDev_data_AnaTuple_run00019467_Playlist.root	1.1487496314172745e+18	1.1489186828375345e+18	1	33405		
FHC	data	1M	data19468	root://fndcadoor.fnal.gov:1095/pnfs/fnal.gov/usr/minerva/persistent/OpenData/MediumEnergy_FHC/Data/Playlist1M/MasterAnaDev_data_AnaTuple_run00019468_Playlist.root	1.1602532846207616e+18	1.1604637141120883e+18	1	33732		
FHC	data	1M	data19469	root://fndcadoor.fnal.gov:1095/pnfs/fnal.gov/usr/minerva/persistent/OpenData/MediumEnergy_FHC/Data/Playlist1M/MasterAnaDev_data_AnaTuple_run00019469_Playlist.root	5.769719828929901e+17	5.83275639473618e+17	1	16963		
FHC	data	1M	data19470	root://fndcadoor.fnal.gov:1095/pnfs/fnal.gov/usr/minerva/persistent/OpenData/MediumEnergy_FHC/Data/Playlist1M/MasterAnaDev_data_AnaTuple_run00019470_Playlist.root	1.0951272102167604e+18	1.0952833663176389e+18	1	32589		
FHC	data	1M	data19471	root://fndcadoor.fnal.gov:1095/pnfs/fnal.gov/usr/minerva/persistent/OpenData/MediumEnergy_FHC/Data/Playlist1M/MasterAnaDev_data_AnaTuple_run00019471_Playlist.root	1.169881879146099e+18	1.181801722505551e+18	1	33956		
FHC	data	1M	data19472	root://fndcadoor.fnal.gov:1095/pnfs/fnal.gov/usr/minerva/persistent/OpenData/MediumEnergy_FHC/Data/Playlist1M/MasterAnaDev_data_AnaTuple_run00019472_Playlist.root	1.20732046357131e+18	1.2075770390918367e+18	1	35331		
FHC	data	1M	data19473	root://fndcadoor.fnal.gov:1095/pnfs/fnal.gov/usr/minerva/persistent/OpenData/MediumEnergy_FHC/Data/Playlist1M/MasterAnaDev_data_AnaTuple_run00019473_Playlist.root	1.156819372080803e+18	1.1739802402697e+18	1	33820		
FHC	data	1M	data19474	root://fndcadoor.fnal.gov:1095/pnfs/fnal.gov/usr/minerva/persistent/OpenData/MediumEnergy_FHC/Data/Playlist1M/MasterAnaDev_data_AnaTuple_run00019474_Playlist.root	1.0612249643987416e+18	1.0613562143603314e+18	1	31089		
FHC	data	1M	data19475	root://fndcadoor.fnal.gov:1095/pnfs/fnal.gov/usr/minerva/persistent/OpenData/MediumEnergy_FHC/Data/Playlist1M/MasterAnaDev_data_AnaTuple_run00019475_Playlist.root	1.1418789411482808e+18	1.1418817632031324e+18	1	33818		
FHC	data	1M	data19476	root://fndcadoor.fnal.gov:1095/pnfs/fnal.gov/usr/minerva/persistent/OpenData/MediumEnergy_FHC/Data/Playlist1M/MasterAnaDev_data_AnaTuple_run00019476_Playlist.root	1.0482413147859574e+18	1.0625320243895153e+18	1	31122		
FHC	data	1M	data19477	root://fndcadoor.fnal.gov:1095/pnfs/fnal.gov/usr/minerva/persistent/OpenData/MediumEnergy_FHC/Data/Playlist1M/MasterAnaDev_data_AnaTuple_run00019477_Playlist.root	1.06213461901474e+18	1.0624360082084379e+18	1	31071		
FHC	data	1M	data19478	root://fndcadoor.fnal.gov:1095/pnfs/fnal.gov/usr/minerva/persistent/OpenData/MediumEnergy_FHC/Data/Playlist1M/MasterAnaDev_data_AnaTuple_run00019478_Playlist.root	1.1261416600341795e+18	1.1321153630183146e+18	1	33004		
FHC	data	1M	data19479	root://fndcadoor.fnal.gov:1095/pnfs/fnal.gov/usr/minerva/persistent/OpenData/MediumEnergy_FHC/Data/Playlist1M/MasterAnaDev_data_AnaTuple_run00019479_Playlist.root	9.896606203203203e+17	9.896620887324352e+17	1	29245		
FHC	data	1M	data19480	root://fndcadoor.fnal.gov:1095/pnfs/fnal.gov/usr/minerva/persistent/OpenData/MediumEnergy_FHC/Data/Playlist1M/MasterAnaDev_data_AnaTuple_run00019480_Playlist.root	1.1369764416151048e+18	1.1437665168961144e+18	1	33276		
FHC	data	1M	data19481	root://fndcadoor.fnal.gov:1095/pnfs/fnal.gov/usr/minerva/persistent/OpenData/MediumEnergy_FHC/Data/Playlist1M/MasterAnaDev_data_AnaTuple_run00019481_Playlist.root	8.890068564543725e+17	9.535598542575996e+17	1	26147		
FHC	data	1M	data19482	root://fndcadoor.fnal.gov:1095/pnfs/fnal.gov/usr/minerva/persistent/OpenData/MediumEnergy_FHC/Data/Playlist1M/MasterAnaDev_data_AnaTuple_run00019482_Playlist.root	3.100619250586033e+17	3.101896382780959e+17	1	8983		
FHC	data	1M	data19483	root://fndcadoor.fnal.gov:1095/pnfs/fnal.gov/usr/minerva/persistent/OpenData/MediumEnergy_FHC/Data/Playlist1M/MasterAnaDev_data_AnaTuple_run00019483_Playlist.root	3.531336384544373e+17	6.801542429497592e+17	1	10291		
FHC	data	1N	data20328	root://fndcadoor.fnal.gov:1095/pnfs/fnal.gov/usr/minerva/persistent/OpenData/MediumEnergy_FHC/Data/Playlist1N/MasterAnaDev_data_AnaTuple_run00020328_Playlist.root	6.975047743661403e+17	7.039859141442477e+17	1	22402		
FHC	data	1N	data20329	root://fndcadoor.fnal.gov:1095/pnfs/fnal.gov/usr/minerva/persistent/OpenData/MediumEnergy_FHC/Data/Playlist1N/MasterAnaDev_data_AnaTuple_run00020329_Playlist.root	2.2966439067840576e+17	2.2966062302240698e+17	1	7359		
FHC	data	1N	data20330	root://fndcadoor.fnal.gov:1095/pnfs/fnal.gov/usr/minerva/persistent/OpenData/MediumEnergy_FHC/Data/Playlist1N/MasterAnaDev_data_AnaTuple_run00020330_Playlist.root	1.5460160306930542e+16	1.5460160306930542e+16	1	442		
FHC	data	1N	data20331	root://fndcadoor.fnal.gov:1095/pnfs/fnal.gov/usr/minerva/persistent/OpenData/MediumEnergy_FHC/Data/Playlist1N/MasterAnaDev_data_AnaTuple_run00020331_Playlist.root	9489938814163208.0	9489740055663162.0	1	322		
FHC	data	1N	data20332	root://fndcadoor.fnal.gov:1095/pnfs/fnal.gov/usr/minerva/persistent/OpenData/MediumEnergy_FHC/Data/Playlist1N/MasterAnaDev_data_AnaTuple_run00020332_Playlist.root	1548448699951172.0	1548448699951172.0	1	52		
FHC	data	1N	data20334	root://fndcadoor.fnal.gov:1095/pnfs/fnal.gov/usr/minerva/persistent/OpenData/MediumEnergy_FHC/Data/Playlist1N/MasterAnaDev_data_AnaTuple_run00020334_Playlist.root	7.714538804531098e+17	7.716522452751418e+17	1	24256		
FHC	data	1N	data20335	root://fndcadoor.fnal.gov:1095/pnfs/fnal.gov/usr/minerva/persistent/OpenData/MediumEnergy_FHC/Data/Playlist1N/MasterAnaDev_data_AnaTuple_run00020335_Playlist.root	9.685493999862672e+16	9.685420464177454e+16	1	3093		
FHC	data	1N	data20350	root://fndcadoor.fnal.gov:1095/pnfs/fnal.gov/usr/minerva/persistent/OpenData/MediumEnergy_FHC/Data/Playlist1N/MasterAnaDev_data_AnaTuple_run00020350_Playlist.root	5603443698883057.0	5603443698883057.0	1	189		
FHC	data	1N	data20351	root://fndcadoor.fnal.gov:1095/pnfs/fnal.gov/usr/minerva/persistent/OpenData/MediumEnergy_FHC/Data/Playlist1N/MasterAnaDev_data_AnaTuple_run00020351_Playlist.root	6.63813425696373e+17	6.640396163195551e+17	1	21239		
FHC	data	1N	data20352	root://fndcadoor.fnal.gov:1095/pnfs/fnal.gov/usr/minerva/persistent/OpenData/MediumEnergy_FHC/Data/Playlist1N/MasterAnaDev_data_AnaTuple_run00020352_Playlist.root	6.018868472290038e+17	6.159233780435994e+17	1	19427		
FHC	data	1N	data20353	root://fndcadoor.fnal.gov:1095/pnfs/fnal.gov/usr/minerva/persistent/OpenData/MediumEnergy_FHC/Data/Playlist1N/MasterAnaDev_data_AnaTuple_run00020353_Playlist.root	7.904278443799021e+17	7.906819935111132e+17	1	25196		
FHC	data	1N	data20354	root://fndcadoor.fnal.gov:1095/pnfs/fnal.gov/usr/minerva/persistent/OpenData/MediumEnergy_FHC/Data/Playlist1N/MasterAnaDev_data_AnaTuple_run00020354_Playlist.root	5.881410724301336e+17	7.311029469836937e+17	1	18603		
FHC	data	1N	data20364	root://fndcadoor.fnal.gov:1095/pnfs/fnal.gov/usr/minerva/persistent/OpenData/MediumEnergy_FHC/Data/Playlist1N/MasterAnaDev_data_AnaTuple_run00020364_Playlist.root	8.29318825378418e+16	7.843383399168512e+17	1	2640		
FHC	data	1N	data20365	root://fndcadoor.fnal.gov:1095/pnfs/fnal.gov/usr/minerva/persistent/OpenData/MediumEnergy_FHC/Data/Playlist1N/MasterAnaDev_data_AnaTuple_run00020365_Playlist.root	7.737101949214936e+17	7.739307695329409e+17	1	24427		
FHC	data	1N	data20366	root://fndcadoor.fnal.gov:1095/pnfs/fnal.gov/usr/minerva/persistent/OpenData/MediumEnergy_FHC/Data/Playlist1N/MasterAnaDev_data_AnaTuple_run00020366_Playlist.root	7.582747787227629e+17	7.614681026250813e+17	1	23901		
FHC	data	1N	data20367	root://fndcadoor.fnal.gov:1095/pnfs/fnal.gov/usr/minerva/persistent/OpenData/MediumEnergy_FHC/Data/Playlist1N/MasterAnaDev_data_AnaTuple_run00020367_Playlist.root	7.881041662368773e+17	7.883604595997842e+17	1	24778		
FHC	data	1N	data20368	root://fndcadoor.fnal.gov:1095/pnfs/fnal.gov/usr/minerva/persistent/OpenData/MediumEnergy_FHC/Data/Playlist1N/MasterAnaDev_data_AnaTuple_run00020368_Playlist.root	2.1912227174758912e+17	2.1923565842416266e+17	1	6882		
FHC	data	1N	data20370	root://fndcadoor.fnal.gov:1095/pnfs/fnal.gov/usr/minerva/persistent/OpenData/MediumEnergy_FHC/Data/Playlist1N/MasterAnaDev_data_AnaTuple_run00020370_Playlist.root	5.230315724186898e+17	5.269413264653735e+17	1	16667		
FHC	data	1N	data20371	root://fndcadoor.fnal.gov:1095/pnfs/fnal.gov/usr/minerva/persistent/OpenData/MediumEnergy_FHC/Data/Playlist1N/MasterAnaDev_data_AnaTuple_run00020371_Playlist.root	4.608611399216652e+17	4.6097524974198266e+17	1	14736		
FHC	data	1N	data20381	root://fndcadoor.fnal.gov:1095/pnfs/fnal.gov/usr/minerva/persistent/OpenData/MediumEnergy_FHC/Data/Playlist1N/MasterAnaDev_data_AnaTuple_run00020381_Playlist.root	5.669713901991843e+17	5.708930441104561e+17	1	17844		
FHC	data	1N	data20382	root://fndcadoor.fnal.gov:1095/pnfs/fnal.gov/usr/minerva/persistent/OpenData/MediumEnergy_FHC/Data/Playlist1N/MasterAnaDev_data_AnaTuple_run00020382_Playlist.root	6.703744074395895e+17	6.746338901010986e+17	1	21212		
FHC	data	1N	data20383	root://fndcadoor.fnal.gov:1095/pnfs/fnal.gov/usr/minerva/persistent/OpenData/MediumEnergy_FHC/Data/Playlist1N/MasterAnaDev_data_AnaTuple_run00020383_Playlist.root	6.929767548627854e+17	6.931030053052438e+17	1	22165		
FHC	data	1N	data20384	root://fndcadoor.fnal.gov:1095/pnfs/fnal.gov/usr/minerva/persistent/OpenData/MediumEnergy_FHC/Data/Playlist1N/MasterAnaDev_data_AnaTuple_run00020384_Playlist.root	7.129943918399812e+17	7.132478047513791e+17	1	22795		
FHC	data	1N	data20385	root://fndcadoor.fnal.gov:1095/pnfs/fnal.gov/usr/minerva/persistent/OpenData/MediumEnergy_FHC/Data/Playlist1N/MasterAnaDev_data_AnaTuple_run00020385_Playlist.root	7.100709542732237e+17	7.145876929958715e+17	1	22460		
FHC	data	1N	data20386	root://fndcadoor.fnal.gov:1095/pnfs/fnal.gov/usr/minerva/persistent/OpenData/MediumEnergy_FHC/Data/Playlist1N/MasterAnaDev_data_AnaTuple_run00020386_Playlist.root	6.768152100067139e+17	6.770701080676765e+17	1	21624		
FHC	data	1N	data20387	root://fndcadoor.fnal.gov:1095/pnfs/fnal.gov/usr/minerva/persistent/OpenData/MediumEnergy_FHC/Data/Playlist1N/MasterAnaDev_data_AnaTuple_run00020387_Playlist.root	6.764538180179598e+17	6.765546970133777e+17	1	21708		
FHC	data	1N	data20388	root://fndcadoor.fnal.gov:1095/pnfs/fnal.gov/usr/minerva/persistent/OpenData/MediumEnergy_FHC/Data/Playlist1N/MasterAnaDev_data_AnaTuple_run00020388_Playlist.root	6.810107590889932e+17	6.81260384142862e+17	1	21756		
FHC	data	1N	data20389	root://fndcadoor.fnal.gov:1095/pnfs/fnal.gov/usr/minerva/persistent/OpenData/MediumEnergy_FHC/Data/Playlist1N/MasterAnaDev_data_AnaTuple_run00020389_Playlist.root	6.742177978429795e+17	6.78374814279164e+17	1	21453		
FHC	data	1N	data20390	root://fndcadoor.fnal.gov:1095/pnfs/fnal.gov/usr/minerva/persistent/OpenData/MediumEnergy_FHC/Data/Playlist1N/MasterAnaDev_data_AnaTuple_run00020390_Playlist.root	7.505214000625609e+17	7.507868666232906e+17	1	23813		
FHC	data	1N	data20391	root://fndcadoor.fnal.gov:1095/pnfs/fnal.gov/usr/minerva/persistent/OpenData/MediumEnergy_FHC/Data/Playlist1N/MasterAnaDev_data_AnaTuple_run00020391_Playlist.root	7.410818161103726e+17	7.459016421757806e+17	1	23573		
FHC	data	1N	data20392	root://fndcadoor.fnal.gov:1095/pnfs/fnal.gov/usr/minerva/persistent/OpenData/MediumEnergy_FHC/Data/Playlist1N/MasterAnaDev_data_AnaTuple_run00020392_Playlist.root	7.467658104858399e+17	7.468996613530941e+17	1	23836		
FHC	data	1N	data20393	root://fndcadoor.fnal.gov:1095/pnfs/fnal.gov/usr/minerva/persistent/OpenData/MediumEnergy_FHC/Data/Playlist1N/MasterAnaDev_data_AnaTuple_run00020393_Playlist.root	7.236614685001375e+17	7.278172893930276e+17	1	22936		
FHC	data	1N	data20394	root://fndcadoor.fnal.gov:1095/pnfs/fnal.gov/usr/minerva/persistent/OpenData/MediumEnergy_FHC/Data/Playlist1N/MasterAnaDev_data_AnaTuple_run00020394_Playlist.root	7.354254581737518e+17	7.35639567471467e+17	1	23429		
FHC	data	1N	data20395	root://fndcadoor.fnal.gov:1095/pnfs/fnal.gov/usr/minerva/persistent/OpenData/MediumEnergy_FHC/Data/Playlist1N/MasterAnaDev_data_AnaTuple_run00020395_Playlist.root	7.320811779594422e+17	7.571945732088549e+17	1	23236		
FHC	data	1N	data20396	root://fndcadoor.fnal.gov:1095/pnfs/fnal.gov/usr/minerva/persistent/OpenData/MediumEnergy_FHC/Data/Playlist1N/MasterAnaDev_data_AnaTuple_run00020396_Playlist.root	7.526699286332132e+17	7.529390229416269e+17	1	23958		
FHC	data	1N	data20397	root://fndcadoor.fnal.gov:1095/pnfs/fnal.gov/usr/minerva/persistent/OpenData/MediumEnergy_FHC/Data/Playlist1N/MasterAnaDev_data_AnaTuple_run00020397_Playlist.root	6.97792879526615e+17	7.026003300307826e+17	1	22114		
FHC	data	1N	data20398	root://fndcadoor.fnal.gov:1095/pnfs/fnal.gov/usr/minerva/persistent/OpenData/MediumEnergy_FHC/Data/Playlist1N/MasterAnaDev_data_AnaTuple_run00020398_Playlist.root	7.222508232498168e+17	7.736423224336396e+17	1	22998		
FHC	data	1N	data20399	root://fndcadoor.fnal.gov:1095/pnfs/fnal.gov/usr/minerva/persistent/OpenData/MediumEnergy_FHC/Data/Playlist1N/MasterAnaDev_data_AnaTuple_run00020399_Playlist.root	7.744855628728867e+17	7.746814953334968e+17	1	24052		
FHC	data	1N	data20400	root://fndcadoor.fnal.gov:1095/pnfs/fnal.gov/usr/minerva/persistent/OpenData/MediumEnergy_FHC/Data/Playlist1N/MasterAnaDev_data_AnaTuple_run00020400_Playlist.root	7.266483019661903e+17	7.314227928905633e+17	1	22806		
FHC	data	1N	data20401	root://fndcadoor.fnal.gov:1095/pnfs/fnal.gov/usr/minerva/persistent/OpenData/MediumEnergy_FHC/Data/Playlist1N/MasterAnaDev_data_AnaTuple_run00020401_Playlist.root	1.2415111618804931e+17	1.2420421215499134e+17	1	3873		
FHC	data	1N	data20404	root://fndcadoor.fnal.gov:1095/pnfs/fnal.gov/usr/minerva/persistent/OpenData/MediumEnergy_FHC/Data/Playlist1N/MasterAnaDev_data_AnaTuple_run00020404_Playlist.root	5.21462504708767e+17	5.84424021372228e+17	1	16460		
FHC	data	1N	data20405	root://fndcadoor.fnal.gov:1095/pnfs/fnal.gov/usr/minerva/persistent/OpenData/MediumEnergy_FHC/Data/Playlist1N/MasterAnaDev_data_AnaTuple_run00020405_Playlist.root	6.85469091509819e+17	6.85609099871839e+17	1	21503		
FHC	data	1N	data20407	root://fndcadoor.fnal.gov:1095/pnfs/fnal.gov/usr/minerva/persistent/OpenData/MediumEnergy_FHC/Data/Playlist1N/MasterAnaDev_data_AnaTuple_run00020407_Playlist.root	8.087324954671858e+17	8.13584525382093e+17	1	25605		
FHC	data	1N	data20408	root://fndcadoor.fnal.gov:1095/pnfs/fnal.gov/usr/minerva/persistent/OpenData/MediumEnergy_FHC/Data/Playlist1N/MasterAnaDev_data_AnaTuple_run00020408_Playlist.root	8.058282471675876e+17	8.061822964910028e+17	1	25810		
FHC	data	1N	data20409	root://fndcadoor.fnal.gov:1095/pnfs/fnal.gov/usr/minerva/persistent/OpenData/MediumEnergy_FHC/Data/Playlist1N/MasterAnaDev_data_AnaTuple_run00020409_Playlist.root	1.522326962490082e+17	8.277362176526979e+17	1	4807		
FHC	data	1N	data20410	root://fndcadoor.fnal.gov:1095/pnfs/fnal.gov/usr/minerva/persistent/OpenData/MediumEnergy_FHC/Data/Playlist1N/MasterAnaDev_data_AnaTuple_run00020410_Playlist.root	0.0	5293382799148560.0	1	0		
FHC	data	1N	data20411	root://fndcadoor.fnal.gov:1095/pnfs/fnal.gov/usr/minerva/persistent/OpenData/MediumEnergy_FHC/Data/Playlist1N/MasterAnaDev_data_AnaTuple_run00020411_Playlist.root	0.0	8.093250033997167e+17	1	0		
FHC	data	1N	data20412	root://fndcadoor.fnal.gov:1095/pnfs/fnal.gov/usr/minerva/persistent/OpenData/MediumEnergy_FHC/Data/Playlist1N/MasterAnaDev_data_AnaTuple_run00020412_Playlist.root	0.0	8.319786463099237e+17	1	0		
FHC	data	1N	data20413	root://fndcadoor.fnal.gov:1095/pnfs/fnal.gov/usr/minerva/persistent/OpenData/MediumEnergy_FHC/Data/Playlist1N/MasterAnaDev_data_AnaTuple_run00020413_Playlist.root	7.394158472409247e+17	8.195734907833142e+17	1	23105		
FHC	data	1N	data20414	root://fndcadoor.fnal.gov:1095/pnfs/fnal.gov/usr/minerva/persistent/OpenData/MediumEnergy_FHC/Data/Playlist1N/MasterAnaDev_data_AnaTuple_run00020414_Playlist.root	2.9857603502178195e+17	2.985735496533295e+17	1	9247		
FHC	data	1N	data20441	root://fndcadoor.fnal.gov:1095/pnfs/fnal.gov/usr/minerva/persistent/OpenData/MediumEnergy_FHC/Data/Playlist1N/MasterAnaDev_data_AnaTuple_run00020441_Playlist.root	2.0056011408042912e+17	4.778653095929463e+17	1	6326		
FHC	data	1N	data20442	root://fndcadoor.fnal.gov:1095/pnfs/fnal.gov/usr/minerva/persistent/OpenData/MediumEnergy_FHC/Data/Playlist1N/MasterAnaDev_data_AnaTuple_run00020442_Playlist.root	7.872541047801971e+17	7.919398289181567e+17	1	24873		
FHC	data	1N	data20443	root://fndcadoor.fnal.gov:1095/pnfs/fnal.gov/usr/minerva/persistent/OpenData/MediumEnergy_FHC/Data/Playlist1N/MasterAnaDev_data_AnaTuple_run00020443_Playlist.root	5.804235691680909e+17	5.805295832270555e+17	1	18475		
FHC	data	1N	data20444	root://fndcadoor.fnal.gov:1095/pnfs/fnal.gov/usr/minerva/persistent/OpenData/MediumEnergy_FHC/Data/Playlist1N/MasterAnaDev_data_AnaTuple_run00020444_Playlist.root	7.449629076695443e+17	7.498011274287625e+17	1	23482		
FHC	data	1N	data20445	root://fndcadoor.fnal.gov:1095/pnfs/fnal.gov/usr/minerva/persistent/OpenData/MediumEnergy_FHC/Data/Playlist1N/MasterAnaDev_data_AnaTuple_run00020445_Playlist.root	7.373536029491424e+17	7.374859128663278e+17	1	23392		
FHC	data	1N	data20446	root://fndcadoor.fnal.gov:1095/pnfs/fnal.gov/usr/minerva/persistent/OpenData/MediumEnergy_FHC/Data/Playlist1N/MasterAnaDev_data_AnaTuple_run00020446_Playlist.root	7.175124673776625e+17	7.177477866672685e+17	1	22775		
FHC	data	1N	data20447	root://fndcadoor.fnal.gov:1095/pnfs/fnal.gov/usr/minerva/persistent/OpenData/MediumEnergy_FHC/Data/Playlist1N/MasterAnaDev_data_AnaTuple_run00020447_Playlist.root	7.545763020200728e+17	7.593056253054825e+17	1	23907		
FHC	data	1N	data20448	root://fndcadoor.fnal.gov:1095/pnfs/fnal.gov/usr/minerva/persistent/OpenData/MediumEnergy_FHC/Data/Playlist1N/MasterAnaDev_data_AnaTuple_run00020448_Playlist.root	7.260489268951415e+17	7.262939399050295e+17	1	22701		
FHC	data	1N	data20449	root://fndcadoor.fnal.gov:1095/pnfs/fnal.gov/usr/minerva/persistent/OpenData/MediumEnergy_FHC/Data/Playlist1N/MasterAnaDev_data_AnaTuple_run00020449_Playlist.root	8.043483531169892e+17	8.096399290677084e+17	1	25521		
FHC	data	1N	data20450	root://fndcadoor.fnal.gov:1095/pnfs/fnal.gov/usr/minerva/persistent/OpenData/MediumEnergy_FHC/Data/Playlist1N/MasterAnaDev_data_AnaTuple_run00020450_Playlist.root	7.541435309267043e+17	7.54250853312554e+17	1	23717		
FHC	data	1N	data20451	root://fndcadoor.fnal.gov:1095/pnfs/fnal.gov/usr/minerva/persistent/OpenData/MediumEnergy_FHC/Data/Playlist1N/MasterAnaDev_data_AnaTuple_run00020451_Playlist.root	8.044347401766776e+17	8.09676017030364e+17	1	25386		
FHC	data	1N	data20452	root://fndcadoor.fnal.gov:1095/pnfs/fnal.gov/usr/minerva/persistent/OpenData/MediumEnergy_FHC/Data/Playlist1N/MasterAnaDev_data_AnaTuple_run00020452_Playlist.root	7.854905658779144e+17	7.858576869521341e+17	1	24549		
FHC	data	1N	data20453	root://fndcadoor.fnal.gov:1095/pnfs/fnal.gov/usr/minerva/persistent/OpenData/MediumEnergy_FHC/Data/Playlist1N/MasterAnaDev_data_AnaTuple_run00020453_Playlist.root	8.145051580610277e+17	8.207951126278436e+17	1	25328		
FHC	data	1N	data20454	root://fndcadoor.fnal.gov:1095/pnfs/fnal.gov/usr/minerva/persistent/OpenData/MediumEnergy_FHC/Data/Playlist1N/MasterAnaDev_data_AnaTuple_run00020454_Playlist.root	8.749335607042316e+17	8.753641470961458e+17	1	27177		
FHC	data	1N	data20455	root://fndcadoor.fnal.gov:1095/pnfs/fnal.gov/usr/minerva/persistent/OpenData/MediumEnergy_FHC/Data/Playlist1N/MasterAnaDev_data_AnaTuple_run00020455_Playlist.root	6.747417550489902e+17	6.748685059653162e+17	1	21052		
FHC	data	1N	data20457	root://fndcadoor.fnal.gov:1095/pnfs/fnal.gov/usr/minerva/persistent/OpenData/MediumEnergy_FHC/Data/Playlist1N/MasterAnaDev_data_AnaTuple_run00020457_Playlist.root	1.5696118362808227e+17	1.5696106544604384e+17	1	4973		
FHC	data	1N	data20458	root://fndcadoor.fnal.gov:1095/pnfs/fnal.gov/usr/minerva/persistent/OpenData/MediumEnergy_FHC/Data/Playlist1N/MasterAnaDev_data_AnaTuple_run00020458_Playlist.root	2.989701108455658e+16	2.9896935687144056e+16	1	998		
FHC	data	1N	data20459	root://fndcadoor.fnal.gov:1095/pnfs/fnal.gov/usr/minerva/persistent/OpenData/MediumEnergy_FHC/Data/Playlist1N/MasterAnaDev_data_AnaTuple_run00020459_Playlist.root	9.010273597226141e+17	9.013601583575584e+17	1	27613		
FHC	data	1N	data20460	root://fndcadoor.fnal.gov:1095/pnfs/fnal.gov/usr/minerva/persistent/OpenData/MediumEnergy_FHC/Data/Playlist1N/MasterAnaDev_data_AnaTuple_run00020460_Playlist.root	9.084511450195313e+17	9.143861250001628e+17	1	28579		
FHC	data	1N	data20461	root://fndcadoor.fnal.gov:1095/pnfs/fnal.gov/usr/minerva/persistent/OpenData/MediumEnergy_FHC/Data/Playlist1N/MasterAnaDev_data_AnaTuple_run00020461_Playlist.root	8.521851995668412e+17	8.52350129571811e+17	1	26680		
FHC	data	1N	data20462	root://fndcadoor.fnal.gov:1095/pnfs/fnal.gov/usr/minerva/persistent/OpenData/MediumEnergy_FHC/Data/Playlist1N/MasterAnaDev_data_AnaTuple_run00020462_Playlist.root	9.130309657721519e+17	9.132046549851368e+17	1	28376		
FHC	data	1N	data20463	root://fndcadoor.fnal.gov:1095/pnfs/fnal.gov/usr/minerva/persistent/OpenData/MediumEnergy_FHC/Data/Playlist1N/MasterAnaDev_data_AnaTuple_run00020463_Playlist.root	5.861243814463616e+17	9.813276891325283e+17	1	18166		
FHC	data	1N	data20464	root://fndcadoor.fnal.gov:1095/pnfs/fnal.gov/usr/minerva/persistent/OpenData/MediumEnergy_FHC/Data/Playlist1N/MasterAnaDev_data_AnaTuple_run00020464_Playlist.root	9.5426013209033e+17	9.544329595959201e+17	1	29639		
FHC	data	1N	data20465	root://fndcadoor.fnal.gov:1095/pnfs/fnal.gov/usr/minerva/persistent/OpenData/MediumEnergy_FHC/Data/Playlist1N/MasterAnaDev_data_AnaTuple_run00020465_Playlist.root	9.688306803770067e+17	9.75182458186536e+17	1	30223		
FHC	data	1N	data20466	root://fndcadoor.fnal.gov:1095/pnfs/fnal.gov/usr/minerva/persistent/OpenData/MediumEnergy_FHC/Data/Playlist1N/MasterAnaDev_data_AnaTuple_run00020466_Playlist.root	9.394776200011968e+17	9.397918761489765e+17	1	29280		
FHC	data	1N	data20467	root://fndcadoor.fnal.gov:1095/pnfs/fnal.gov/usr/minerva/persistent/OpenData/MediumEnergy_FHC/Data/Playlist1N/MasterAnaDev_data_AnaTuple_run00020467_Playlist.root	9.277382468194962e+17	9.342494330984792e+17	1	28495		
FHC	data	1N	data20468	root://fndcadoor.fnal.gov:1095/pnfs/fnal.gov/usr/minerva/persistent/OpenData/MediumEnergy_FHC/Data/Playlist1N/MasterAnaDev_data_AnaTuple_run00020468_Playlist.root	3.203410369801521e+17	9.492999436065617e+17	1	10085		
FHC	data	1N	data20469	root://fndcadoor.fnal.gov:1095/pnfs/fnal.gov/usr/minerva/persistent/OpenData/MediumEnergy_FHC/Data/Playlist1N/MasterAnaDev_data_AnaTuple_run00020469_Playlist.root	1.0834957540977e+18	1.1695804463941258e+18	1	33445		
FHC	data	1N	data20470	root://fndcadoor.fnal.gov:1095/pnfs/fnal.gov/usr/minerva/persistent/OpenData/MediumEnergy_FHC/Data/Playlist1N/MasterAnaDev_data_AnaTuple_run00020470_Playlist.root	9.65278029847145e+17	9.65454113807421e+17	1	30159		
FHC	data	1N	data20471	root://fndcadoor.fnal.gov:1095/pnfs/fnal.gov/usr/minerva/persistent/OpenData/MediumEnergy_FHC/Data/Playlist1N/MasterAnaDev_data_AnaTuple_run00020471_Playlist.root	9.811586193737984e+17	9.852340030117172e+17	1	30362		
FHC	data	1N	data20472	root://fndcadoor.fnal.gov:1095/pnfs/fnal.gov/usr/minerva/persistent/OpenData/MediumEnergy_FHC/Data/Playlist1N/MasterAnaDev_data_AnaTuple_run00020472_Playlist.root	1.0663091073431967e+18	1.0664978881248517e+18	1	32815		
FHC	data	1N	data20473	root://fndcadoor.fnal.gov:1095/pnfs/fnal.gov/usr/minerva/persistent/OpenData/MediumEnergy_FHC/Data/Playlist1N/MasterAnaDev_data_AnaTuple_run00020473_Playlist.root	8.734536741039754e+17	8.802149302548156e+17	1	26732		
FHC	data	1N	data20474	root://fndcadoor.fnal.gov:1095/pnfs/fnal.gov/usr/minerva/persistent/OpenData/MediumEnergy_FHC/Data/Playlist1N/MasterAnaDev_data_AnaTuple_run00020474_Playlist.root	1.0158805660457609e+18	1.0161055207250435e+18	1	31111		
FHC	data	1N	data20475	root://fndcadoor.fnal.gov:1095/pnfs/fnal.gov/usr/minerva/persistent/OpenData/MediumEnergy_FHC/Data/Playlist1N/MasterAnaDev_data_AnaTuple_run00020475_Playlist.root	1.0353731402769087e+18	1.0420063349813807e+18	1	31646		
FHC	data	1N	data20476	root://fndcadoor.fnal.gov:1095/pnfs/fnal.gov/usr/minerva/persistent/OpenData/MediumEnergy_FHC/Data/Playlist1N/MasterAnaDev_data_AnaTuple_run00020476_Playlist.root	1.0439243307766913e+18	1.0442618732931744e+18	1	32028		
FHC	data	1N	data20477	root://fndcadoor.fnal.gov:1095/pnfs/fnal.gov/usr/minerva/persistent/OpenData/MediumEnergy_FHC/Data/Playlist1N/MasterAnaDev_data_AnaTuple_run00020477_Playlist.root	9.994263503999711e+17	1.0061282871180634e+18	1	30872		
FHC	data	1N	data20478	root://fndcadoor.fnal.gov:1095/pnfs/fnal.gov/usr/minerva/persistent/OpenData/MediumEnergy_FHC/Data/Playlist1N/MasterAnaDev_data_AnaTuple_run00020478_Playlist.root	8.844404602088929e+17	8.845872038557948e+17	1	27141		
FHC	data	1N	data20479	root://fndcadoor.fnal.gov:1095/pnfs/fnal.gov/usr/minerva/persistent/OpenData/MediumEnergy_FHC/Data/Playlist1N/MasterAnaDev_data_AnaTuple_run00020479_Playlist.root	9.070819400825499e+17	9.072605453489578e+17	1	27994		
FHC	data	1N	data20480	root://fndcadoor.fnal.gov:1095/pnfs/fnal.gov/usr/minerva/persistent/OpenData/MediumEnergy_FHC/Data/Playlist1N/MasterAnaDev_data_AnaTuple_run00020480_Playlist.root	9.156737661323544e+17	9.216389408295928e+17	1	28572		
FHC	data	1N	data20481	root://fndcadoor.fnal.gov:1095/pnfs/fnal.gov/usr/minerva/persistent/OpenData/MediumEnergy_FHC/Data/Playlist1N/MasterAnaDev_data_AnaTuple_run00020481_Playlist.root	2.8679215394973756e+16	2.8679215394973756e+16	1	888		
FHC	data	1N	data20482	root://fndcadoor.fnal.gov:1095/pnfs/fnal.gov/usr/minerva/persistent/OpenData/MediumEnergy_FHC/Data/Playlist1N/MasterAnaDev_data_AnaTuple_run00020482_Playlist.root	9.12044510032654e+17	9.123363781743286e+17	1	28566		
FHC	data	1N	data20483	root://fndcadoor.fnal.gov:1095/pnfs/fnal.gov/usr/minerva/persistent/OpenData/MediumEnergy_FHC/Data/Playlist1N/MasterAnaDev_data_AnaTuple_run00020483_Playlist.root	8.965425055389405e+17	9.02169343090678e+17	1	27457		
FHC	data	1N	data20484	root://fndcadoor.fnal.gov:1095/pnfs/fnal.gov/usr/minerva/persistent/OpenData/MediumEnergy_FHC/Data/Playlist1N/MasterAnaDev_data_AnaTuple_run00020484_Playlist.root	6.724594705219269e+17	6.72652854664595e+17	1	20672		
FHC	data	1N	data20485	root://fndcadoor.fnal.gov:1095/pnfs/fnal.gov/usr/minerva/persistent/OpenData/MediumEnergy_FHC/Data/Playlist1N/MasterAnaDev_data_AnaTuple_run00020485_Playlist.root	9.789135881657601e+17	9.851795871261367e+17	1	29789		
FHC	data	1N	data20486	root://fndcadoor.fnal.gov:1095/pnfs/fnal.gov/usr/minerva/persistent/OpenData/MediumEnergy_FHC/Data/Playlist1N/MasterAnaDev_data_AnaTuple_run00020486_Playlist.root	1.0489875924775598e+18	1.0493449595947907e+18	1	32057		
FHC	data	1N	data20487	root://fndcadoor.fnal.gov:1095/pnfs/fnal.gov/usr/minerva/persistent/OpenData/MediumEnergy_FHC/Data/Playlist1N/MasterAnaDev_data_AnaTuple_run00020487_Playlist.root	8.585621910524369e+17	8.587565246790043e+17	1	26446		
FHC	data	1N	data20488	root://fndcadoor.fnal.gov:1095/pnfs/fnal.gov/usr/minerva/persistent/OpenData/MediumEnergy_FHC/Data/Playlist1N/MasterAnaDev_data_AnaTuple_run00020488_Playlist.root	1.1025328786954881e+18	1.1029252700232296e+18	1	33533		
FHC	data	1N	data20489	root://fndcadoor.fnal.gov:1095/pnfs/fnal.gov/usr/minerva/persistent/OpenData/MediumEnergy_FHC/Data/Playlist1N/MasterAnaDev_data_AnaTuple_run00020489_Playlist.root	1.0631813720207217e+18	1.069031214671977e+18	1	32105		
FHC	data	1N	data20490	root://fndcadoor.fnal.gov:1095/pnfs/fnal.gov/usr/minerva/persistent/OpenData/MediumEnergy_FHC/Data/Playlist1N/MasterAnaDev_data_AnaTuple_run00020490_Playlist.root	1.1295809927198886e+18	1.1299647409391898e+18	1	34192		
FHC	data	1N	data20491	root://fndcadoor.fnal.gov:1095/pnfs/fnal.gov/usr/minerva/persistent/OpenData/MediumEnergy_FHC/Data/Playlist1N/MasterAnaDev_data_AnaTuple_run00020491_Playlist.root	1.0303470811235908e+18	1.036257228552251e+18	1	31293		
FHC	data	1N	data20492	root://fndcadoor.fnal.gov:1095/pnfs/fnal.gov/usr/minerva/persistent/OpenData/MediumEnergy_FHC/Data/Playlist1N/MasterAnaDev_data_AnaTuple_run00020492_Playlist.root	1.1392821844625475e+18	1.1395280451077184e+18	1	34598		
FHC	data	1N	data20493	root://fndcadoor.fnal.gov:1095/pnfs/fnal.gov/usr/minerva/persistent/OpenData/MediumEnergy_FHC/Data/Playlist1N/MasterAnaDev_data_AnaTuple_run00020493_Playlist.root	1.0626650533418656e+18	1.0696450533126436e+18	1	32492		
FHC	data	1N	data20494	root://fndcadoor.fnal.gov:1095/pnfs/fnal.gov/usr/minerva/persistent/OpenData/MediumEnergy_FHC/Data/Playlist1N/MasterAnaDev_data_AnaTuple_run00020494_Playlist.root	1.6142820623970032e+17	1.6186336658687702e+17	1	5149		
FHC	data	1N	data20495	root://fndcadoor.fnal.gov:1095/pnfs/fnal.gov/usr/minerva/persistent/OpenData/MediumEnergy_FHC/Data/Playlist1N/MasterAnaDev_data_AnaTuple_run00020495_Playlist.root	5.303772271404267e+17	1.1386089680728218e+18	1	16145		
FHC	data	1N	data20496	root://fndcadoor.fnal.gov:1095/pnfs/fnal.gov/usr/minerva/persistent/OpenData/MediumEnergy_FHC/Data/Playlist1N/MasterAnaDev_data_AnaTuple_run00020496_Playlist.root	1.1696100250148772e+18	1.169985217699556e+18	1	35637		
FHC	data	1N	data20497	root://fndcadoor.fnal.gov:1095/pnfs/fnal.gov/usr/minerva/persistent/OpenData/MediumEnergy_FHC/Data/Playlist1N/MasterAnaDev_data_AnaTuple_run00020497_Playlist.root	1.1071955772972106e+18	1.1144877714687357e+18	1	33764		
FHC	data	1N	data20498	root://fndcadoor.fnal.gov:1095/pnfs/fnal.gov/usr/minerva/persistent/OpenData/MediumEnergy_FHC/Data/Playlist1N/MasterAnaDev_data_AnaTuple_run00020498_Playlist.root	1.1807721742253304e+18	1.181190140643035e+18	1	35874		
FHC	data	1N	data20499	root://fndcadoor.fnal.gov:1095/pnfs/fnal.gov/usr/minerva/persistent/OpenData/MediumEnergy_FHC/Data/Playlist1N/MasterAnaDev_data_AnaTuple_run00020499_Playlist.root	1.1337087009372712e+18	1.1404833591839397e+18	1	34688		
FHC	data	1N	data20500	root://fndcadoor.fnal.gov:1095/pnfs/fnal.gov/usr/minerva/persistent/OpenData/MediumEnergy_FHC/Data/Playlist1N/MasterAnaDev_data_AnaTuple_run00020500_Playlist.root	1.0889365886111258e+18	1.0893531592433846e+18	1	33022		
FHC	data	1N	data20501	root://fndcadoor.fnal.gov:1095/pnfs/fnal.gov/usr/minerva/persistent/OpenData/MediumEnergy_FHC/Data/Playlist1N/MasterAnaDev_data_AnaTuple_run00020501_Playlist.root	1.0585266118538381e+18	1.065933510370084e+18	1	32406		
FHC	data	1N	data20502	root://fndcadoor.fnal.gov:1095/pnfs/fnal.gov/usr/minerva/persistent/OpenData/MediumEnergy_FHC/Data/Playlist1N/MasterAnaDev_data_AnaTuple_run00020502_Playlist.root	1.1528076203784943e+18	1.1532714696529964e+18	1	34807		
FHC	data	1N	data20503	root://fndcadoor.fnal.gov:1095/pnfs/fnal.gov/usr/minerva/persistent/OpenData/MediumEnergy_FHC/Data/Playlist1N/MasterAnaDev_data_AnaTuple_run00020503_Playlist.root	1.1753327712416645e+18	1.1828766387569075e+18	1	35700		
FHC	data	1N	data20504	root://fndcadoor.fnal.gov:1095/pnfs/fnal.gov/usr/minerva/persistent/OpenData/MediumEnergy_FHC/Data/Playlist1N/MasterAnaDev_data_AnaTuple_run00020504_Playlist.root	1.1466395176715852e+18	1.1470840195134095e+18	1	34679		
FHC	data	1N	data20505	root://fndcadoor.fnal.gov:1095/pnfs/fnal.gov/usr/minerva/persistent/OpenData/MediumEnergy_FHC/Data/Playlist1N/MasterAnaDev_data_AnaTuple_run00020505_Playlist.root	1.1654244977178573e+18	1.1656486969725699e+18	1	35123		
FHC	data	1N	data20506	root://fndcadoor.fnal.gov:1095/pnfs/fnal.gov/usr/minerva/persistent/OpenData/MediumEnergy_FHC/Data/Playlist1N/MasterAnaDev_data_AnaTuple_run00020506_Playlist.root	1.1733916532940867e+18	1.1811734134709335e+18	1	35455		
FHC	data	1N	data20507	root://fndcadoor.fnal.gov:1095/pnfs/fnal.gov/usr/minerva/persistent/OpenData/MediumEnergy_FHC/Data/Playlist1N/MasterAnaDev_data_AnaTuple_run00020507_Playlist.root	1.0810087403123377e+18	1.0812930448746079e+18	1	32478		
FHC	data	1N	data20508	root://fndcadoor.fnal.gov:1095/pnfs/fnal.gov/usr/minerva/persistent/OpenData/MediumEnergy_FHC/Data/Playlist1N/MasterAnaDev_data_AnaTuple_run00020508_Playlist.root	9.390350681886674e+17	1.067494297666997e+18	1	28080		
FHC	data	1N	data20509	root://fndcadoor.fnal.gov:1095/pnfs/fnal.gov/usr/minerva/persistent/OpenData/MediumEnergy_FHC/Data/Playlist1N/MasterAnaDev_data_AnaTuple_run00020509_Playlist.root	1.2287896238090993e+18	1.2291893906906757e+18	1	36793		
FHC	data	1N	data20510	root://fndcadoor.fnal.gov:1095/pnfs/fnal.gov/usr/minerva/persistent/OpenData/MediumEnergy_FHC/Data/Playlist1N/MasterAnaDev_data_AnaTuple_run00020510_Playlist.root	1.2715123676435948e+18	1.2789184945385298e+18	1	38132		
FHC	data	1N	data20511	root://fndcadoor.fnal.gov:1095/pnfs/fnal.gov/usr/minerva/persistent/OpenData/MediumEnergy_FHC/Data/Playlist1N/MasterAnaDev_data_AnaTuple_run00020511_Playlist.root	1.2230431865139008e+18	1.273896665098304e+18	1	36434		
FHC	data	1N	data20512	root://fndcadoor.fnal.gov:1095/pnfs/fnal.gov/usr/minerva/persistent/OpenData/MediumEnergy_FHC/Data/Playlist1N/MasterAnaDev_data_AnaTuple_run00020512_Playlist.root	9.736546310925484e+17	9.738861951022584e+17	1	29159		
FHC	data	1N	data20513	root://fndcadoor.fnal.gov:1095/pnfs/fnal.gov/usr/minerva/persistent/OpenData/MediumEnergy_FHC/Data/Playlist1N/MasterAnaDev_data_AnaTuple_run00020513_Playlist.root	6.173838899071215e+17	6.213489702567555e+17	1	19212		
FHC	data	1N	data20514	root://fndcadoor.fnal.gov:1095/pnfs/fnal.gov/usr/minerva/persistent/OpenData/MediumEnergy_FHC/Data/Playlist1N/MasterAnaDev_data_AnaTuple_run00020514_Playlist.root	6.10286137046814e+17	6.646909142025683e+17	1	19193		
FHC	data	1N	data20602	root://fndcadoor.fnal.gov:1095/pnfs/fnal.gov/usr/minerva/persistent/OpenData/MediumEnergy_FHC/Data/Playlist1N/MasterAnaDev_data_AnaTuple_run00020602_Playlist.root	7.610815352783204e+17	7.612898754137366e+17	1	23843		
FHC	data	1N	data20603	root://fndcadoor.fnal.gov:1095/pnfs/fnal.gov/usr/minerva/persistent/OpenData/MediumEnergy_FHC/Data/Playlist1N/MasterAnaDev_data_AnaTuple_run00020603_Playlist.root	9.999848483538628e+17	1.0138277347079991e+18	1	30681		
FHC	data	1N	data20604	root://fndcadoor.fnal.gov:1095/pnfs/fnal.gov/usr/minerva/persistent/OpenData/MediumEnergy_FHC/Data/Playlist1N/MasterAnaDev_data_AnaTuple_run00020604_Playlist.root	1.0636534029016495e+18	1.0639186865730533e+18	1	31980		
FHC	data	1N	data20605	root://fndcadoor.fnal.gov:1095/pnfs/fnal.gov/usr/minerva/persistent/OpenData/MediumEnergy_FHC/Data/Playlist1N/MasterAnaDev_data_AnaTuple_run00020605_Playlist.root	1.2189209671554563e+18	1.2259887444341768e+18	1	36812		
FHC	data	1N	data20606	root://fndcadoor.fnal.gov:1095/pnfs/fnal.gov/usr/minerva/persistent/OpenData/MediumEnergy_FHC/Data/Playlist1N/MasterAnaDev_data_AnaTuple_run00020606_Playlist.root	1.2592178400385382e+18	1.2593990616492733e+18	1	37761		
FHC	data	1N	data20607	root://fndcadoor.fnal.gov:1095/pnfs/fnal.gov/usr/minerva/persistent/OpenData/MediumEnergy_FHC/Data/Playlist1N/MasterAnaDev_data_AnaTuple_run00020607_Playlist.root	1.2291274790620805e+18	1.2362912265539763e+18	1	36505		
FHC	data	1N	data20608	root://fndcadoor.fnal.gov:1095/pnfs/fnal.gov/usr/minerva/persistent/OpenData/MediumEnergy_FHC/Data/Playlist1N/MasterAnaDev_data_AnaTuple_run00020608_Playlist.root	1.2719159275169375e+18	1.272190474355644e+18	1	38135		
FHC	data	1N	data20609	root://fndcadoor.fnal.gov:1095/pnfs/fnal.gov/usr/minerva/persistent/OpenData/MediumEnergy_FHC/Data/Playlist1N/MasterAnaDev_data_AnaTuple_run00020609_Playlist.root	1.0401333284289838e+18	1.0807674270076242e+18	1	31251		
FHC	data	1N	data20610	root://fndcadoor.fnal.gov:1095/pnfs/fnal.gov/usr/minerva/persistent/OpenData/MediumEnergy_FHC/Data/Playlist1N/MasterAnaDev_data_AnaTuple_run00020610_Playlist.root	1.1697643408503534e+18	1.16997677702493e+18	1	35231		
FHC	data	1N	data20611	root://fndcadoor.fnal.gov:1095/pnfs/fnal.gov/usr/minerva/persistent/OpenData/MediumEnergy_FHC/Data/Playlist1N/MasterAnaDev_data_AnaTuple_run00020611_Playlist.root	1.1471042686104773e+18	1.1474100419590368e+18	1	34849		
FHC	data	1N	data20612	root://fndcadoor.fnal.gov:1095/pnfs/fnal.gov/usr/minerva/persistent/OpenData/MediumEnergy_FHC/Data/Playlist1N/MasterAnaDev_data_AnaTuple_run00020612_Playlist.root	1.214500717281818e+18	1.2221491696369984e+18	1	36495		
FHC	data	1N	data20613	root://fndcadoor.fnal.gov:1095/pnfs/fnal.gov/usr/minerva/persistent/OpenData/MediumEnergy_FHC/Data/Playlist1N/MasterAnaDev_data_AnaTuple_run00020613_Playlist.root	5.46700598921299e+17	5.468726159077257e+17	1	16338		
FHC	data	1N	data20616	root://fndcadoor.fnal.gov:1095/pnfs/fnal.gov/usr/minerva/persistent/OpenData/MediumEnergy_FHC/Data/Playlist1N/MasterAnaDev_data_AnaTuple_run00020616_Playlist.root	9.39522776888609e+17	9.399170066437962e+17	1	28719		
FHC	data	1N	data20617	root://fndcadoor.fnal.gov:1095/pnfs/fnal.gov/usr/minerva/persistent/OpenData/MediumEnergy_FHC/Data/Playlist1N/MasterAnaDev_data_AnaTuple_run00020617_Playlist.root	1.138036466173172e+18	1.1452161335227743e+18	1	34419		
FHC	data	1N	data20618	root://fndcadoor.fnal.gov:1095/pnfs/fnal.gov/usr/minerva/persistent/OpenData/MediumEnergy_FHC/Data/Playlist1N/MasterAnaDev_data_AnaTuple_run00020618_Playlist.root	1.0826159912712575e+18	1.0827796475397298e+18	1	32796		
FHC	data	1O	data20619	root://fndcadoor.fnal.gov:1095/pnfs/fnal.gov/usr/minerva/persistent/OpenData/MediumEnergy_FHC/Data/Playlist1O/MasterAnaDev_data_AnaTuple_run00020619_Playlist.root	7.119885196413993e+17	7.121576318025375e+17	1	21547		
FHC	data	1O	data20620	root://fndcadoor.fnal.gov:1095/pnfs/fnal.gov/usr/minerva/persistent/OpenData/MediumEnergy_FHC/Data/Playlist1O/MasterAnaDev_data_AnaTuple_run00020620_Playlist.root	1.1337286511784794e+18	1.1339089047432419e+18	1	33983		
FHC	data	1O	data20621	root://fndcadoor.fnal.gov:1095/pnfs/fnal.gov/usr/minerva/persistent/OpenData/MediumEnergy_FHC/Data/Playlist1O/MasterAnaDev_data_AnaTuple_run00020621_Playlist.root	1.093135327065229e+18	1.0994320029676787e+18	1	32793		
FHC	data	1O	data20622	root://fndcadoor.fnal.gov:1095/pnfs/fnal.gov/usr/minerva/persistent/OpenData/MediumEnergy_FHC/Data/Playlist1O/MasterAnaDev_data_AnaTuple_run00020622_Playlist.root	1.1861080822362898e+18	1.186251481663711e+18	1	35425		
FHC	data	1O	data20623	root://fndcadoor.fnal.gov:1095/pnfs/fnal.gov/usr/minerva/persistent/OpenData/MediumEnergy_FHC/Data/Playlist1O/MasterAnaDev_data_AnaTuple_run00020623_Playlist.root	1.185621683737278e+18	1.1926137891707628e+18	1	35596		
FHC	data	1O	data20624	root://fndcadoor.fnal.gov:1095/pnfs/fnal.gov/usr/minerva/persistent/OpenData/MediumEnergy_FHC/Data/Playlist1O/MasterAnaDev_data_AnaTuple_run00020624_Playlist.root	1.1592968323528765e+18	1.1593014603511188e+18	1	34596		
FHC	data	1O	data20625	root://fndcadoor.fnal.gov:1095/pnfs/fnal.gov/usr/minerva/persistent/OpenData/MediumEnergy_FHC/Data/Playlist1O/MasterAnaDev_data_AnaTuple_run00020625_Playlist.root	1.108385711734414e+18	1.1095492058282644e+18	1	33087		
FHC	data	1O	data20626	root://fndcadoor.fnal.gov:1095/pnfs/fnal.gov/usr/minerva/persistent/OpenData/MediumEnergy_FHC/Data/Playlist1O/MasterAnaDev_data_AnaTuple_run00020626_Playlist.root	1.2777083720464701e+18	1.278133810622496e+18	1	38103		
FHC	data	1O	data20627	root://fndcadoor.fnal.gov:1095/pnfs/fnal.gov/usr/minerva/persistent/OpenData/MediumEnergy_FHC/Data/Playlist1O/MasterAnaDev_data_AnaTuple_run00020627_Playlist.root	1.2397767396736143e+18	1.2643988289807437e+18	1	36412		
FHC	data	1O	data20628	root://fndcadoor.fnal.gov:1095/pnfs/fnal.gov/usr/minerva/persistent/OpenData/MediumEnergy_FHC/Data/Playlist1O/MasterAnaDev_data_AnaTuple_run00020628_Playlist.root	1.3599602985095977e+18	1.360349941444247e+18	1	40907		
FHC	data	1O	data20629	root://fndcadoor.fnal.gov:1095/pnfs/fnal.gov/usr/minerva/persistent/OpenData/MediumEnergy_FHC/Data/Playlist1O/MasterAnaDev_data_AnaTuple_run00020629_Playlist.root	6.52265730411291e+17	6.601227015704081e+17	1	19316		
FHC	data	1O	data20630	root://fndcadoor.fnal.gov:1095/pnfs/fnal.gov/usr/minerva/persistent/OpenData/MediumEnergy_FHC/Data/Playlist1O/MasterAnaDev_data_AnaTuple_run00020630_Playlist.root	1.3693659054412836e+18	1.369565146297018e+18	1	40639		
FHC	data	1O	data20631	root://fndcadoor.fnal.gov:1095/pnfs/fnal.gov/usr/minerva/persistent/OpenData/MediumEnergy_FHC/Data/Playlist1O/MasterAnaDev_data_AnaTuple_run00020631_Playlist.root	1.3594797370921375e+18	1.365462555361621e+18	1	40538		
FHC	data	1O	data20632	root://fndcadoor.fnal.gov:1095/pnfs/fnal.gov/usr/minerva/persistent/OpenData/MediumEnergy_FHC/Data/Playlist1O/MasterAnaDev_data_AnaTuple_run00020632_Playlist.root	1.2781899794373517e+18	1.2786910671774436e+18	1	37830		
FHC	data	1O	data20633	root://fndcadoor.fnal.gov:1095/pnfs/fnal.gov/usr/minerva/persistent/OpenData/MediumEnergy_FHC/Data/Playlist1O/MasterAnaDev_data_AnaTuple_run00020633_Playlist.root	1.2448504969835282e+18	1.2747388066498486e+18	1	36869		
FHC	data	1O	data20634	root://fndcadoor.fnal.gov:1095/pnfs/fnal.gov/usr/minerva/persistent/OpenData/MediumEnergy_FHC/Data/Playlist1O/MasterAnaDev_data_AnaTuple_run00020634_Playlist.root	9.228329892206192e+16	9.915790657085144e+16	1	2730		
FHC	data	1O	data20644	root://fndcadoor.fnal.gov:1095/pnfs/fnal.gov/usr/minerva/persistent/OpenData/MediumEnergy_FHC/Data/Playlist1O/MasterAnaDev_data_AnaTuple_run00020644_Playlist.root	1.3011162184692623e+18	1.301511801833528e+18	1	38675		
FHC	data	1O	data20645	root://fndcadoor.fnal.gov:1095/pnfs/fnal.gov/usr/minerva/persistent/OpenData/MediumEnergy_FHC/Data/Playlist1O/MasterAnaDev_data_AnaTuple_run00020645_Playlist.root	1.3537951654812099e+18	1.353793836708201e+18	1	40429		
FHC	data	1O	data20646	root://fndcadoor.fnal.gov:1095/pnfs/fnal.gov/usr/minerva/persistent/OpenData/MediumEnergy_FHC/Data/Playlist1O/MasterAnaDev_data_AnaTuple_run00020646_Playlist.root	1.3738584989151954e+18	1.3742533307451192e+18	1	40942		
FHC	data	1O	data20647	root://fndcadoor.fnal.gov:1095/pnfs/fnal.gov/usr/minerva/persistent/OpenData/MediumEnergy_FHC/Data/Playlist1O/MasterAnaDev_data_AnaTuple_run00020647_Playlist.root	1.3504354615888594e+18	1.357867158017146e+18	1	40171		
FHC	data	1O	data20648	root://fndcadoor.fnal.gov:1095/pnfs/fnal.gov/usr/minerva/persistent/OpenData/MediumEnergy_FHC/Data/Playlist1O/MasterAnaDev_data_AnaTuple_run00020648_Playlist.root	1.2865596804213524e+18	1.2868553272384604e+18	1	38178		
FHC	data	1O	data20649	root://fndcadoor.fnal.gov:1095/pnfs/fnal.gov/usr/minerva/persistent/OpenData/MediumEnergy_FHC/Data/Playlist1O/MasterAnaDev_data_AnaTuple_run00020649_Playlist.root	1.2790509637298583e+18	1.2867615488105047e+18	1	38247		
FHC	data	1O	data20650	root://fndcadoor.fnal.gov:1095/pnfs/fnal.gov/usr/minerva/persistent/OpenData/MediumEnergy_FHC/Data/Playlist1O/MasterAnaDev_data_AnaTuple_run00020650_Playlist.root	1.3654461837286948e+18	1.365885243971655e+18	1	40835		
FHC	data	1O	data20651	root://fndcadoor.fnal.gov:1095/pnfs/fnal.gov/usr/minerva/persistent/OpenData/MediumEnergy_FHC/Data/Playlist1O/MasterAnaDev_data_AnaTuple_run00020651_Playlist.root	1.159354762488842e+18	1.1673502243062262e+18	1	34544		
FHC	data	1O	data20652	root://fndcadoor.fnal.gov:1095/pnfs/fnal.gov/usr/minerva/persistent/OpenData/MediumEnergy_FHC/Data/Playlist1O/MasterAnaDev_data_AnaTuple_run00020652_Playlist.root	1.3286778291773793e+18	1.3289267088393165e+18	1	39459		
FHC	data	1O	data20653	root://fndcadoor.fnal.gov:1095/pnfs/fnal.gov/usr/minerva/persistent/OpenData/MediumEnergy_FHC/Data/Playlist1O/MasterAnaDev_data_AnaTuple_run00020653_Playlist.root	5.461880443840027e+17	5.4638298242239846e+17	1	16109		
FHC	data	1P	data20800	root://fndcadoor.fnal.gov:1095/pnfs/fnal.gov/usr/minerva/persistent/OpenData/MediumEnergy_FHC/Data/Playlist1P/MasterAnaDev_data_AnaTuple_run00020800_Playlist.root	9.041151009140012e+17	9.91688968155908e+17	1	27026		
FHC	data	1P	data20801	root://fndcadoor.fnal.gov:1095/pnfs/fnal.gov/usr/minerva/persistent/OpenData/MediumEnergy_FHC/Data/Playlist1P/MasterAnaDev_data_AnaTuple_run00020801_Playlist.root	1.2227073484964367e+18	1.2230439553049147e+18	1	36320		
FHC	data	1P	data20802	root://fndcadoor.fnal.gov:1095/pnfs/fnal.gov/usr/minerva/persistent/OpenData/MediumEnergy_FHC/Data/Playlist1P/MasterAnaDev_data_AnaTuple_run00020802_Playlist.root	1.2926345990800852e+18	1.3054758202714337e+18	1	38144		
FHC	data	1P	data20803	root://fndcadoor.fnal.gov:1095/pnfs/fnal.gov/usr/minerva/persistent/OpenData/MediumEnergy_FHC/Data/Playlist1P/MasterAnaDev_data_AnaTuple_run00020803_Playlist.root	2.1004772428755756e+18	2.1065532004924298e+18	1	62944		
FHC	data	1P	data20804	root://fndcadoor.fnal.gov:1095/pnfs/fnal.gov/usr/minerva/persistent/OpenData/MediumEnergy_FHC/Data/Playlist1P/MasterAnaDev_data_AnaTuple_run00020804_Playlist.root	1.2537167803120612e+18	1.254098500687918e+18	1	37212		
FHC	data	1P	data20805	root://fndcadoor.fnal.gov:1095/pnfs/fnal.gov/usr/minerva/persistent/OpenData/MediumEnergy_FHC/Data/Playlist1P/MasterAnaDev_data_AnaTuple_run00020805_Playlist.root	1.299685236636162e+18	1.3071455302136591e+18	1	38540		
FHC	data	1P	data20806	root://fndcadoor.fnal.gov:1095/pnfs/fnal.gov/usr/minerva/persistent/OpenData/MediumEnergy_FHC/Data/Playlist1P/MasterAnaDev_data_AnaTuple_run00020806_Playlist.root	1.2069372119474417e+18	1.346914259895359e+18	1	36229		
FHC	data	1P	data20807	root://fndcadoor.fnal.gov:1095/pnfs/fnal.gov/usr/minerva/persistent/OpenData/MediumEnergy_FHC/Data/Playlist1P/MasterAnaDev_data_AnaTuple_run00020807_Playlist.root	1.316918813264847e+18	1.3462964116362212e+18	1	39454		
FHC	data	1P	data20808	root://fndcadoor.fnal.gov:1095/pnfs/fnal.gov/usr/minerva/persistent/OpenData/MediumEnergy_FHC/Data/Playlist1P/MasterAnaDev_data_AnaTuple_run00020808_Playlist.root	1.3375650555262564e+18	1.3452394632237112e+18	1	39593		
FHC	data	1P	data20809	root://fndcadoor.fnal.gov:1095/pnfs/fnal.gov/usr/minerva/persistent/OpenData/MediumEnergy_FHC/Data/Playlist1P/MasterAnaDev_data_AnaTuple_run00020809_Playlist.root	1.315998419099807e+18	1.3160932416784174e+18	1	39446		
FHC	data	1P	data20810	root://fndcadoor.fnal.gov:1095/pnfs/fnal.gov/usr/minerva/persistent/OpenData/MediumEnergy_FHC/Data/Playlist1P/MasterAnaDev_data_AnaTuple_run00020810_Playlist.root	1.3047558771934513e+18	1.312485313203388e+18	1	38730		
FHC	data	1P	data20811	root://fndcadoor.fnal.gov:1095/pnfs/fnal.gov/usr/minerva/persistent/OpenData/MediumEnergy_FHC/Data/Playlist1P/MasterAnaDev_data_AnaTuple_run00020811_Playlist.root	1.2299780511970522e+18	1.2301728103489864e+18	1	36349		
FHC	data	1P	data20812	root://fndcadoor.fnal.gov:1095/pnfs/fnal.gov/usr/minerva/persistent/OpenData/MediumEnergy_FHC/Data/Playlist1P/MasterAnaDev_data_AnaTuple_run00020812_Playlist.root	1.0544005235619546e+18	1.0621077587291843e+18	1	31324		
FHC	data	1P	data20813	root://fndcadoor.fnal.gov:1095/pnfs/fnal.gov/usr/minerva/persistent/OpenData/MediumEnergy_FHC/Data/Playlist1P/MasterAnaDev_data_AnaTuple_run00020813_Playlist.root	1.2201380349457265e+18	1.2205202304026865e+18	1	36693		
FHC	data	1P	data20814	root://fndcadoor.fnal.gov:1095/pnfs/fnal.gov/usr/minerva/persistent/OpenData/MediumEnergy_FHC/Data/Playlist1P/MasterAnaDev_data_AnaTuple_run00020814_Playlist.root	1.1593295980618e+18	1.1701278675245384e+18	1	34460		
FHC	data	1P	data20815	root://fndcadoor.fnal.gov:1095/pnfs/fnal.gov/usr/minerva/persistent/OpenData/MediumEnergy_FHC/Data/Playlist1P/MasterAnaDev_data_AnaTuple_run00020815_Playlist.root	1.3260509760274883e+18	1.3263401030569603e+18	1	39396		
FHC	data	1P	data20816	root://fndcadoor.fnal.gov:1095/pnfs/fnal.gov/usr/minerva/persistent/OpenData/MediumEnergy_FHC/Data/Playlist1P/MasterAnaDev_data_AnaTuple_run00020816_Playlist.root	1.3039538110542295e+18	1.311803688241025e+18	1	38680		
FHC	data	1P	data20817	root://fndcadoor.fnal.gov:1095/pnfs/fnal.gov/usr/minerva/persistent/OpenData/MediumEnergy_FHC/Data/Playlist1P/MasterAnaDev_data_AnaTuple_run00020817_Playlist.root	9272267490386962.0	9272267490386962.0	1	275		
FHC	data	1P	data20818	root://fndcadoor.fnal.gov:1095/pnfs/fnal.gov/usr/minerva/persistent/OpenData/MediumEnergy_FHC/Data/Playlist1P/MasterAnaDev_data_AnaTuple_run00020818_Playlist.root	2.3191243518829344e+16	2.3191243518829344e+16	1	666		
FHC	data	1P	data20819	root://fndcadoor.fnal.gov:1095/pnfs/fnal.gov/usr/minerva/persistent/OpenData/MediumEnergy_FHC/Data/Playlist1P/MasterAnaDev_data_AnaTuple_run00020819_Playlist.root	1.350725234658718e+18	1.3817159326155868e+18	1	39944		
FHC	data	1P	data20820	root://fndcadoor.fnal.gov:1095/pnfs/fnal.gov/usr/minerva/persistent/OpenData/MediumEnergy_FHC/Data/Playlist1P/MasterAnaDev_data_AnaTuple_run00020820_Playlist.root	6.333537898368836e+17	6.66891875624444e+17	1	18772		
FHC	data	1P	data20821	root://fndcadoor.fnal.gov:1095/pnfs/fnal.gov/usr/minerva/persistent/OpenData/MediumEnergy_FHC/Data/Playlist1P/MasterAnaDev_data_AnaTuple_run00020821_Playlist.root	1.3056486095743176e+18	1.372917444029978e+18	1	38825		
FHC	data	1P	data20822	root://fndcadoor.fnal.gov:1095/pnfs/fnal.gov/usr/minerva/persistent/OpenData/MediumEnergy_FHC/Data/Playlist1P/MasterAnaDev_data_AnaTuple_run00020822_Playlist.root	8.938063125615118e+17	8.962581431615935e+17	1	27217		
FHC	data	1P	data20823	root://fndcadoor.fnal.gov:1095/pnfs/fnal.gov/usr/minerva/persistent/OpenData/MediumEnergy_FHC/Data/Playlist1P/MasterAnaDev_data_AnaTuple_run00020823_Playlist.root	1.1956683934755323e+18	1.1959083114394847e+18	1	35633		
FHC	data	1P	data20824	root://fndcadoor.fnal.gov:1095/pnfs/fnal.gov/usr/minerva/persistent/OpenData/MediumEnergy_FHC/Data/Playlist1P/MasterAnaDev_data_AnaTuple_run00020824_Playlist.root	1.3100924813029763e+18	1.3103340303242588e+18	1	38861		
FHC	data	1P	data20825	root://fndcadoor.fnal.gov:1095/pnfs/fnal.gov/usr/minerva/persistent/OpenData/MediumEnergy_FHC/Data/Playlist1P/MasterAnaDev_data_AnaTuple_run00020825_Playlist.root	1.339542211175919e+18	1.3474000434715203e+18	1	39922		
FHC	data	1P	data20826	root://fndcadoor.fnal.gov:1095/pnfs/fnal.gov/usr/minerva/persistent/OpenData/MediumEnergy_FHC/Data/Playlist1P/MasterAnaDev_data_AnaTuple_run00020826_Playlist.root	1.335728116645575e+18	1.336217649931224e+18	1	39620		
FHC	data	1P	data20827	root://fndcadoor.fnal.gov:1095/pnfs/fnal.gov/usr/minerva/persistent/OpenData/MediumEnergy_FHC/Data/Playlist1P/MasterAnaDev_data_AnaTuple_run00020827_Playlist.root	1.2630780601673126e+18	1.2707260387855613e+18	1	37909		
FHC	data	1P	data20828	root://fndcadoor.fnal.gov:1095/pnfs/fnal.gov/usr/minerva/persistent/OpenData/MediumEnergy_FHC/Data/Playlist1P/MasterAnaDev_data_AnaTuple_run00020828_Playlist.root	1.3168505251610276e+18	1.317239409730814e+18	1	39239		
FHC	data	1P	data20829	root://fndcadoor.fnal.gov:1095/pnfs/fnal.gov/usr/minerva/persistent/OpenData/MediumEnergy_FHC/Data/Playlist1P/MasterAnaDev_data_AnaTuple_run00020829_Playlist.root	1.2381679808511736e+18	1.3145841476109125e+18	1	36797		
FHC	data	1P	data20830	root://fndcadoor.fnal.gov:1095/pnfs/fnal.gov/usr/minerva/persistent/OpenData/MediumEnergy_FHC/Data/Playlist1P/MasterAnaDev_data_AnaTuple_run00020830_Playlist.root	1.2116433485298153e+18	1.2117835452450621e+18	1	36478		
FHC	data	1P	data20831	root://fndcadoor.fnal.gov:1095/pnfs/fnal.gov/usr/minerva/persistent/OpenData/MediumEnergy_FHC/Data/Playlist1P/MasterAnaDev_data_AnaTuple_run00020831_Playlist.root	1.2544976936306954e+18	1.303336174429976e+18	1	37566		
FHC	data	1P	data20832	root://fndcadoor.fnal.gov:1095/pnfs/fnal.gov/usr/minerva/persistent/OpenData/MediumEnergy_FHC/Data/Playlist1P/MasterAnaDev_data_AnaTuple_run00020832_Playlist.root	1.3284311945285798e+18	1.3376118239411261e+18	1	39330		
FHC	data	1P	data20833	root://fndcadoor.fnal.gov:1095/pnfs/fnal.gov/usr/minerva/persistent/OpenData/MediumEnergy_FHC/Data/Playlist1P/MasterAnaDev_data_AnaTuple_run00020833_Playlist.root	8.082409202430249e+17	8.087385580783092e+17	1	24213		
FHC	data	1P	data20834	root://fndcadoor.fnal.gov:1095/pnfs/fnal.gov/usr/minerva/persistent/OpenData/MediumEnergy_FHC/Data/Playlist1P/MasterAnaDev_data_AnaTuple_run00020834_Playlist.root	8.107625572397709e+17	8.109965463955182e+17	1	24202		
FHC	data	1P	data20835	root://fndcadoor.fnal.gov:1095/pnfs/fnal.gov/usr/minerva/persistent/OpenData/MediumEnergy_FHC/Data/Playlist1P/MasterAnaDev_data_AnaTuple_run00020835_Playlist.root	1.313518376011848e+18	1.3138063946937175e+18	1	39205		
FHC	data	1P	data20836	root://fndcadoor.fnal.gov:1095/pnfs/fnal.gov/usr/minerva/persistent/OpenData/MediumEnergy_FHC/Data/Playlist1P/MasterAnaDev_data_AnaTuple_run00020836_Playlist.root	1.2742434460401536e+18	1.281744592114995e+18	1	38005		
FHC	data	1P	data20837	root://fndcadoor.fnal.gov:1095/pnfs/fnal.gov/usr/minerva/persistent/OpenData/MediumEnergy_FHC/Data/Playlist1P/MasterAnaDev_data_AnaTuple_run00020837_Playlist.root	1.2831288902921677e+18	1.3100958834206758e+18	1	38162		
FHC	data	1P	data20838	root://fndcadoor.fnal.gov:1095/pnfs/fnal.gov/usr/minerva/persistent/OpenData/MediumEnergy_FHC/Data/Playlist1P/MasterAnaDev_data_AnaTuple_run00020838_Playlist.root	1.180888656102061e+18	1.18861171128638e+18	1	35101		
FHC	data	1P	data20839	root://fndcadoor.fnal.gov:1095/pnfs/fnal.gov/usr/minerva/persistent/OpenData/MediumEnergy_FHC/Data/Playlist1P/MasterAnaDev_data_AnaTuple_run00020839_Playlist.root	1.2283809148874284e+18	1.2288067292593554e+18	1	36667		
FHC	mc	1A	mc110000	root://fndcadoor.fnal.gov:1095/pnfs/fnal.gov/usr/minerva/persistent/OpenData/MediumEnergy_FHC/MC/StandardMC/Playlist1A/MasterAnaDev_mc_AnaTuple_run00110000_Playlist.root	9.982552765777527e+18	9.983008335225979e+18	1	186434	544343	
FHC	mc	1A	mc110001	root://fndcadoor.fnal.gov:1095/pnfs/fnal.gov/usr/minerva/persistent/OpenData/MediumEnergy_FHC/MC/StandardMC/Playlist1A/MasterAnaDev_mc_AnaTuple_run00110001_Playlist.root	9.97796365851757e+18	9.982077566380755e+18	1	186570	544528	
FHC	mc	1A	mc110002	root://fndcadoor.fnal.gov:1095/pnfs/fnal.gov/usr/minerva/persistent/OpenData/MediumEnergy_FHC/MC/StandardMC/Playlist1A/MasterAnaDev_mc_AnaTuple_run00110002_Playlist.root	9.988671315895759e+18	9.988982124231588e+18	1	186444	544362	
FHC	mc	1A	mc110003	root://fndcadoor.fnal.gov:1095/pnfs/fnal.gov/usr/minerva/persistent/OpenData/MediumEnergy_FHC/MC/StandardMC/Playlist1A/MasterAnaDev_mc_AnaTuple_run00110003_Playlist.root	9.98870423438728e+18	9.98908791999262e+18	1	186670	544550	
FHC	mc	1A	mc110004	root://fndcadoor.fnal.gov:1095/pnfs/fnal.gov/usr/minerva/persistent/OpenData/MediumEnergy_FHC/MC/StandardMC/Playlist1A/MasterAnaDev_mc_AnaTuple_run00110004_Playlist.root	9.9583309184292e+18	9.95867773081933e+18	1	185693	542080	
FHC	mc	1A	mc110005	root://fndcadoor.fnal.gov:1095/pnfs/fnal.gov/usr/minerva/persistent/OpenData/MediumEnergy_FHC/MC/StandardMC/Playlist1A/MasterAnaDev_mc_AnaTuple_run00110005_Playlist.root	9.957831392522697e+18	9.95828029428134e+18	1	187311	545052	
FHC	mc	1A	mc110006	root://fndcadoor.fnal.gov:1095/pnfs/fnal.gov/usr/minerva/persistent/OpenData/MediumEnergy_FHC/MC/StandardMC/Playlist1A/MasterAnaDev_mc_AnaTuple_run00110006_Playlist.root	9.960169869857376e+18	9.960742543322003e+18	1	185987	543501	
FHC	mc	1A	mc110007	root://fndcadoor.fnal.gov:1095/pnfs/fnal.gov/usr/minerva/persistent/OpenData/MediumEnergy_FHC/MC/StandardMC/Playlist1A/MasterAnaDev_mc_AnaTuple_run00110007_Playlist.root	9.957373037258957e+18	9.957869523900916e+18	1	185618	542394	
FHC	mc	1A	mc110008	root://fndcadoor.fnal.gov:1095/pnfs/fnal.gov/usr/minerva/persistent/OpenData/MediumEnergy_FHC/MC/StandardMC/Playlist1A/MasterAnaDev_mc_AnaTuple_run00110008_Playlist.root	1.0008746390764255e+19	1.0009437924775168e+19	1	187993	546440	
FHC	mc	1A	mc110009	root://fndcadoor.fnal.gov:1095/pnfs/fnal.gov/usr/minerva/persistent/OpenData/MediumEnergy_FHC/MC/StandardMC/Playlist1A/MasterAnaDev_mc_AnaTuple_run00110009_Playlist.root	9.988957597567875e+18	9.98943103066035e+18	1	186214	544113	
FHC	mc	1A	mc110010	root://fndcadoor.fnal.gov:1095/pnfs/fnal.gov/usr/minerva/persistent/OpenData/MediumEnergy_FHC/MC/StandardMC/Playlist1A/MasterAnaDev_mc_AnaTuple_run00110010_Playlist.root	9.968748717085424e+18	9.969242757380182e+18	1	185670	543142	
FHC	mc	1A	mc110011	root://fndcadoor.fnal.gov:1095/pnfs/fnal.gov/usr/minerva/persistent/OpenData/MediumEnergy_FHC/MC/StandardMC/Playlist1A/MasterAnaDev_mc_AnaTuple_run00110011_Playlist.root	9.977318788641262e+18	9.977834522244876e+18	1	186234	543810	
FHC	mc	1A	mc110012	root://fndcadoor.fnal.gov:1095/pnfs/fnal.gov/usr/minerva/persistent/OpenData/MediumEnergy_FHC/MC/StandardMC/Playlist1A/MasterAnaDev_mc_AnaTuple_run00110012_Playlist.root	9.970499640695724e+18	9.970884285111917e+18	1	186365	543901	
FHC	mc	1A	mc110013	root://fndcadoor.fnal.gov:1095/pnfs/fnal.gov/usr/minerva/persistent/OpenData/MediumEnergy_FHC/MC/StandardMC/Playlist1A/MasterAnaDev_mc_AnaTuple_run00110013_Playlist.root	9.98941228882239e+18	9.98996405832844e+18	1	186926	545603	
FHC	mc	1A	mc110014	root://fndcadoor.fnal.gov:1095/pnfs/fnal.gov/usr/minerva/persistent/OpenData/MediumEnergy_FHC/MC/StandardMC/Playlist1A/MasterAnaDev_mc_AnaTuple_run00110014_Playlist.root	9.975951333015108e+18	9.97624744563223e+18	1	186096	544250	
FHC	mc	1A	mc110015	root://fndcadoor.fnal.gov:1095/pnfs/fnal.gov/usr/minerva/persistent/OpenData/MediumEnergy_FHC/MC/StandardMC/Playlist1A/MasterAnaDev_mc_AnaTuple_run00110015_Playlist.root	1.0008731863718093e+19	1.0009299001591386e+19	1	187523	546291	
FHC	mc	1A	mc110016	root://fndcadoor.fnal.gov:1095/pnfs/fnal.gov/usr/minerva/persistent/OpenData/MediumEnergy_FHC/MC/StandardMC/Playlist1A/MasterAnaDev_mc_AnaTuple_run00110016_Playlist.root	9.987947738734141e+18	9.98879992674409e+18	1	187322	545136	
FHC	mc	1A	mc110017	root://fndcadoor.fnal.gov:1095/pnfs/fnal.gov/usr/minerva/persistent/OpenData/MediumEnergy_FHC/MC/StandardMC/Playlist1A/MasterAnaDev_mc_AnaTuple_run00110017_Playlist.root	9.980151244965409e+18	9.980589124826444e+18	1	185892	543723	
FHC	mc	1A	mc110018	root://fndcadoor.fnal.gov:1095/pnfs/fnal.gov/usr/minerva/persistent/OpenData/MediumEnergy_FHC/MC/StandardMC/Playlist1A/MasterAnaDev_mc_AnaTuple_run00110018_Playlist.root	8.710090122949452e+18	8.710258047342686e+18	1	162792	474666	
FHC	mc	1A	mc110019	root://fndcadoor.fnal.gov:1095/pnfs/fnal.gov/usr/minerva/persistent/OpenData/MediumEnergy_FHC/MC/StandardMC/Playlist1A/MasterAnaDev_mc_AnaTuple_run00110019_Playlist.root	9.90869686917852e+18	9.90919097087309e+18	1	184678	541049	
FHC	mc	1A	mc110020	root://fndcadoor.fnal.gov:1095/pnfs/fnal.gov/usr/minerva/persistent/OpenData/MediumEnergy_FHC/MC/StandardMC/Playlist1A/MasterAnaDev_mc_AnaTuple_run00110020_Playlist.root	1.0008702075142793e+19	1.0009323986621626e+19	1	187275	546510	
FHC	mc	1A	mc110021	root://fndcadoor.fnal.gov:1095/pnfs/fnal.gov/usr/minerva/persistent/OpenData/MediumEnergy_FHC/MC/StandardMC/Playlist1A/MasterAnaDev_mc_AnaTuple_run00110021_Playlist.root	9.988251297755494e+18	9.988791861651997e+18	1	187004	545689	
FHC	mc	1A	mc110022	root://fndcadoor.fnal.gov:1095/pnfs/fnal.gov/usr/minerva/persistent/OpenData/MediumEnergy_FHC/MC/StandardMC/Playlist1A/MasterAnaDev_mc_AnaTuple_run00110022_Playlist.root	9.960918380513882e+18	9.961171586110419e+18	1	185994	542202	
FHC	mc	1A	mc110023	root://fndcadoor.fnal.gov:1095/pnfs/fnal.gov/usr/minerva/persistent/OpenData/MediumEnergy_FHC/MC/StandardMC/Playlist1A/MasterAnaDev_mc_AnaTuple_run00110023_Playlist.root	9.929072719549172e+18	9.92957152183017e+18	1	185306	541251	
FHC	mc	1A	mc110024	root://fndcadoor.fnal.gov:1095/pnfs/fnal.gov/usr/minerva/persistent/OpenData/MediumEnergy_FHC/MC/StandardMC/Playlist1A/MasterAnaDev_mc_AnaTuple_run00110024_Playlist.root	9.923498984194914e+18	9.924080059074462e+18	1	185523	541515	
FHC	mc	1A	mc110025	root://fndcadoor.fnal.gov:1095/pnfs/fnal.gov/usr/minerva/persistent/OpenData/MediumEnergy_FHC/MC/StandardMC/Playlist1A/MasterAnaDev_mc_AnaTuple_run00110025_Playlist.root	9.967669993732008e+18	9.968246980116472e+18	1	185963	542514	
FHC	mc	1A	mc110026	root://fndcadoor.fnal.gov:1095/pnfs/fnal.gov/usr/minerva/persistent/OpenData/MediumEnergy_FHC/MC/StandardMC/Playlist1A/MasterAnaDev_mc_AnaTuple_run00110026_Playlist.root	9.904139255665328e+18	9.910430415552047e+18	1	185325	540159	
FHC	mc	1A	mc110027	root://fndcadoor.fnal.gov:1095/pnfs/fnal.gov/usr/minerva/persistent/OpenData/MediumEnergy_FHC/MC/StandardMC/Playlist1A/MasterAnaDev_mc_AnaTuple_run00110027_Playlist.root	9.967477311900625e+18	9.968028111437894e+18	1	185756	542510	
FHC	mc	1A	mc110028	root://fndcadoor.fnal.gov:1095/pnfs/fnal.gov/usr/minerva/persistent/OpenData/MediumEnergy_FHC/MC/StandardMC/Playlist1A/MasterAnaDev_mc_AnaTuple_run00110028_Playlist.root	9.991052906209657e+18	9.991397712274258e+18	1	186791	545347	
FHC	mc	1A	mc110029	root://fndcadoor.fnal.gov:1095/pnfs/fnal.gov/usr/minerva/persistent/OpenData/MediumEnergy_FHC/MC/StandardMC/Playlist1A/MasterAnaDev_mc_AnaTuple_run00110029_Playlist.root	9.930488790050363e+18	9.930942791184884e+18	1	185558	541699	
FHC	mc	1A	mc110030	root://fndcadoor.fnal.gov:1095/pnfs/fnal.gov/usr/minerva/persistent/OpenData/MediumEnergy_FHC/MC/StandardMC/Playlist1A/MasterAnaDev_mc_AnaTuple_run00110030_Playlist.root	9.827979294982912e+18	9.828544614417928e+18	1	183538	537061	
FHC	mc	1A	mc110031	root://fndcadoor.fnal.gov:1095/pnfs/fnal.gov/usr/minerva/persistent/OpenData/MediumEnergy_FHC/MC/StandardMC/Playlist1A/MasterAnaDev_mc_AnaTuple_run00110031_Playlist.root	9.944153744329384e+18	9.944645679190886e+18	1	185751	542935	
FHC	mc	1A	mc110032	root://fndcadoor.fnal.gov:1095/pnfs/fnal.gov/usr/minerva/persistent/OpenData/MediumEnergy_FHC/MC/StandardMC/Playlist1A/MasterAnaDev_mc_AnaTuple_run00110032_Playlist.root	9.989109088334135e+18	9.98952598330743e+18	1	185980	543867	
FHC	mc	1A	mc110033	root://fndcadoor.fnal.gov:1095/pnfs/fnal.gov/usr/minerva/persistent/OpenData/MediumEnergy_FHC/MC/StandardMC/Playlist1A/MasterAnaDev_mc_AnaTuple_run00110033_Playlist.root	9.945779086455927e+18	9.946261017538527e+18	1	185962	542957	
FHC	mc	1A	mc110034	root://fndcadoor.fnal.gov:1095/pnfs/fnal.gov/usr/minerva/persistent/OpenData/MediumEnergy_FHC/MC/StandardMC/Playlist1A/MasterAnaDev_mc_AnaTuple_run00110034_Playlist.root	9.984613650631039e+18	9.98491374837011e+18	1	185764	543210	
FHC	mc	1A	mc110035	root://fndcadoor.fnal.gov:1095/pnfs/fnal.gov/usr/minerva/persistent/OpenData/MediumEnergy_FHC/MC/StandardMC/Playlist1A/MasterAnaDev_mc_AnaTuple_run00110035_Playlist.root	9.987931208842715e+18	9.988618277470226e+18	1	186996	544527	
FHC	mc	1A	mc110036	root://fndcadoor.fnal.gov:1095/pnfs/fnal.gov/usr/minerva/persistent/OpenData/MediumEnergy_FHC/MC/StandardMC/Playlist1A/MasterAnaDev_mc_AnaTuple_run00110036_Playlist.root	9.866953680652964e+18	9.86738844260897e+18	1	184528	537692	
FHC	mc	1A	mc110037	root://fndcadoor.fnal.gov:1095/pnfs/fnal.gov/usr/minerva/persistent/OpenData/MediumEnergy_FHC/MC/StandardMC/Playlist1A/MasterAnaDev_mc_AnaTuple_run00110037_Playlist.root	9.89556876796706e+18	9.89595524895835e+18	1	184516	539558	
FHC	mc	1A	mc110038	root://fndcadoor.fnal.gov:1095/pnfs/fnal.gov/usr/minerva/persistent/OpenData/MediumEnergy_FHC/MC/StandardMC/Playlist1A/MasterAnaDev_mc_AnaTuple_run00110038_Playlist.root	9.922978820873064e+18	9.923380401416276e+18	1	185490	540917	
FHC	mc	1A	mc110039	root://fndcadoor.fnal.gov:1095/pnfs/fnal.gov/usr/minerva/persistent/OpenData/MediumEnergy_FHC/MC/StandardMC/Playlist1A/MasterAnaDev_mc_AnaTuple_run00110039_Playlist.root	9.99402485741666e+18	9.994545317278024e+18	1	186235	544597	
FHC	mc	1A	mc110040	root://fndcadoor.fnal.gov:1095/pnfs/fnal.gov/usr/minerva/persistent/OpenData/MediumEnergy_FHC/MC/StandardMC/Playlist1A/MasterAnaDev_mc_AnaTuple_run00110040_Playlist.root	9.988796749584837e+18	9.989205216753582e+18	1	186205	544600	
FHC	mc	1B	mc111000	root://fndcadoor.fnal.gov:1095/pnfs/fnal.gov/usr/minerva/persistent/OpenData/MediumEnergy_FHC/MC/StandardMC/Playlist1B/MasterAnaDev_mc_AnaTuple_run00111000_Playlist.root	9.883456823270816e+18	9.883456823270816e+18	1	184276	545637	
FHC	mc	1B	mc111001	root://fndcadoor.fnal.gov:1095/pnfs/fnal.gov/usr/minerva/persistent/OpenData/MediumEnergy_FHC/MC/StandardMC/Playlist1B/MasterAnaDev_mc_AnaTuple_run00111001_Playlist.root	9.985241772638456e+18	9.985241772638456e+18	1	187562	552451	
FHC	mc	1B	mc111002	root://fndcadoor.fnal.gov:1095/pnfs/fnal.gov/usr/minerva/persistent/OpenData/MediumEnergy_FHC/MC/StandardMC/Playlist1B/MasterAnaDev_mc_AnaTuple_run00111002_Playlist.root	9.961657435072705e+18	9.961657435072705e+18	1	186297	550662	
FHC	mc	1B	mc111003	root://fndcadoor.fnal.gov:1095/pnfs/fnal.gov/usr/minerva/persistent/OpenData/MediumEnergy_FHC/MC/StandardMC/Playlist1B/MasterAnaDev_mc_AnaTuple_run00111003_Playlist.root	9.958129689060125e+18	9.958129689060125e+18	1	186372	550446	
FHC	mc	1B	mc111004	root://fndcadoor.fnal.gov:1095/pnfs/fnal.gov/usr/minerva/persistent/OpenData/MediumEnergy_FHC/MC/StandardMC/Playlist1B/MasterAnaDev_mc_AnaTuple_run00111004_Playlist.root	9.939638778141639e+18	9.939638778141639e+18	1	185975	548442	
FHC	mc	1B	mc111005	root://fndcadoor.fnal.gov:1095/pnfs/fnal.gov/usr/minerva/persistent/OpenData/MediumEnergy_FHC/MC/StandardMC/Playlist1B/MasterAnaDev_mc_AnaTuple_run00111005_Playlist.root	9.956222675809067e+18	9.956222675809067e+18	1	186905	549784	
FHC	mc	1B	mc111006	root://fndcadoor.fnal.gov:1095/pnfs/fnal.gov/usr/minerva/persistent/OpenData/MediumEnergy_FHC/MC/StandardMC/Playlist1B/MasterAnaDev_mc_AnaTuple_run00111006_Playlist.root	9.890498701088604e+18	9.890516869649125e+18	1	185661	546260	
FHC	mc	1B	mc111007	root://fndcadoor.fnal.gov:1095/pnfs/fnal.gov/usr/minerva/persistent/OpenData/MediumEnergy_FHC/MC/StandardMC/Playlist1B/MasterAnaDev_mc_AnaTuple_run00111007_Playlist.root	1.0007065185257292e+19	1.0009156898534666e+19	1	187638	552577	
FHC	mc	1B	mc111008	root://fndcadoor.fnal.gov:1095/pnfs/fnal.gov/usr/minerva/persistent/OpenData/MediumEnergy_FHC/MC/StandardMC/Playlist1B/MasterAnaDev_mc_AnaTuple_run00111008_Playlist.root	9.868935171736383e+18	9.868935171736383e+18	1	185514	546574	
FHC	mc	1B	mc111009	root://fndcadoor.fnal.gov:1095/pnfs/fnal.gov/usr/minerva/persistent/OpenData/MediumEnergy_FHC/MC/StandardMC/Playlist1B/MasterAnaDev_mc_AnaTuple_run00111009_Playlist.root	9.971710597724211e+18	9.971710597724211e+18	1	187340	551924	
FHC	mc	1B	mc111010	root://fndcadoor.fnal.gov:1095/pnfs/fnal.gov/usr/minerva/persistent/OpenData/MediumEnergy_FHC/MC/StandardMC/Playlist1B/MasterAnaDev_mc_AnaTuple_run00111010_Playlist.root	9.948882080894284e+18	9.948882080894284e+18	1	186510	549915	
FHC	mc	1C	mc111030	root://fndcadoor.fnal.gov:1095/pnfs/fnal.gov/usr/minerva/persistent/OpenData/MediumEnergy_FHC/MC/StandardMC/Playlist1C/MasterAnaDev_mc_AnaTuple_run00111030_Playlist.root	9.973458937796205e+18	9.980707859844997e+18	1	187970	552886	
FHC	mc	1C	mc111031	root://fndcadoor.fnal.gov:1095/pnfs/fnal.gov/usr/minerva/persistent/OpenData/MediumEnergy_FHC/MC/StandardMC/Playlist1C/MasterAnaDev_mc_AnaTuple_run00111031_Playlist.root	9.95706481389594e+18	9.964122837672374e+18	1	186880	550781	
FHC	mc	1C	mc111032	root://fndcadoor.fnal.gov:1095/pnfs/fnal.gov/usr/minerva/persistent/OpenData/MediumEnergy_FHC/MC/StandardMC/Playlist1C/MasterAnaDev_mc_AnaTuple_run00111032_Playlist.root	9.980301727809016e+18	9.987149426257699e+18	1	187022	552444	
FHC	mc	1C	mc111033	root://fndcadoor.fnal.gov:1095/pnfs/fnal.gov/usr/minerva/persistent/OpenData/MediumEnergy_FHC/MC/StandardMC/Playlist1C/MasterAnaDev_mc_AnaTuple_run00111033_Playlist.root	9.957253817499304e+18	9.96416349957178e+18	1	186896	550915	
FHC	mc	1C	mc111034	root://fndcadoor.fnal.gov:1095/pnfs/fnal.gov/usr/minerva/persistent/OpenData/MediumEnergy_FHC/MC/StandardMC/Playlist1C/MasterAnaDev_mc_AnaTuple_run00111034_Playlist.root	9.968524173000829e+18	9.97498774221111e+18	1	187067	551578	
FHC	mc	1C	mc111035	root://fndcadoor.fnal.gov:1095/pnfs/fnal.gov/usr/minerva/persistent/OpenData/MediumEnergy_FHC/MC/StandardMC/Playlist1C/MasterAnaDev_mc_AnaTuple_run00111035_Playlist.root	9.984666498189056e+18	9.991598676073388e+18	1	186933	551632	
FHC	mc	1C	mc111036	root://fndcadoor.fnal.gov:1095/pnfs/fnal.gov/usr/minerva/persistent/OpenData/MediumEnergy_FHC/MC/StandardMC/Playlist1C/MasterAnaDev_mc_AnaTuple_run00111036_Playlist.root	9.981881962783703e+18	9.988054309985921e+18	1	187779	552534	
FHC	mc	1C	mc111037	root://fndcadoor.fnal.gov:1095/pnfs/fnal.gov/usr/minerva/persistent/OpenData/MediumEnergy_FHC/MC/StandardMC/Playlist1C/MasterAnaDev_mc_AnaTuple_run00111037_Playlist.root	9.962110891297964e+18	9.972345542360336e+18	1	186748	550938	
FHC	mc	1C	mc111038	root://fndcadoor.fnal.gov:1095/pnfs/fnal.gov/usr/minerva/persistent/OpenData/MediumEnergy_FHC/MC/StandardMC/Playlist1C/MasterAnaDev_mc_AnaTuple_run00111038_Playlist.root	9.990631231773096e+18	1.000032350291996e+19	1	186338	552636	
FHC	mc	1C	mc111039	root://fndcadoor.fnal.gov:1095/pnfs/fnal.gov/usr/minerva/persistent/OpenData/MediumEnergy_FHC/MC/StandardMC/Playlist1C/MasterAnaDev_mc_AnaTuple_run00111039_Playlist.root	9.961914428218712e+18	9.968729194340755e+18	1	186412	550091	
FHC	mc	1C	mc111040	root://fndcadoor.fnal.gov:1095/pnfs/fnal.gov/usr/minerva/persistent/OpenData/MediumEnergy_FHC/MC/StandardMC/Playlist1C/MasterAnaDev_mc_AnaTuple_run00111040_Playlist.root	9.83342217039206e+18	9.839431994400635e+18	1	184248	543947	
FHC	mc	1C	mc111041	root://fndcadoor.fnal.gov:1095/pnfs/fnal.gov/usr/minerva/persistent/OpenData/MediumEnergy_FHC/MC/StandardMC/Playlist1C/MasterAnaDev_mc_AnaTuple_run00111041_Playlist.root	9.908067096692451e+18	9.914241021644798e+18	1	186642	550074	
FHC	mc	1C	mc111042	root://fndcadoor.fnal.gov:1095/pnfs/fnal.gov/usr/minerva/persistent/OpenData/MediumEnergy_FHC/MC/StandardMC/Playlist1C/MasterAnaDev_mc_AnaTuple_run00111042_Playlist.root	9.999170905011399e+18	1.0005217393061988e+19	1	187855	553259	
FHC	mc	1C	mc111043	root://fndcadoor.fnal.gov:1095/pnfs/fnal.gov/usr/minerva/persistent/OpenData/MediumEnergy_FHC/MC/StandardMC/Playlist1C/MasterAnaDev_mc_AnaTuple_run00111043_Playlist.root	9.966623138180008e+18	9.973610388422357e+18	1	186678	550756	
FHC	mc	1C	mc111044	root://fndcadoor.fnal.gov:1095/pnfs/fnal.gov/usr/minerva/persistent/OpenData/MediumEnergy_FHC/MC/StandardMC/Playlist1C/MasterAnaDev_mc_AnaTuple_run00111044_Playlist.root	9.952620615873636e+18	9.959610776289053e+18	1	186473	550371	
FHC	mc	1C	mc111045	root://fndcadoor.fnal.gov:1095/pnfs/fnal.gov/usr/minerva/persistent/OpenData/MediumEnergy_FHC/MC/StandardMC/Playlist1C/MasterAnaDev_mc_AnaTuple_run00111045_Playlist.root	9.95460833654104e+18	9.96193823526327e+18	1	187122	550435	
FHC	mc	1C	mc111046	root://fndcadoor.fnal.gov:1095/pnfs/fnal.gov/usr/minerva/persistent/OpenData/MediumEnergy_FHC/MC/StandardMC/Playlist1C/MasterAnaDev_mc_AnaTuple_run00111046_Playlist.root	9.89024573263348e+18	9.898002412069257e+18	1	185260	546332	
FHC	mc	1C	mc111047	root://fndcadoor.fnal.gov:1095/pnfs/fnal.gov/usr/minerva/persistent/OpenData/MediumEnergy_FHC/MC/StandardMC/Playlist1C/MasterAnaDev_mc_AnaTuple_run00111047_Playlist.root	9.72852583629029e+18	9.734658599025345e+18	1	182516	537738	
FHC	mc	1C	mc111048	root://fndcadoor.fnal.gov:1095/pnfs/fnal.gov/usr/minerva/persistent/OpenData/MediumEnergy_FHC/MC/StandardMC/Playlist1C/MasterAnaDev_mc_AnaTuple_run00111048_Playlist.root	9.922045999456465e+18	9.928444199906646e+18	1	185723	548742	
FHC	mc	1C	mc111049	root://fndcadoor.fnal.gov:1095/pnfs/fnal.gov/usr/minerva/persistent/OpenData/MediumEnergy_FHC/MC/StandardMC/Playlist1C/MasterAnaDev_mc_AnaTuple_run00111049_Playlist.root	9.928278044379015e+18	9.935404092668432e+18	1	185659	548629	
FHC	mc	1C	mc111050	root://fndcadoor.fnal.gov:1095/pnfs/fnal.gov/usr/minerva/persistent/OpenData/MediumEnergy_FHC/MC/StandardMC/Playlist1C/MasterAnaDev_mc_AnaTuple_run00111050_Playlist.root	9.936608578448345e+18	9.943395866495506e+18	1	186072	548465	
FHC	mc	1D	mc111100	root://fndcadoor.fnal.gov:1095/pnfs/fnal.gov/usr/minerva/persistent/OpenData/MediumEnergy_FHC/MC/StandardMC/Playlist1D/MasterAnaDev_mc_AnaTuple_run00111100_Playlist.root	9.95789830524723e+18	9.95791656382655e+18	1	186373	550037	
FHC	mc	1D	mc111101	root://fndcadoor.fnal.gov:1095/pnfs/fnal.gov/usr/minerva/persistent/OpenData/MediumEnergy_FHC/MC/StandardMC/Playlist1D/MasterAnaDev_mc_AnaTuple_run00111101_Playlist.root	9.93353986236413e+18	9.933557623744553e+18	1	185868	548901	
FHC	mc	1D	mc111102	root://fndcadoor.fnal.gov:1095/pnfs/fnal.gov/usr/minerva/persistent/OpenData/MediumEnergy_FHC/MC/StandardMC/Playlist1D/MasterAnaDev_mc_AnaTuple_run00111102_Playlist.root	9.984249469163e+18	9.985860937277725e+18	1	186942	552317	
FHC	mc	1D	mc111103	root://fndcadoor.fnal.gov:1095/pnfs/fnal.gov/usr/minerva/persistent/OpenData/MediumEnergy_FHC/MC/StandardMC/Playlist1D/MasterAnaDev_mc_AnaTuple_run00111103_Playlist.root	9.9626844582822e+18	9.9626844582822e+18	1	186373	550856	
FHC	mc	1D	mc111104	root://fndcadoor.fnal.gov:1095/pnfs/fnal.gov/usr/minerva/persistent/OpenData/MediumEnergy_FHC/MC/StandardMC/Playlist1D/MasterAnaDev_mc_AnaTuple_run00111104_Playlist.root	9.99798951555302e+18	9.998043899682576e+18	1	187108	553410	
FHC	mc	1D	mc111105	root://fndcadoor.fnal.gov:1095/pnfs/fnal.gov/usr/minerva/persistent/OpenData/MediumEnergy_FHC/MC/StandardMC/Playlist1D/MasterAnaDev_mc_AnaTuple_run00111105_Playlist.root	9.98904514994658e+18	9.98904514994658e+18	1	186540	551571	
FHC	mc	1D	mc111106	root://fndcadoor.fnal.gov:1095/pnfs/fnal.gov/usr/minerva/persistent/OpenData/MediumEnergy_FHC/MC/StandardMC/Playlist1D/MasterAnaDev_mc_AnaTuple_run00111106_Playlist.root	9.937153376514882e+18	9.937153376514882e+18	1	186600	549459	
FHC	mc	1D	mc111107	root://fndcadoor.fnal.gov:1095/pnfs/fnal.gov/usr/minerva/persistent/OpenData/MediumEnergy_FHC/MC/StandardMC/Playlist1D/MasterAnaDev_mc_AnaTuple_run00111107_Playlist.root	9.988940123869606e+18	9.988958616129602e+18	1	186472	551655	
FHC	mc	1D	mc111108	root://fndcadoor.fnal.gov:1095/pnfs/fnal.gov/usr/minerva/persistent/OpenData/MediumEnergy_FHC/MC/StandardMC/Playlist1D/MasterAnaDev_mc_AnaTuple_run00111108_Playlist.root	9.977763808233157e+18	9.977781472148404e+18	1	186049	549732	
FHC	mc	1D	mc111109	root://fndcadoor.fnal.gov:1095/pnfs/fnal.gov/usr/minerva/persistent/OpenData/MediumEnergy_FHC/MC/StandardMC/Playlist1D/MasterAnaDev_mc_AnaTuple_run00111109_Playlist.root	9.998535911025963e+18	9.998535911025963e+18	1	187111	553518	
FHC	mc	1D	mc111110	root://fndcadoor.fnal.gov:1095/pnfs/fnal.gov/usr/minerva/persistent/OpenData/MediumEnergy_FHC/MC/StandardMC/Playlist1D/MasterAnaDev_mc_AnaTuple_run00111110_Playlist.root	9.96152847310562e+18	9.96152847310562e+18	1	186449	550140	
FHC	mc	1D	mc111111	root://fndcadoor.fnal.gov:1095/pnfs/fnal.gov/usr/minerva/persistent/OpenData/MediumEnergy_FHC/MC/StandardMC/Playlist1D/MasterAnaDev_mc_AnaTuple_run00111111_Playlist.root	9.944777609401537e+18	9.944795358216116e+18	1	186464	549436	
FHC	mc	1D	mc111112	root://fndcadoor.fnal.gov:1095/pnfs/fnal.gov/usr/minerva/persistent/OpenData/MediumEnergy_FHC/MC/StandardMC/Playlist1D/MasterAnaDev_mc_AnaTuple_run00111112_Playlist.root	9.980571400416e+18	9.980571400416e+18	1	186331	551751	
FHC	mc	1D	mc111113	root://fndcadoor.fnal.gov:1095/pnfs/fnal.gov/usr/minerva/persistent/OpenData/MediumEnergy_FHC/MC/StandardMC/Playlist1D/MasterAnaDev_mc_AnaTuple_run00111113_Playlist.root	9.93624149414145e+18	9.93624149414145e+18	1	185646	548449	
FHC	mc	1D	mc111114	root://fndcadoor.fnal.gov:1095/pnfs/fnal.gov/usr/minerva/persistent/OpenData/MediumEnergy_FHC/MC/StandardMC/Playlist1D/MasterAnaDev_mc_AnaTuple_run00111114_Playlist.root	9.935883455039818e+18	9.93590265137513e+18	1	185804	548407	
FHC	mc	1D	mc111115	root://fndcadoor.fnal.gov:1095/pnfs/fnal.gov/usr/minerva/persistent/OpenData/MediumEnergy_FHC/MC/StandardMC/Playlist1D/MasterAnaDev_mc_AnaTuple_run00111115_Playlist.root	9.969134390245919e+18	9.969134390245919e+18	1	186319	551572	
FHC	mc	1D	mc111116	root://fndcadoor.fnal.gov:1095/pnfs/fnal.gov/usr/minerva/persistent/OpenData/MediumEnergy_FHC/MC/StandardMC/Playlist1D/MasterAnaDev_mc_AnaTuple_run00111116_Playlist.root	9.948648446089787e+18	9.948666428414419e+18	1	186676	550012	
FHC	mc	1D	mc111117	root://fndcadoor.fnal.gov:1095/pnfs/fnal.gov/usr/minerva/persistent/OpenData/MediumEnergy_FHC/MC/StandardMC/Playlist1D/MasterAnaDev_mc_AnaTuple_run00111117_Playlist.root	9.982340272851479e+18	9.982358275379452e+18	1	187426	553218	
FHC	mc	1D	mc111118	root://fndcadoor.fnal.gov:1095/pnfs/fnal.gov/usr/minerva/persistent/OpenData/MediumEnergy_FHC/MC/StandardMC/Playlist1D/MasterAnaDev_mc_AnaTuple_run00111118_Playlist.root	9.972624794541126e+18	9.972624794541126e+18	1	186247	550684	
FHC	mc	1D	mc111119	root://fndcadoor.fnal.gov:1095/pnfs/fnal.gov/usr/minerva/persistent/OpenData/MediumEnergy_FHC/MC/StandardMC/Playlist1D/MasterAnaDev_mc_AnaTuple_run00111119_Playlist.root	9.956452029782047e+18	9.956452029782047e+18	1	186081	551741	
FHC	mc	1D	mc111120	root://fndcadoor.fnal.gov:1095/pnfs/fnal.gov/usr/minerva/persistent/OpenData/MediumEnergy_FHC/MC/StandardMC/Playlist1D/MasterAnaDev_mc_AnaTuple_run00111120_Playlist.root	9.995834624325702e+18	9.995834624325702e+18	1	186970	552969	
FHC	mc	1D	mc111121	root://fndcadoor.fnal.gov:1095/pnfs/fnal.gov/usr/minerva/persistent/OpenData/MediumEnergy_FHC/MC/StandardMC/Playlist1D/MasterAnaDev_mc_AnaTuple_run00111121_Playlist.root	9.972323017491016e+18	9.972323017491016e+18	1	186363	551430	
FHC	mc	1D	mc111122	root://fndcadoor.fnal.gov:1095/pnfs/fnal.gov/usr/minerva/persistent/OpenData/MediumEnergy_FHC/MC/StandardMC/Playlist1D/MasterAnaDev_mc_AnaTuple_run00111122_Playlist.root	9.937764079950924e+18	9.93779880704937e+18	1	185902	549836	
FHC	mc	1D	mc111123	root://fndcadoor.fnal.gov:1095/pnfs/fnal.gov/usr/minerva/persistent/OpenData/MediumEnergy_FHC/MC/StandardMC/Playlist1D/MasterAnaDev_mc_AnaTuple_run00111123_Playlist.root	9.96028515422519e+18	9.964704476134998e+18	1	186550	551444	
FHC	mc	1D	mc111124	root://fndcadoor.fnal.gov:1095/pnfs/fnal.gov/usr/minerva/persistent/OpenData/MediumEnergy_FHC/MC/StandardMC/Playlist1D/MasterAnaDev_mc_AnaTuple_run00111124_Playlist.root	9.986500820589435e+18	9.986500820589435e+18	1	186921	553596	
FHC	mc	1D	mc111125	root://fndcadoor.fnal.gov:1095/pnfs/fnal.gov/usr/minerva/persistent/OpenData/MediumEnergy_FHC/MC/StandardMC/Playlist1D/MasterAnaDev_mc_AnaTuple_run00111125_Playlist.root	9.9531336230837e+18	9.953151775957926e+18	1	185929	550854	
FHC	mc	1D	mc111126	root://fndcadoor.fnal.gov:1095/pnfs/fnal.gov/usr/minerva/persistent/OpenData/MediumEnergy_FHC/MC/StandardMC/Playlist1D/MasterAnaDev_mc_AnaTuple_run00111126_Playlist.root	9.96709384187918e+18	9.967111691171465e+18	1	186891	552225	
FHC	mc	1D	mc111127	root://fndcadoor.fnal.gov:1095/pnfs/fnal.gov/usr/minerva/persistent/OpenData/MediumEnergy_FHC/MC/StandardMC/Playlist1D/MasterAnaDev_mc_AnaTuple_run00111127_Playlist.root	9.947653938727627e+18	9.947653938727627e+18	1	186205	550418	
FHC	mc	1D	mc111128	root://fndcadoor.fnal.gov:1095/pnfs/fnal.gov/usr/minerva/persistent/OpenData/MediumEnergy_FHC/MC/StandardMC/Playlist1D/MasterAnaDev_mc_AnaTuple_run00111128_Playlist.root	9.987135661916537e+18	9.989331257440066e+18	1	186945	552993	
FHC	mc	1D	mc111129	root://fndcadoor.fnal.gov:1095/pnfs/fnal.gov/usr/minerva/persistent/OpenData/MediumEnergy_FHC/MC/StandardMC/Playlist1D/MasterAnaDev_mc_AnaTuple_run00111129_Playlist.root	9.990205924971096e+18	9.996329997736483e+18	1	187084	552529	
FHC	mc	1D	mc111130	root://fndcadoor.fnal.gov:1095/pnfs/fnal.gov/usr/minerva/persistent/OpenData/MediumEnergy_FHC/MC/StandardMC/Playlist1D/MasterAnaDev_mc_AnaTuple_run00111130_Playlist.root	9.980098548046563e+18	9.981978775752315e+18	1	186512	550803	
FHC	mc	1D	mc111131	root://fndcadoor.fnal.gov:1095/pnfs/fnal.gov/usr/minerva/persistent/OpenData/MediumEnergy_FHC/MC/StandardMC/Playlist1D/MasterAnaDev_mc_AnaTuple_run00111131_Playlist.root	9.895169269007004e+18	9.895169269007004e+18	1	184843	547455	
FHC	mc	1D	mc111132	root://fndcadoor.fnal.gov:1095/pnfs/fnal.gov/usr/minerva/persistent/OpenData/MediumEnergy_FHC/MC/StandardMC/Playlist1D/MasterAnaDev_mc_AnaTuple_run00111132_Playlist.root	9.984006346409914e+18	9.984006346409914e+18	1	186312	551917	
FHC	mc	1D	mc111133	root://fndcadoor.fnal.gov:1095/pnfs/fnal.gov/usr/minerva/persistent/OpenData/MediumEnergy_FHC/MC/StandardMC/Playlist1D/MasterAnaDev_mc_AnaTuple_run00111133_Playlist.root	9.936143385098797e+18	9.936143385098797e+18	1	185186	548241	
FHC	mc	1D	mc111134	root://fndcadoor.fnal.gov:1095/pnfs/fnal.gov/usr/minerva/persistent/OpenData/MediumEnergy_FHC/MC/StandardMC/Playlist1D/MasterAnaDev_mc_AnaTuple_run00111134_Playlist.root	9.892121668046158e+18	9.892121668046158e+18	1	185463	547643	
FHC	mc	1D	mc111135	root://fndcadoor.fnal.gov:1095/pnfs/fnal.gov/usr/minerva/persistent/OpenData/MediumEnergy_FHC/MC/StandardMC/Playlist1D/MasterAnaDev_mc_AnaTuple_run00111135_Playlist.root	9.94018746160887e+18	9.94018746160887e+18	1	185549	548935	
FHC	mc	1D	mc111136	root://fndcadoor.fnal.gov:1095/pnfs/fnal.gov/usr/minerva/persistent/OpenData/MediumEnergy_FHC/MC/StandardMC/Playlist1D/MasterAnaDev_mc_AnaTuple_run00111136_Playlist.root	9.976335397840941e+18	9.976335397840941e+18	1	185814	550488	
FHC	mc	1D	mc111137	root://fndcadoor.fnal.gov:1095/pnfs/fnal.gov/usr/minerva/persistent/OpenData/MediumEnergy_FHC/MC/StandardMC/Playlist1D/MasterAnaDev_mc_AnaTuple_run00111137_Playlist.root	1.000943279465914e+19	1.0009450401349857e+19	1	187627	553538	
FHC	mc	1D	mc111138	root://fndcadoor.fnal.gov:1095/pnfs/fnal.gov/usr/minerva/persistent/OpenData/MediumEnergy_FHC/MC/StandardMC/Playlist1D/MasterAnaDev_mc_AnaTuple_run00111138_Playlist.root	1.0007070235343854e+19	1.0007070235343854e+19	1	188052	553894	
FHC	mc	1D	mc111139	root://fndcadoor.fnal.gov:1095/pnfs/fnal.gov/usr/minerva/persistent/OpenData/MediumEnergy_FHC/MC/StandardMC/Playlist1D/MasterAnaDev_mc_AnaTuple_run00111139_Playlist.root	1.0009378525026822e+19	1.0009396477060336e+19	1	188323	554034	
FHC	mc	1D	mc111140	root://fndcadoor.fnal.gov:1095/pnfs/fnal.gov/usr/minerva/persistent/OpenData/MediumEnergy_FHC/MC/StandardMC/Playlist1D/MasterAnaDev_mc_AnaTuple_run00111140_Playlist.root	9.968799805255197e+18	9.968799805255197e+18	1	185468	550293	
FHC	mc	1D	mc111141	root://fndcadoor.fnal.gov:1095/pnfs/fnal.gov/usr/minerva/persistent/OpenData/MediumEnergy_FHC/MC/StandardMC/Playlist1D/MasterAnaDev_mc_AnaTuple_run00111141_Playlist.root	9.948448897211245e+18	9.948448897211245e+18	1	185828	550571	
FHC	mc	1D	mc111142	root://fndcadoor.fnal.gov:1095/pnfs/fnal.gov/usr/minerva/persistent/OpenData/MediumEnergy_FHC/MC/StandardMC/Playlist1D/MasterAnaDev_mc_AnaTuple_run00111142_Playlist.root	9.96189232587768e+18	9.96189232587768e+18	1	186638	551276	
FHC	mc	1D	mc111143	root://fndcadoor.fnal.gov:1095/pnfs/fnal.gov/usr/minerva/persistent/OpenData/MediumEnergy_FHC/MC/StandardMC/Playlist1D/MasterAnaDev_mc_AnaTuple_run00111143_Playlist.root	9.981723733112908e+18	9.981759512480168e+18	1	186025	550419	
FHC	mc	1D	mc111144	root://fndcadoor.fnal.gov:1095/pnfs/fnal.gov/usr/minerva/persistent/OpenData/MediumEnergy_FHC/MC/StandardMC/Playlist1D/MasterAnaDev_mc_AnaTuple_run00111144_Playlist.root	9.990660510900126e+18	9.990660510900126e+18	1	187027	552555	
FHC	mc	1D	mc111145	root://fndcadoor.fnal.gov:1095/pnfs/fnal.gov/usr/minerva/persistent/OpenData/MediumEnergy_FHC/MC/StandardMC/Playlist1D/MasterAnaDev_mc_AnaTuple_run00111145_Playlist.root	9.99636226594324e+18	9.99636226594324e+18	1	185509	550214	
FHC	mc	1D	mc111146	root://fndcadoor.fnal.gov:1095/pnfs/fnal.gov/usr/minerva/persistent/OpenData/MediumEnergy_FHC/MC/StandardMC/Playlist1D/MasterAnaDev_mc_AnaTuple_run00111146_Playlist.root	9.98900993489455e+18	9.98900993489455e+18	1	186795	552252	
FHC	mc	1D	mc111147	root://fndcadoor.fnal.gov:1095/pnfs/fnal.gov/usr/minerva/persistent/OpenData/MediumEnergy_FHC/MC/StandardMC/Playlist1D/MasterAnaDev_mc_AnaTuple_run00111147_Playlist.root	1.0009691328494174e+19	1.0009691328494174e+19	1	187090	553350	
FHC	mc	1D	mc111148	root://fndcadoor.fnal.gov:1095/pnfs/fnal.gov/usr/minerva/persistent/OpenData/MediumEnergy_FHC/MC/StandardMC/Playlist1D/MasterAnaDev_mc_AnaTuple_run00111148_Playlist.root	9.938195822892376e+18	9.94115418291747e+18	1	185702	549814	
FHC	mc	1D	mc111149	root://fndcadoor.fnal.gov:1095/pnfs/fnal.gov/usr/minerva/persistent/OpenData/MediumEnergy_FHC/MC/StandardMC/Playlist1D/MasterAnaDev_mc_AnaTuple_run00111149_Playlist.root	9.987402028899742e+18	1.0009674844646855e+19	1	186766	554465	
FHC	mc	1D	mc111150	root://fndcadoor.fnal.gov:1095/pnfs/fnal.gov/usr/minerva/persistent/OpenData/MediumEnergy_FHC/MC/StandardMC/Playlist1D/MasterAnaDev_mc_AnaTuple_run00111150_Playlist.root	9.988964919249062e+18	9.988964919249062e+18	1	187711	552725	
FHC	mc	1D	mc111151	root://fndcadoor.fnal.gov:1095/pnfs/fnal.gov/usr/minerva/persistent/OpenData/MediumEnergy_FHC/MC/StandardMC/Playlist1D/MasterAnaDev_mc_AnaTuple_run00111151_Playlist.root	9.984581089435154e+18	9.984581089435154e+18	1	187282	552168	
FHC	mc	1D	mc111152	root://fndcadoor.fnal.gov:1095/pnfs/fnal.gov/usr/minerva/persistent/OpenData/MediumEnergy_FHC/MC/StandardMC/Playlist1D/MasterAnaDev_mc_AnaTuple_run00111152_Playlist.root	9.952572845645715e+18	9.952572845645715e+18	1	185847	548431	
FHC	mc	1D	mc111153	root://fndcadoor.fnal.gov:1095/pnfs/fnal.gov/usr/minerva/persistent/OpenData/MediumEnergy_FHC/MC/StandardMC/Playlist1D/MasterAnaDev_mc_AnaTuple_run00111153_Playlist.root	9.952123303528202e+18	9.952141788400228e+18	1	186205	549482	
FHC	mc	1D	mc111154	root://fndcadoor.fnal.gov:1095/pnfs/fnal.gov/usr/minerva/persistent/OpenData/MediumEnergy_FHC/MC/StandardMC/Playlist1D/MasterAnaDev_mc_AnaTuple_run00111154_Playlist.root	9.927462521127916e+18	9.927462521127916e+18	1	186484	548919	
FHC	mc	1D	mc111155	root://fndcadoor.fnal.gov:1095/pnfs/fnal.gov/usr/minerva/persistent/OpenData/MediumEnergy_FHC/MC/StandardMC/Playlist1D/MasterAnaDev_mc_AnaTuple_run00111155_Playlist.root	9.856253563625574e+18	9.856272041192296e+18	1	184551	544880	
FHC	mc	1D	mc111156	root://fndcadoor.fnal.gov:1095/pnfs/fnal.gov/usr/minerva/persistent/OpenData/MediumEnergy_FHC/MC/StandardMC/Playlist1D/MasterAnaDev_mc_AnaTuple_run00111156_Playlist.root	9.878143035557282e+18	9.878143035557282e+18	1	184422	545020	
FHC	mc	1D	mc111157	root://fndcadoor.fnal.gov:1095/pnfs/fnal.gov/usr/minerva/persistent/OpenData/MediumEnergy_FHC/MC/StandardMC/Playlist1D/MasterAnaDev_mc_AnaTuple_run00111157_Playlist.root	9.824865938371318e+18	9.824901794357723e+18	1	183357	542855	
FHC	mc	1D	mc111158	root://fndcadoor.fnal.gov:1095/pnfs/fnal.gov/usr/minerva/persistent/OpenData/MediumEnergy_FHC/MC/StandardMC/Playlist1D/MasterAnaDev_mc_AnaTuple_run00111158_Playlist.root	9.803337696066185e+18	9.803337696066185e+18	1	184041	542402	
FHC	mc	1D	mc111159	root://fndcadoor.fnal.gov:1095/pnfs/fnal.gov/usr/minerva/persistent/OpenData/MediumEnergy_FHC/MC/StandardMC/Playlist1D/MasterAnaDev_mc_AnaTuple_run00111159_Playlist.root	9.929309521454223e+18	9.929309521454223e+18	1	185008	547873	
FHC	mc	1D	mc111160	root://fndcadoor.fnal.gov:1095/pnfs/fnal.gov/usr/minerva/persistent/OpenData/MediumEnergy_FHC/MC/StandardMC/Playlist1D/MasterAnaDev_mc_AnaTuple_run00111160_Playlist.root	9.88898036676019e+18	9.88898036676019e+18	1	184852	546047	
FHC	mc	1E	mc111325	root://fndcadoor.fnal.gov:1095/pnfs/fnal.gov/usr/minerva/persistent/OpenData/MediumEnergy_FHC/MC/StandardMC/Playlist1E/MasterAnaDev_mc_AnaTuple_run00111325_Playlist.root	9.975313804933605e+18	9.975349345622733e+18	1	187035	552263	
FHC	mc	1E	mc111326	root://fndcadoor.fnal.gov:1095/pnfs/fnal.gov/usr/minerva/persistent/OpenData/MediumEnergy_FHC/MC/StandardMC/Playlist1E/MasterAnaDev_mc_AnaTuple_run00111326_Playlist.root	9.99247208712656e+18	9.99249027838956e+18	1	185950	551591	
FHC	mc	1E	mc111327	root://fndcadoor.fnal.gov:1095/pnfs/fnal.gov/usr/minerva/persistent/OpenData/MediumEnergy_FHC/MC/StandardMC/Playlist1E/MasterAnaDev_mc_AnaTuple_run00111327_Playlist.root	9.985951492541989e+18	9.985951492541989e+18	1	186397	551606	
FHC	mc	1E	mc111328	root://fndcadoor.fnal.gov:1095/pnfs/fnal.gov/usr/minerva/persistent/OpenData/MediumEnergy_FHC/MC/StandardMC/Playlist1E/MasterAnaDev_mc_AnaTuple_run00111328_Playlist.root	9.977367269905668e+18	9.977385352866277e+18	1	186077	551322	
FHC	mc	1E	mc111329	root://fndcadoor.fnal.gov:1095/pnfs/fnal.gov/usr/minerva/persistent/OpenData/MediumEnergy_FHC/MC/StandardMC/Playlist1E/MasterAnaDev_mc_AnaTuple_run00111329_Playlist.root	9.846963958042997e+18	9.846998769395069e+18	1	183994	544566	
FHC	mc	1E	mc111330	root://fndcadoor.fnal.gov:1095/pnfs/fnal.gov/usr/minerva/persistent/OpenData/MediumEnergy_FHC/MC/StandardMC/Playlist1E/MasterAnaDev_mc_AnaTuple_run00111330_Playlist.root	9.988069131402265e+18	9.988069131402265e+18	1	186971	552989	
FHC	mc	1E	mc111331	root://fndcadoor.fnal.gov:1095/pnfs/fnal.gov/usr/minerva/persistent/OpenData/MediumEnergy_FHC/MC/StandardMC/Playlist1E/MasterAnaDev_mc_AnaTuple_run00111331_Playlist.root	9.993240258980055e+18	9.993276750391806e+18	1	186437	551996	
FHC	mc	1E	mc111332	root://fndcadoor.fnal.gov:1095/pnfs/fnal.gov/usr/minerva/persistent/OpenData/MediumEnergy_FHC/MC/StandardMC/Playlist1E/MasterAnaDev_mc_AnaTuple_run00111332_Playlist.root	1.0008962458171865e+19	1.0008962458171865e+19	1	187064	553109	
FHC	mc	1E	mc111333	root://fndcadoor.fnal.gov:1095/pnfs/fnal.gov/usr/minerva/persistent/OpenData/MediumEnergy_FHC/MC/StandardMC/Playlist1E/MasterAnaDev_mc_AnaTuple_run00111333_Playlist.root	1.0009128704082428e+19	1.0009128704082428e+19	1	187301	553718	
FHC	mc	1E	mc111334	root://fndcadoor.fnal.gov:1095/pnfs/fnal.gov/usr/minerva/persistent/OpenData/MediumEnergy_FHC/MC/StandardMC/Playlist1E/MasterAnaDev_mc_AnaTuple_run00111334_Playlist.root	9.996217621063549e+18	9.996235336320084e+18	1	186713	553282	
FHC	mc	1E	mc111335	root://fndcadoor.fnal.gov:1095/pnfs/fnal.gov/usr/minerva/persistent/OpenData/MediumEnergy_FHC/MC/StandardMC/Playlist1E/MasterAnaDev_mc_AnaTuple_run00111335_Playlist.root	9.970204309283987e+18	9.970204309283987e+18	1	186165	550356	
FHC	mc	1E	mc111336	root://fndcadoor.fnal.gov:1095/pnfs/fnal.gov/usr/minerva/persistent/OpenData/MediumEnergy_FHC/MC/StandardMC/Playlist1E/MasterAnaDev_mc_AnaTuple_run00111336_Playlist.root	9.97565710969671e+18	9.97567484073348e+18	1	185838	550581	
FHC	mc	1E	mc111337	root://fndcadoor.fnal.gov:1095/pnfs/fnal.gov/usr/minerva/persistent/OpenData/MediumEnergy_FHC/MC/StandardMC/Playlist1E/MasterAnaDev_mc_AnaTuple_run00111337_Playlist.root	9.989502750130457e+18	9.98952029618076e+18	1	186418	551539	
FHC	mc	1E	mc111338	root://fndcadoor.fnal.gov:1095/pnfs/fnal.gov/usr/minerva/persistent/OpenData/MediumEnergy_FHC/MC/StandardMC/Playlist1E/MasterAnaDev_mc_AnaTuple_run00111338_Playlist.root	9.989224147193639e+18	9.98924258415782e+18	1	186559	552111	
FHC	mc	1E	mc111339	root://fndcadoor.fnal.gov:1095/pnfs/fnal.gov/usr/minerva/persistent/OpenData/MediumEnergy_FHC/MC/StandardMC/Playlist1E/MasterAnaDev_mc_AnaTuple_run00111339_Playlist.root	9.975696531850332e+18	9.975732656848871e+18	1	186085	550637	
FHC	mc	1E	mc111340	root://fndcadoor.fnal.gov:1095/pnfs/fnal.gov/usr/minerva/persistent/OpenData/MediumEnergy_FHC/MC/StandardMC/Playlist1E/MasterAnaDev_mc_AnaTuple_run00111340_Playlist.root	9.96325904483712e+18	9.96333312823995e+18	1	185964	550187	
FHC	mc	1E	mc111341	root://fndcadoor.fnal.gov:1095/pnfs/fnal.gov/usr/minerva/persistent/OpenData/MediumEnergy_FHC/MC/StandardMC/Playlist1E/MasterAnaDev_mc_AnaTuple_run00111341_Playlist.root	9.994101044258075e+18	9.994119785931633e+18	1	186753	552690	
FHC	mc	1E	mc111342	root://fndcadoor.fnal.gov:1095/pnfs/fnal.gov/usr/minerva/persistent/OpenData/MediumEnergy_FHC/MC/StandardMC/Playlist1E/MasterAnaDev_mc_AnaTuple_run00111342_Playlist.root	1.0001936502564004e+19	1.0001936502564004e+19	1	187441	554407	
FHC	mc	1E	mc111343	root://fndcadoor.fnal.gov:1095/pnfs/fnal.gov/usr/minerva/persistent/OpenData/MediumEnergy_FHC/MC/StandardMC/Playlist1E/MasterAnaDev_mc_AnaTuple_run00111343_Playlist.root	9.989652983208688e+18	9.989671846165852e+18	1	186284	551210	
FHC	mc	1E	mc111344	root://fndcadoor.fnal.gov:1095/pnfs/fnal.gov/usr/minerva/persistent/OpenData/MediumEnergy_FHC/MC/StandardMC/Playlist1E/MasterAnaDev_mc_AnaTuple_run00111344_Playlist.root	9.99495130935789e+18	9.995062028284766e+18	1	186213	551575	
FHC	mc	1E	mc111345	root://fndcadoor.fnal.gov:1095/pnfs/fnal.gov/usr/minerva/persistent/OpenData/MediumEnergy_FHC/MC/StandardMC/Playlist1E/MasterAnaDev_mc_AnaTuple_run00111345_Playlist.root	9.979108293438876e+18	9.979126219189137e+18	1	186714	552059	
FHC	mc	1E	mc111346	root://fndcadoor.fnal.gov:1095/pnfs/fnal.gov/usr/minerva/persistent/OpenData/MediumEnergy_FHC/MC/StandardMC/Playlist1E/MasterAnaDev_mc_AnaTuple_run00111346_Playlist.root	9.968273687659571e+18	9.968327663128193e+18	1	185620	549276	
FHC	mc	1E	mc111347	root://fndcadoor.fnal.gov:1095/pnfs/fnal.gov/usr/minerva/persistent/OpenData/MediumEnergy_FHC/MC/StandardMC/Playlist1E/MasterAnaDev_mc_AnaTuple_run00111347_Playlist.root	9.949290792309058e+18	9.949308168708039e+18	1	185243	550001	
FHC	mc	1E	mc111348	root://fndcadoor.fnal.gov:1095/pnfs/fnal.gov/usr/minerva/persistent/OpenData/MediumEnergy_FHC/MC/StandardMC/Playlist1E/MasterAnaDev_mc_AnaTuple_run00111348_Playlist.root	9.974455073532445e+18	9.974473047333882e+18	1	186264	550903	
FHC	mc	1E	mc111349	root://fndcadoor.fnal.gov:1095/pnfs/fnal.gov/usr/minerva/persistent/OpenData/MediumEnergy_FHC/MC/StandardMC/Playlist1E/MasterAnaDev_mc_AnaTuple_run00111349_Playlist.root	9.999062428921156e+18	9.999062428921156e+18	1	186159	551848	
FHC	mc	1E	mc111350	root://fndcadoor.fnal.gov:1095/pnfs/fnal.gov/usr/minerva/persistent/OpenData/MediumEnergy_FHC/MC/StandardMC/Playlist1E/MasterAnaDev_mc_AnaTuple_run00111350_Playlist.root	9.999826662983023e+18	9.999826662983023e+18	1	187489	552333	
FHC	mc	1E	mc111351	root://fndcadoor.fnal.gov:1095/pnfs/fnal.gov/usr/minerva/persistent/OpenData/MediumEnergy_FHC/MC/StandardMC/Playlist1E/MasterAnaDev_mc_AnaTuple_run00111351_Playlist.root	9.952140267094505e+18	9.952140267094505e+18	1	185597	550711	
FHC	mc	1E	mc111352	root://fndcadoor.fnal.gov:1095/pnfs/fnal.gov/usr/minerva/persistent/OpenData/MediumEnergy_FHC/MC/StandardMC/Playlist1E/MasterAnaDev_mc_AnaTuple_run00111352_Playlist.root	9.989258477056537e+18	9.989258477056537e+18	1	186731	553320	
FHC	mc	1E	mc111353	root://fndcadoor.fnal.gov:1095/pnfs/fnal.gov/usr/minerva/persistent/OpenData/MediumEnergy_FHC/MC/StandardMC/Playlist1E/MasterAnaDev_mc_AnaTuple_run00111353_Playlist.root	9.93115529521299e+18	9.931173080551567e+18	1	184992	549196	
FHC	mc	1E	mc111354	root://fndcadoor.fnal.gov:1095/pnfs/fnal.gov/usr/minerva/persistent/OpenData/MediumEnergy_FHC/MC/StandardMC/Playlist1E/MasterAnaDev_mc_AnaTuple_run00111354_Playlist.root	9.861927377468502e+18	9.861945348590305e+18	1	183747	545218	
FHC	mc	1E	mc111355	root://fndcadoor.fnal.gov:1095/pnfs/fnal.gov/usr/minerva/persistent/OpenData/MediumEnergy_FHC/MC/StandardMC/Playlist1E/MasterAnaDev_mc_AnaTuple_run00111355_Playlist.root	9.98304699519738e+18	9.98304699519738e+18	1	186452	553725	
FHC	mc	1E	mc111356	root://fndcadoor.fnal.gov:1095/pnfs/fnal.gov/usr/minerva/persistent/OpenData/MediumEnergy_FHC/MC/StandardMC/Playlist1E/MasterAnaDev_mc_AnaTuple_run00111356_Playlist.root	9.996055318362843e+18	9.996055318362843e+18	1	186469	552663	
FHC	mc	1E	mc111357	root://fndcadoor.fnal.gov:1095/pnfs/fnal.gov/usr/minerva/persistent/OpenData/MediumEnergy_FHC/MC/StandardMC/Playlist1E/MasterAnaDev_mc_AnaTuple_run00111357_Playlist.root	9.930736752872548e+18	9.930754694322694e+18	1	185321	549617	
FHC	mc	1E	mc111358	root://fndcadoor.fnal.gov:1095/pnfs/fnal.gov/usr/minerva/persistent/OpenData/MediumEnergy_FHC/MC/StandardMC/Playlist1E/MasterAnaDev_mc_AnaTuple_run00111358_Playlist.root	9.899898790207934e+18	9.899917258800886e+18	1	185516	548607	
FHC	mc	1E	mc111359	root://fndcadoor.fnal.gov:1095/pnfs/fnal.gov/usr/minerva/persistent/OpenData/MediumEnergy_FHC/MC/StandardMC/Playlist1E/MasterAnaDev_mc_AnaTuple_run00111359_Playlist.root	9.987687008081582e+18	9.987704686386954e+18	1	186877	552485	
FHC	mc	1E	mc111360	root://fndcadoor.fnal.gov:1095/pnfs/fnal.gov/usr/minerva/persistent/OpenData/MediumEnergy_FHC/MC/StandardMC/Playlist1E/MasterAnaDev_mc_AnaTuple_run00111360_Playlist.root	9.980290896587459e+18	9.980308480035176e+18	1	186393	550683	
FHC	mc	1E	mc111361	root://fndcadoor.fnal.gov:1095/pnfs/fnal.gov/usr/minerva/persistent/OpenData/MediumEnergy_FHC/MC/StandardMC/Playlist1E/MasterAnaDev_mc_AnaTuple_run00111361_Playlist.root	9.998154606026392e+18	9.998154606026392e+18	1	187011	554076	
FHC	mc	1E	mc111362	root://fndcadoor.fnal.gov:1095/pnfs/fnal.gov/usr/minerva/persistent/OpenData/MediumEnergy_FHC/MC/StandardMC/Playlist1E/MasterAnaDev_mc_AnaTuple_run00111362_Playlist.root	9.990636639928637e+18	9.990691691067136e+18	1	186349	551789	
FHC	mc	1E	mc111363	root://fndcadoor.fnal.gov:1095/pnfs/fnal.gov/usr/minerva/persistent/OpenData/MediumEnergy_FHC/MC/StandardMC/Playlist1E/MasterAnaDev_mc_AnaTuple_run00111363_Playlist.root	9.945934495725472e+18	9.945969536420481e+18	1	186153	549969	
FHC	mc	1E	mc111364	root://fndcadoor.fnal.gov:1095/pnfs/fnal.gov/usr/minerva/persistent/OpenData/MediumEnergy_FHC/MC/StandardMC/Playlist1E/MasterAnaDev_mc_AnaTuple_run00111364_Playlist.root	9.982416736800705e+18	9.982452300406477e+18	1	186830	551585	
FHC	mc	1E	mc111365	root://fndcadoor.fnal.gov:1095/pnfs/fnal.gov/usr/minerva/persistent/OpenData/MediumEnergy_FHC/MC/StandardMC/Playlist1E/MasterAnaDev_mc_AnaTuple_run00111365_Playlist.root	9.92863157035286e+18	9.928649339142793e+18	1	184945	549471	
FHC	mc	1E	mc111366	root://fndcadoor.fnal.gov:1095/pnfs/fnal.gov/usr/minerva/persistent/OpenData/MediumEnergy_FHC/MC/StandardMC/Playlist1E/MasterAnaDev_mc_AnaTuple_run00111366_Playlist.root	9.956507956439755e+18	9.956525681625422e+18	1	186065	550664	
FHC	mc	1E	mc111367	root://fndcadoor.fnal.gov:1095/pnfs/fnal.gov/usr/minerva/persistent/OpenData/MediumEnergy_FHC/MC/StandardMC/Playlist1E/MasterAnaDev_mc_AnaTuple_run00111367_Playlist.root	9.97492023675691e+18	9.974938856961933e+18	1	185110	550889	
FHC	mc	1E	mc111368	root://fndcadoor.fnal.gov:1095/pnfs/fnal.gov/usr/minerva/persistent/OpenData/MediumEnergy_FHC/MC/StandardMC/Playlist1E/MasterAnaDev_mc_AnaTuple_run00111368_Playlist.root	1.0007448173377462e+19	1.0007501920559614e+19	1	186872	553172	
FHC	mc	1E	mc111369	root://fndcadoor.fnal.gov:1095/pnfs/fnal.gov/usr/minerva/persistent/OpenData/MediumEnergy_FHC/MC/StandardMC/Playlist1E/MasterAnaDev_mc_AnaTuple_run00111369_Playlist.root	9.929643816008337e+18	9.92968066410341e+18	1	184921	548378	
FHC	mc	1E	mc111370	root://fndcadoor.fnal.gov:1095/pnfs/fnal.gov/usr/minerva/persistent/OpenData/MediumEnergy_FHC/MC/StandardMC/Playlist1E/MasterAnaDev_mc_AnaTuple_run00111370_Playlist.root	9.999826472785844e+18	9.999862635096363e+18	1	186769	552115	
FHC	mc	1E	mc111371	root://fndcadoor.fnal.gov:1095/pnfs/fnal.gov/usr/minerva/persistent/OpenData/MediumEnergy_FHC/MC/StandardMC/Playlist1E/MasterAnaDev_mc_AnaTuple_run00111371_Playlist.root	9.96858821538072e+18	9.96858821538072e+18	1	187100	552359	
FHC	mc	1E	mc111372	root://fndcadoor.fnal.gov:1095/pnfs/fnal.gov/usr/minerva/persistent/OpenData/MediumEnergy_FHC/MC/StandardMC/Playlist1E/MasterAnaDev_mc_AnaTuple_run00111372_Playlist.root	1.0001707229187387e+19	1.0001707229187387e+19	1	186577	551881	
FHC	mc	1E	mc111373	root://fndcadoor.fnal.gov:1095/pnfs/fnal.gov/usr/minerva/persistent/OpenData/MediumEnergy_FHC/MC/StandardMC/Playlist1E/MasterAnaDev_mc_AnaTuple_run00111373_Playlist.root	9.990527631214404e+18	9.990545000050655e+18	1	186450	552334	
FHC	mc	1E	mc111374	root://fndcadoor.fnal.gov:1095/pnfs/fnal.gov/usr/minerva/persistent/OpenData/MediumEnergy_FHC/MC/StandardMC/Playlist1E/MasterAnaDev_mc_AnaTuple_run00111374_Playlist.root	9.96901329733748e+18	9.969030737864034e+18	1	186742	552091	
FHC	mc	1E	mc111375	root://fndcadoor.fnal.gov:1095/pnfs/fnal.gov/usr/minerva/persistent/OpenData/MediumEnergy_FHC/MC/StandardMC/Playlist1E/MasterAnaDev_mc_AnaTuple_run00111375_Playlist.root	9.968847280895287e+18	9.968847280895287e+18	1	187038	551987	
FHC	mc	1F	mc111490	root://fndcadoor.fnal.gov:1095/pnfs/fnal.gov/usr/minerva/persistent/OpenData/MediumEnergy_FHC/MC/StandardMC/Playlist1F/MasterAnaDev_mc_AnaTuple_run00111490_Playlist.root	9.925811641334252e+18	9.925848939481104e+18	1	181274	549078	
FHC	mc	1F	mc111491	root://fndcadoor.fnal.gov:1095/pnfs/fnal.gov/usr/minerva/persistent/OpenData/MediumEnergy_FHC/MC/StandardMC/Playlist1F/MasterAnaDev_mc_AnaTuple_run00111491_Playlist.root	1.0001686715061406e+19	1.0001740048837908e+19	1	182910	553249	
FHC	mc	1F	mc111492	root://fndcadoor.fnal.gov:1095/pnfs/fnal.gov/usr/minerva/persistent/OpenData/MediumEnergy_FHC/MC/StandardMC/Playlist1F/MasterAnaDev_mc_AnaTuple_run00111492_Playlist.root	9.98692380610452e+18	9.986941381090638e+18	1	182461	552035	
FHC	mc	1F	mc111493	root://fndcadoor.fnal.gov:1095/pnfs/fnal.gov/usr/minerva/persistent/OpenData/MediumEnergy_FHC/MC/StandardMC/Playlist1F/MasterAnaDev_mc_AnaTuple_run00111493_Playlist.root	9.927003773797226e+18	9.927040427125262e+18	1	181146	548419	
FHC	mc	1F	mc111494	root://fndcadoor.fnal.gov:1095/pnfs/fnal.gov/usr/minerva/persistent/OpenData/MediumEnergy_FHC/MC/StandardMC/Playlist1F/MasterAnaDev_mc_AnaTuple_run00111494_Playlist.root	9.979925256420454e+18	9.97996116239669e+18	1	182813	551769	
FHC	mc	1F	mc111495	root://fndcadoor.fnal.gov:1095/pnfs/fnal.gov/usr/minerva/persistent/OpenData/MediumEnergy_FHC/MC/StandardMC/Playlist1F/MasterAnaDev_mc_AnaTuple_run00111495_Playlist.root	9.989561967324189e+18	9.989598553484644e+18	1	182904	552044	
FHC	mc	1F	mc111496	root://fndcadoor.fnal.gov:1095/pnfs/fnal.gov/usr/minerva/persistent/OpenData/MediumEnergy_FHC/MC/StandardMC/Playlist1F/MasterAnaDev_mc_AnaTuple_run00111496_Playlist.root	9.969955547645977e+18	9.970028745172494e+18	1	182915	552333	
FHC	mc	1F	mc111497	root://fndcadoor.fnal.gov:1095/pnfs/fnal.gov/usr/minerva/persistent/OpenData/MediumEnergy_FHC/MC/StandardMC/Playlist1F/MasterAnaDev_mc_AnaTuple_run00111497_Playlist.root	9.988955735380085e+18	9.988992604597959e+18	1	182322	551781	
FHC	mc	1F	mc111498	root://fndcadoor.fnal.gov:1095/pnfs/fnal.gov/usr/minerva/persistent/OpenData/MediumEnergy_FHC/MC/StandardMC/Playlist1F/MasterAnaDev_mc_AnaTuple_run00111498_Playlist.root	9.943135966742794e+18	9.94315432204735e+18	1	181111	550041	
FHC	mc	1F	mc111499	root://fndcadoor.fnal.gov:1095/pnfs/fnal.gov/usr/minerva/persistent/OpenData/MediumEnergy_FHC/MC/StandardMC/Playlist1F/MasterAnaDev_mc_AnaTuple_run00111499_Playlist.root	9.988824004507763e+18	9.988841363100619e+18	1	181958	551493	
FHC	mc	1F	mc111500	root://fndcadoor.fnal.gov:1095/pnfs/fnal.gov/usr/minerva/persistent/OpenData/MediumEnergy_FHC/MC/StandardMC/Playlist1F/MasterAnaDev_mc_AnaTuple_run00111500_Playlist.root	9.98872320955622e+18	9.988740848272695e+18	1	182110	551039	
FHC	mc	1F	mc111501	root://fndcadoor.fnal.gov:1095/pnfs/fnal.gov/usr/minerva/persistent/OpenData/MediumEnergy_FHC/MC/StandardMC/Playlist1F/MasterAnaDev_mc_AnaTuple_run00111501_Playlist.root	1.000338843481901e+19	1.0003424528734726e+19	1	182525	552362	
FHC	mc	1F	mc111502	root://fndcadoor.fnal.gov:1095/pnfs/fnal.gov/usr/minerva/persistent/OpenData/MediumEnergy_FHC/MC/StandardMC/Playlist1F/MasterAnaDev_mc_AnaTuple_run00111502_Playlist.root	9.954707481405278e+18	9.954725076420727e+18	1	181746	549927	
FHC	mc	1F	mc111503	root://fndcadoor.fnal.gov:1095/pnfs/fnal.gov/usr/minerva/persistent/OpenData/MediumEnergy_FHC/MC/StandardMC/Playlist1F/MasterAnaDev_mc_AnaTuple_run00111503_Playlist.root	9.98892258351682e+18	9.98895935743847e+18	1	182271	551567	
FHC	mc	1F	mc111504	root://fndcadoor.fnal.gov:1095/pnfs/fnal.gov/usr/minerva/persistent/OpenData/MediumEnergy_FHC/MC/StandardMC/Playlist1F/MasterAnaDev_mc_AnaTuple_run00111504_Playlist.root	9.934147470282047e+18	9.934165823598307e+18	1	181258	548810	
FHC	mc	1F	mc111505	root://fndcadoor.fnal.gov:1095/pnfs/fnal.gov/usr/minerva/persistent/OpenData/MediumEnergy_FHC/MC/StandardMC/Playlist1F/MasterAnaDev_mc_AnaTuple_run00111505_Playlist.root	9.992648014862449e+18	9.992702913992729e+18	1	181599	551453	
FHC	mc	1F	mc111506	root://fndcadoor.fnal.gov:1095/pnfs/fnal.gov/usr/minerva/persistent/OpenData/MediumEnergy_FHC/MC/StandardMC/Playlist1F/MasterAnaDev_mc_AnaTuple_run00111506_Playlist.root	9.931892000487375e+18	9.931926645773554e+18	1	181506	549138	
FHC	mc	1F	mc111507	root://fndcadoor.fnal.gov:1095/pnfs/fnal.gov/usr/minerva/persistent/OpenData/MediumEnergy_FHC/MC/StandardMC/Playlist1F/MasterAnaDev_mc_AnaTuple_run00111507_Playlist.root	9.908843549291209e+18	9.90889704356668e+18	1	181092	547351	
FHC	mc	1F	mc111508	root://fndcadoor.fnal.gov:1095/pnfs/fnal.gov/usr/minerva/persistent/OpenData/MediumEnergy_FHC/MC/StandardMC/Playlist1F/MasterAnaDev_mc_AnaTuple_run00111508_Playlist.root	9.868663714729972e+18	9.868682168902142e+18	1	179989	546332	
FHC	mc	1F	mc111509	root://fndcadoor.fnal.gov:1095/pnfs/fnal.gov/usr/minerva/persistent/OpenData/MediumEnergy_FHC/MC/StandardMC/Playlist1F/MasterAnaDev_mc_AnaTuple_run00111509_Playlist.root	9.989331552671728e+18	9.989331552671728e+18	1	181779	551941	
FHC	mc	1F	mc111510	root://fndcadoor.fnal.gov:1095/pnfs/fnal.gov/usr/minerva/persistent/OpenData/MediumEnergy_FHC/MC/StandardMC/Playlist1F/MasterAnaDev_mc_AnaTuple_run00111510_Playlist.root	9.910230010232877e+18	9.910230010232877e+18	1	181062	547405	
FHC	mc	1F	mc111511	root://fndcadoor.fnal.gov:1095/pnfs/fnal.gov/usr/minerva/persistent/OpenData/MediumEnergy_FHC/MC/StandardMC/Playlist1F/MasterAnaDev_mc_AnaTuple_run00111511_Playlist.root	9.981551494571586e+18	9.981587974752328e+18	1	182091	551910	
FHC	mc	1F	mc111512	root://fndcadoor.fnal.gov:1095/pnfs/fnal.gov/usr/minerva/persistent/OpenData/MediumEnergy_FHC/MC/StandardMC/Playlist1F/MasterAnaDev_mc_AnaTuple_run00111512_Playlist.root	9.98834690667332e+18	9.988365852295756e+18	1	182411	551523	
FHC	mc	1F	mc111513	root://fndcadoor.fnal.gov:1095/pnfs/fnal.gov/usr/minerva/persistent/OpenData/MediumEnergy_FHC/MC/StandardMC/Playlist1F/MasterAnaDev_mc_AnaTuple_run00111513_Playlist.root	1.0001412383274265e+19	1.0001429576166222e+19	1	182494	552651	
FHC	mc	1F	mc111514	root://fndcadoor.fnal.gov:1095/pnfs/fnal.gov/usr/minerva/persistent/OpenData/MediumEnergy_FHC/MC/StandardMC/Playlist1F/MasterAnaDev_mc_AnaTuple_run00111514_Playlist.root	9.958667823104475e+18	9.958703629933355e+18	1	181838	549937	
FHC	mc	1F	mc111515	root://fndcadoor.fnal.gov:1095/pnfs/fnal.gov/usr/minerva/persistent/OpenData/MediumEnergy_FHC/MC/StandardMC/Playlist1F/MasterAnaDev_mc_AnaTuple_run00111515_Playlist.root	9.982524506297577e+18	9.982524506297577e+18	1	182386	553036	
FHC	mc	1F	mc111516	root://fndcadoor.fnal.gov:1095/pnfs/fnal.gov/usr/minerva/persistent/OpenData/MediumEnergy_FHC/MC/StandardMC/Playlist1F/MasterAnaDev_mc_AnaTuple_run00111516_Playlist.root	9.98310389684903e+18	9.983140306591693e+18	1	182165	551730	
FHC	mc	1F	mc111517	root://fndcadoor.fnal.gov:1095/pnfs/fnal.gov/usr/minerva/persistent/OpenData/MediumEnergy_FHC/MC/StandardMC/Playlist1F/MasterAnaDev_mc_AnaTuple_run00111517_Playlist.root	9.98899294922134e+18	9.989047233912793e+18	1	182476	552544	
FHC	mc	1F	mc111518	root://fndcadoor.fnal.gov:1095/pnfs/fnal.gov/usr/minerva/persistent/OpenData/MediumEnergy_FHC/MC/StandardMC/Playlist1F/MasterAnaDev_mc_AnaTuple_run00111518_Playlist.root	1.0006863720923277e+19	1.0006863720923277e+19	1	183024	552613	
FHC	mc	1F	mc111519	root://fndcadoor.fnal.gov:1095/pnfs/fnal.gov/usr/minerva/persistent/OpenData/MediumEnergy_FHC/MC/StandardMC/Playlist1F/MasterAnaDev_mc_AnaTuple_run00111519_Playlist.root	9.988871851657806e+18	9.98890796524016e+18	1	181639	551105	
FHC	mc	1F	mc111520	root://fndcadoor.fnal.gov:1095/pnfs/fnal.gov/usr/minerva/persistent/OpenData/MediumEnergy_FHC/MC/StandardMC/Playlist1F/MasterAnaDev_mc_AnaTuple_run00111520_Playlist.root	1.000616811114675e+19	1.000620470467962e+19	1	182606	553311	
FHC	mc	1F	mc111521	root://fndcadoor.fnal.gov:1095/pnfs/fnal.gov/usr/minerva/persistent/OpenData/MediumEnergy_FHC/MC/StandardMC/Playlist1F/MasterAnaDev_mc_AnaTuple_run00111521_Playlist.root	9.987328712573288e+18	9.987366042133203e+18	1	181647	551445	
FHC	mc	1F	mc111522	root://fndcadoor.fnal.gov:1095/pnfs/fnal.gov/usr/minerva/persistent/OpenData/MediumEnergy_FHC/MC/StandardMC/Playlist1F/MasterAnaDev_mc_AnaTuple_run00111522_Playlist.root	9.97268364112348e+18	9.972757103787262e+18	1	181655	550298	
FHC	mc	1F	mc111523	root://fndcadoor.fnal.gov:1095/pnfs/fnal.gov/usr/minerva/persistent/OpenData/MediumEnergy_FHC/MC/StandardMC/Playlist1F/MasterAnaDev_mc_AnaTuple_run00111523_Playlist.root	9.923924029541186e+18	9.923960268859222e+18	1	180923	548834	
FHC	mc	1F	mc111524	root://fndcadoor.fnal.gov:1095/pnfs/fnal.gov/usr/minerva/persistent/OpenData/MediumEnergy_FHC/MC/StandardMC/Playlist1F/MasterAnaDev_mc_AnaTuple_run00111524_Playlist.root	9.967275515143852e+18	9.970587750031256e+18	1	181512	550828	
FHC	mc	1F	mc111525	root://fndcadoor.fnal.gov:1095/pnfs/fnal.gov/usr/minerva/persistent/OpenData/MediumEnergy_FHC/MC/StandardMC/Playlist1F/MasterAnaDev_mc_AnaTuple_run00111525_Playlist.root	9.88702731386092e+18	9.88704596637123e+18	1	181042	547414	
FHC	mc	1F	mc111526	root://fndcadoor.fnal.gov:1095/pnfs/fnal.gov/usr/minerva/persistent/OpenData/MediumEnergy_FHC/MC/StandardMC/Playlist1F/MasterAnaDev_mc_AnaTuple_run00111526_Playlist.root	9.928577393260761e+18	9.928649146145022e+18	1	180940	549294	
FHC	mc	1F	mc111527	root://fndcadoor.fnal.gov:1095/pnfs/fnal.gov/usr/minerva/persistent/OpenData/MediumEnergy_FHC/MC/StandardMC/Playlist1F/MasterAnaDev_mc_AnaTuple_run00111527_Playlist.root	9.95874718432581e+18	9.958819127094823e+18	1	181639	551359	
FHC	mc	1F	mc111528	root://fndcadoor.fnal.gov:1095/pnfs/fnal.gov/usr/minerva/persistent/OpenData/MediumEnergy_FHC/MC/StandardMC/Playlist1F/MasterAnaDev_mc_AnaTuple_run00111528_Playlist.root	9.989781726940398e+18	9.989781726940398e+18	1	182130	551569	
FHC	mc	1F	mc111529	root://fndcadoor.fnal.gov:1095/pnfs/fnal.gov/usr/minerva/persistent/OpenData/MediumEnergy_FHC/MC/StandardMC/Playlist1F/MasterAnaDev_mc_AnaTuple_run00111529_Playlist.root	9.927630129175644e+18	9.92766643478493e+18	1	181422	548454	
FHC	mc	1F	mc111530	root://fndcadoor.fnal.gov:1095/pnfs/fnal.gov/usr/minerva/persistent/OpenData/MediumEnergy_FHC/MC/StandardMC/Playlist1F/MasterAnaDev_mc_AnaTuple_run00111530_Playlist.root	9.949732881106352e+18	9.949732881106352e+18	1	181578	550321	
FHC	mc	1F	mc111531	root://fndcadoor.fnal.gov:1095/pnfs/fnal.gov/usr/minerva/persistent/OpenData/MediumEnergy_FHC/MC/StandardMC/Playlist1F/MasterAnaDev_mc_AnaTuple_run00111531_Playlist.root	9.979225479365933e+18	9.980351084526096e+18	1	181751	552636	
FHC	mc	1F	mc111532	root://fndcadoor.fnal.gov:1095/pnfs/fnal.gov/usr/minerva/persistent/OpenData/MediumEnergy_FHC/MC/StandardMC/Playlist1F/MasterAnaDev_mc_AnaTuple_run00111532_Playlist.root	1.000909626116058e+19	1.0009114088941353e+19	1	183027	552814	
FHC	mc	1F	mc111533	root://fndcadoor.fnal.gov:1095/pnfs/fnal.gov/usr/minerva/persistent/OpenData/MediumEnergy_FHC/MC/StandardMC/Playlist1F/MasterAnaDev_mc_AnaTuple_run00111533_Playlist.root	9.888998565367917e+18	9.889017142038802e+18	1	180600	546719	
FHC	mc	1F	mc111534	root://fndcadoor.fnal.gov:1095/pnfs/fnal.gov/usr/minerva/persistent/OpenData/MediumEnergy_FHC/MC/StandardMC/Playlist1F/MasterAnaDev_mc_AnaTuple_run00111534_Playlist.root	9.940139720802685e+18	9.940195434521346e+18	1	181113	549404	
FHC	mc	1F	mc111535	root://fndcadoor.fnal.gov:1095/pnfs/fnal.gov/usr/minerva/persistent/OpenData/MediumEnergy_FHC/MC/StandardMC/Playlist1F/MasterAnaDev_mc_AnaTuple_run00111535_Playlist.root	9.964904280007223e+18	9.96494014586525e+18	1	181827	550753	
FHC	mc	1F	mc111536	root://fndcadoor.fnal.gov:1095/pnfs/fnal.gov/usr/minerva/persistent/OpenData/MediumEnergy_FHC/MC/StandardMC/Playlist1F/MasterAnaDev_mc_AnaTuple_run00111536_Playlist.root	9.900770404901835e+18	9.900825874459296e+18	1	180667	546882	
FHC	mc	1F	mc111537	root://fndcadoor.fnal.gov:1095/pnfs/fnal.gov/usr/minerva/persistent/OpenData/MediumEnergy_FHC/MC/StandardMC/Playlist1F/MasterAnaDev_mc_AnaTuple_run00111537_Playlist.root	9.892278211096095e+18	9.892313840898204e+18	1	181131	547439	
FHC	mc	1F	mc111538	root://fndcadoor.fnal.gov:1095/pnfs/fnal.gov/usr/minerva/persistent/OpenData/MediumEnergy_FHC/MC/StandardMC/Playlist1F/MasterAnaDev_mc_AnaTuple_run00111538_Playlist.root	9.978267783009182e+18	9.97835798024913e+18	1	181693	550664	
FHC	mc	1F	mc111539	root://fndcadoor.fnal.gov:1095/pnfs/fnal.gov/usr/minerva/persistent/OpenData/MediumEnergy_FHC/MC/StandardMC/Playlist1F/MasterAnaDev_mc_AnaTuple_run00111539_Playlist.root	9.95553630892259e+18	9.955571343801928e+18	1	182013	551460	
FHC	mc	1F	mc111540	root://fndcadoor.fnal.gov:1095/pnfs/fnal.gov/usr/minerva/persistent/OpenData/MediumEnergy_FHC/MC/StandardMC/Playlist1F/MasterAnaDev_mc_AnaTuple_run00111540_Playlist.root	9.968836415891524e+18	9.968836415891524e+18	1	181381	550512	
FHC	mc	1F	mc111541	root://fndcadoor.fnal.gov:1095/pnfs/fnal.gov/usr/minerva/persistent/OpenData/MediumEnergy_FHC/MC/StandardMC/Playlist1F/MasterAnaDev_mc_AnaTuple_run00111541_Playlist.root	9.929221505159578e+18	9.929257857328536e+18	1	182236	550394	
FHC	mc	1F	mc111542	root://fndcadoor.fnal.gov:1095/pnfs/fnal.gov/usr/minerva/persistent/OpenData/MediumEnergy_FHC/MC/StandardMC/Playlist1F/MasterAnaDev_mc_AnaTuple_run00111542_Playlist.root	9.9955666973697e+18	9.9955666973697e+18	1	182326	552357	
FHC	mc	1F	mc111543	root://fndcadoor.fnal.gov:1095/pnfs/fnal.gov/usr/minerva/persistent/OpenData/MediumEnergy_FHC/MC/StandardMC/Playlist1F/MasterAnaDev_mc_AnaTuple_run00111543_Playlist.root	9.992284230922977e+18	9.992301238596688e+18	1	182064	551657	
FHC	mc	1F	mc111544	root://fndcadoor.fnal.gov:1095/pnfs/fnal.gov/usr/minerva/persistent/OpenData/MediumEnergy_FHC/MC/StandardMC/Playlist1F/MasterAnaDev_mc_AnaTuple_run00111544_Playlist.root	9.97295219664026e+18	9.972971229243576e+18	1	182353	551872	
FHC	mc	1F	mc111545	root://fndcadoor.fnal.gov:1095/pnfs/fnal.gov/usr/minerva/persistent/OpenData/MediumEnergy_FHC/MC/StandardMC/Playlist1F/MasterAnaDev_mc_AnaTuple_run00111545_Playlist.root	9.926602473871397e+18	9.926638033561823e+18	1	181121	549474	
FHC	mc	1F	mc111546	root://fndcadoor.fnal.gov:1095/pnfs/fnal.gov/usr/minerva/persistent/OpenData/MediumEnergy_FHC/MC/StandardMC/Playlist1F/MasterAnaDev_mc_AnaTuple_run00111546_Playlist.root	9.945154229972144e+18	9.945172183752796e+18	1	181303	549517	
FHC	mc	1F	mc111547	root://fndcadoor.fnal.gov:1095/pnfs/fnal.gov/usr/minerva/persistent/OpenData/MediumEnergy_FHC/MC/StandardMC/Playlist1F/MasterAnaDev_mc_AnaTuple_run00111547_Playlist.root	9.948961660859554e+18	9.948997792159066e+18	1	181952	550137	
FHC	mc	1F	mc111548	root://fndcadoor.fnal.gov:1095/pnfs/fnal.gov/usr/minerva/persistent/OpenData/MediumEnergy_FHC/MC/StandardMC/Playlist1F/MasterAnaDev_mc_AnaTuple_run00111548_Playlist.root	9.962406809541085e+18	9.962441769518553e+18	1	181908	551157	
FHC	mc	1F	mc111549	root://fndcadoor.fnal.gov:1095/pnfs/fnal.gov/usr/minerva/persistent/OpenData/MediumEnergy_FHC/MC/StandardMC/Playlist1F/MasterAnaDev_mc_AnaTuple_run00111549_Playlist.root	9.848873415594373e+18	9.848873415594373e+18	1	179800	545118	
FHC	mc	1F	mc111550	root://fndcadoor.fnal.gov:1095/pnfs/fnal.gov/usr/minerva/persistent/OpenData/MediumEnergy_FHC/MC/StandardMC/Playlist1F/MasterAnaDev_mc_AnaTuple_run00111550_Playlist.root	9.903386558437358e+18	9.903404226727913e+18	1	180767	547990	
FHC	mc	1F	mc111551	root://fndcadoor.fnal.gov:1095/pnfs/fnal.gov/usr/minerva/persistent/OpenData/MediumEnergy_FHC/MC/StandardMC/Playlist1F/MasterAnaDev_mc_AnaTuple_run00111551_Playlist.root	9.922586986622616e+18	9.922586986622616e+18	1	181117	547532	
FHC	mc	1F	mc111552	root://fndcadoor.fnal.gov:1095/pnfs/fnal.gov/usr/minerva/persistent/OpenData/MediumEnergy_FHC/MC/StandardMC/Playlist1F/MasterAnaDev_mc_AnaTuple_run00111552_Playlist.root	9.956440966649821e+18	9.956476144891922e+18	1	182268	549865	
FHC	mc	1F	mc111553	root://fndcadoor.fnal.gov:1095/pnfs/fnal.gov/usr/minerva/persistent/OpenData/MediumEnergy_FHC/MC/StandardMC/Playlist1F/MasterAnaDev_mc_AnaTuple_run00111553_Playlist.root	9.98905661340515e+18	9.989093446359532e+18	1	182200	551800	
FHC	mc	1F	mc111554	root://fndcadoor.fnal.gov:1095/pnfs/fnal.gov/usr/minerva/persistent/OpenData/MediumEnergy_FHC/MC/StandardMC/Playlist1F/MasterAnaDev_mc_AnaTuple_run00111554_Playlist.root	9.909243191307606e+18	9.909280344306051e+18	1	180131	546810	
FHC	mc	1F	mc111555	root://fndcadoor.fnal.gov:1095/pnfs/fnal.gov/usr/minerva/persistent/OpenData/MediumEnergy_FHC/MC/StandardMC/Playlist1F/MasterAnaDev_mc_AnaTuple_run00111555_Playlist.root	9.985719590844158e+18	9.985754959936707e+18	1	182049	552167	
FHC	mc	1F	mc111556	root://fndcadoor.fnal.gov:1095/pnfs/fnal.gov/usr/minerva/persistent/OpenData/MediumEnergy_FHC/MC/StandardMC/Playlist1F/MasterAnaDev_mc_AnaTuple_run00111556_Playlist.root	9.925564307868264e+18	9.925564307868264e+18	1	179960	547009	
FHC	mc	1F	mc111557	root://fndcadoor.fnal.gov:1095/pnfs/fnal.gov/usr/minerva/persistent/OpenData/MediumEnergy_FHC/MC/StandardMC/Playlist1F/MasterAnaDev_mc_AnaTuple_run00111557_Playlist.root	1.000896512364842e+19	1.0009000714661337e+19	1	183042	554010	
FHC	mc	1F	mc111558	root://fndcadoor.fnal.gov:1095/pnfs/fnal.gov/usr/minerva/persistent/OpenData/MediumEnergy_FHC/MC/StandardMC/Playlist1F/MasterAnaDev_mc_AnaTuple_run00111558_Playlist.root	9.969247737919734e+18	9.969284736291965e+18	1	181923	550823	
FHC	mc	1F	mc111559	root://fndcadoor.fnal.gov:1095/pnfs/fnal.gov/usr/minerva/persistent/OpenData/MediumEnergy_FHC/MC/StandardMC/Playlist1F/MasterAnaDev_mc_AnaTuple_run00111559_Playlist.root	9.988826231126907e+18	9.988880829360613e+18	1	182486	551285	
FHC	mc	1F	mc111560	root://fndcadoor.fnal.gov:1095/pnfs/fnal.gov/usr/minerva/persistent/OpenData/MediumEnergy_FHC/MC/StandardMC/Playlist1F/MasterAnaDev_mc_AnaTuple_run00111560_Playlist.root	1.0009815637675756e+19	1.0009833586785677e+19	1	182702	552827	
FHC	mc	1G	mc110150	root://fndcadoor.fnal.gov:1095/pnfs/fnal.gov/usr/minerva/persistent/OpenData/MediumEnergy_FHC/MC/StandardMC/Playlist1G/MasterAnaDev_mc_AnaTuple_run00110150_Playlist.root	9.901570261342796e+18	9.901624819538764e+18	1	182014	540053	
FHC	mc	1G	mc110151	root://fndcadoor.fnal.gov:1095/pnfs/fnal.gov/usr/minerva/persistent/OpenData/MediumEnergy_FHC/MC/StandardMC/Playlist1G/MasterAnaDev_mc_AnaTuple_run00110151_Playlist.root	9.753109869237838e+18	9.753128239864637e+18	1	178006	530403	
FHC	mc	1G	mc110152	root://fndcadoor.fnal.gov:1095/pnfs/fnal.gov/usr/minerva/persistent/OpenData/MediumEnergy_FHC/MC/StandardMC/Playlist1G/MasterAnaDev_mc_AnaTuple_run00110152_Playlist.root	9.848977939348896e+18	9.848977939348896e+18	1	181250	537257	
FHC	mc	1G	mc110153	root://fndcadoor.fnal.gov:1095/pnfs/fnal.gov/usr/minerva/persistent/OpenData/MediumEnergy_FHC/MC/StandardMC/Playlist1G/MasterAnaDev_mc_AnaTuple_run00110153_Playlist.root	9.867588219727143e+18	9.867588219727143e+18	1	180511	537588	
FHC	mc	1G	mc110154	root://fndcadoor.fnal.gov:1095/pnfs/fnal.gov/usr/minerva/persistent/OpenData/MediumEnergy_FHC/MC/StandardMC/Playlist1G/MasterAnaDev_mc_AnaTuple_run00110154_Playlist.root	9.768632188887716e+18	9.7686696246052e+18	1	179501	533028	
FHC	mc	1G	mc110155	root://fndcadoor.fnal.gov:1095/pnfs/fnal.gov/usr/minerva/persistent/OpenData/MediumEnergy_FHC/MC/StandardMC/Playlist1G/MasterAnaDev_mc_AnaTuple_run00110155_Playlist.root	9.809357113861366e+18	9.809375721562927e+18	1	180418	534228	
FHC	mc	1G	mc110156	root://fndcadoor.fnal.gov:1095/pnfs/fnal.gov/usr/minerva/persistent/OpenData/MediumEnergy_FHC/MC/StandardMC/Playlist1G/MasterAnaDev_mc_AnaTuple_run00110156_Playlist.root	9.788753041192927e+18	9.78877218728133e+18	1	179498	533031	
FHC	mc	1G	mc110157	root://fndcadoor.fnal.gov:1095/pnfs/fnal.gov/usr/minerva/persistent/OpenData/MediumEnergy_FHC/MC/StandardMC/Playlist1G/MasterAnaDev_mc_AnaTuple_run00110157_Playlist.root	9.728921230414944e+18	9.728975076239118e+18	1	178955	532043	
FHC	mc	1G	mc110158	root://fndcadoor.fnal.gov:1095/pnfs/fnal.gov/usr/minerva/persistent/OpenData/MediumEnergy_FHC/MC/StandardMC/Playlist1G/MasterAnaDev_mc_AnaTuple_run00110158_Playlist.root	9.77707606342538e+18	9.777093642571547e+18	1	179337	533030	
FHC	mc	1G	mc110159	root://fndcadoor.fnal.gov:1095/pnfs/fnal.gov/usr/minerva/persistent/OpenData/MediumEnergy_FHC/MC/StandardMC/Playlist1G/MasterAnaDev_mc_AnaTuple_run00110159_Playlist.root	9.818879857201293e+18	9.818916606500342e+18	1	179922	534278	
FHC	mc	1G	mc110160	root://fndcadoor.fnal.gov:1095/pnfs/fnal.gov/usr/minerva/persistent/OpenData/MediumEnergy_FHC/MC/StandardMC/Playlist1G/MasterAnaDev_mc_AnaTuple_run00110160_Playlist.root	9.827429531733596e+18	9.82974411602977e+18	1	180614	536564	
FHC	mc	1G	mc110161	root://fndcadoor.fnal.gov:1095/pnfs/fnal.gov/usr/minerva/persistent/OpenData/MediumEnergy_FHC/MC/StandardMC/Playlist1G/MasterAnaDev_mc_AnaTuple_run00110161_Playlist.root	9.7528732264356e+18	9.75291049649249e+18	1	179275	530772	
FHC	mc	1G	mc110162	root://fndcadoor.fnal.gov:1095/pnfs/fnal.gov/usr/minerva/persistent/OpenData/MediumEnergy_FHC/MC/StandardMC/Playlist1G/MasterAnaDev_mc_AnaTuple_run00110162_Playlist.root	9.852016640038463e+18	9.852034230823672e+18	1	181350	538341	
FHC	mc	1G	mc110163	root://fndcadoor.fnal.gov:1095/pnfs/fnal.gov/usr/minerva/persistent/OpenData/MediumEnergy_FHC/MC/StandardMC/Playlist1G/MasterAnaDev_mc_AnaTuple_run00110163_Playlist.root	9.767423349607668e+18	9.767442380887626e+18	1	179000	532116	
FHC	mc	1G	mc110164	root://fndcadoor.fnal.gov:1095/pnfs/fnal.gov/usr/minerva/persistent/OpenData/MediumEnergy_FHC/MC/StandardMC/Playlist1G/MasterAnaDev_mc_AnaTuple_run00110164_Playlist.root	9.88856852983063e+18	9.88856852983063e+18	1	181206	539021	
FHC	mc	1G	mc110165	root://fndcadoor.fnal.gov:1095/pnfs/fnal.gov/usr/minerva/persistent/OpenData/MediumEnergy_FHC/MC/StandardMC/Playlist1G/MasterAnaDev_mc_AnaTuple_run00110165_Playlist.root	9.802120897193814e+18	9.80213854612307e+18	1	180971	536482	
FHC	mc	1G	mc110166	root://fndcadoor.fnal.gov:1095/pnfs/fnal.gov/usr/minerva/persistent/OpenData/MediumEnergy_FHC/MC/StandardMC/Playlist1G/MasterAnaDev_mc_AnaTuple_run00110166_Playlist.root	9.87254747576526e+18	9.87254747576526e+18	1	181749	538067	
FHC	mc	1G	mc110167	root://fndcadoor.fnal.gov:1095/pnfs/fnal.gov/usr/minerva/persistent/OpenData/MediumEnergy_FHC/MC/StandardMC/Playlist1G/MasterAnaDev_mc_AnaTuple_run00110167_Playlist.root	9.714865848633158e+18	9.714939237613961e+18	1	178088	529545	
FHC	mc	1G	mc110168	root://fndcadoor.fnal.gov:1095/pnfs/fnal.gov/usr/minerva/persistent/OpenData/MediumEnergy_FHC/MC/StandardMC/Playlist1G/MasterAnaDev_mc_AnaTuple_run00110168_Playlist.root	9.811955122984518e+18	9.811973248694417e+18	1	180414	535498	
FHC	mc	1G	mc110169	root://fndcadoor.fnal.gov:1095/pnfs/fnal.gov/usr/minerva/persistent/OpenData/MediumEnergy_FHC/MC/StandardMC/Playlist1G/MasterAnaDev_mc_AnaTuple_run00110169_Playlist.root	9.75370138346276e+18	9.753738508810031e+18	1	179527	532226	
FHC	mc	1G	mc110170	root://fndcadoor.fnal.gov:1095/pnfs/fnal.gov/usr/minerva/persistent/OpenData/MediumEnergy_FHC/MC/StandardMC/Playlist1G/MasterAnaDev_mc_AnaTuple_run00110170_Playlist.root	9.890110894176846e+18	9.8901464809112e+18	1	180953	537437	
FHC	mc	1G	mc110171	root://fndcadoor.fnal.gov:1095/pnfs/fnal.gov/usr/minerva/persistent/OpenData/MediumEnergy_FHC/MC/StandardMC/Playlist1G/MasterAnaDev_mc_AnaTuple_run00110171_Playlist.root	9.776898198625546e+18	9.776916758166557e+18	1	179365	533020	
FHC	mc	1G	mc110172	root://fndcadoor.fnal.gov:1095/pnfs/fnal.gov/usr/minerva/persistent/OpenData/MediumEnergy_FHC/MC/StandardMC/Playlist1G/MasterAnaDev_mc_AnaTuple_run00110172_Playlist.root	9.785061775021111e+18	9.785079618767346e+18	1	179977	534148	
FHC	mc	1G	mc110173	root://fndcadoor.fnal.gov:1095/pnfs/fnal.gov/usr/minerva/persistent/OpenData/MediumEnergy_FHC/MC/StandardMC/Playlist1G/MasterAnaDev_mc_AnaTuple_run00110173_Playlist.root	9.868611925393144e+18	9.868611925393144e+18	1	182274	538856	
FHC	mc	1G	mc110174	root://fndcadoor.fnal.gov:1095/pnfs/fnal.gov/usr/minerva/persistent/OpenData/MediumEnergy_FHC/MC/StandardMC/Playlist1G/MasterAnaDev_mc_AnaTuple_run00110174_Playlist.root	9.776598135707492e+18	9.776635020999152e+18	1	179491	533125	
FHC	mc	1G	mc110175	root://fndcadoor.fnal.gov:1095/pnfs/fnal.gov/usr/minerva/persistent/OpenData/MediumEnergy_FHC/MC/StandardMC/Playlist1G/MasterAnaDev_mc_AnaTuple_run00110175_Playlist.root	9.790735442029316e+18	9.790790524260674e+18	1	179691	532915	
FHC	mc	1G	mc110176	root://fndcadoor.fnal.gov:1095/pnfs/fnal.gov/usr/minerva/persistent/OpenData/MediumEnergy_FHC/MC/StandardMC/Playlist1G/MasterAnaDev_mc_AnaTuple_run00110176_Playlist.root	9.73038550318286e+18	9.730441834349758e+18	1	177890	529455	
FHC	mc	1G	mc110177	root://fndcadoor.fnal.gov:1095/pnfs/fnal.gov/usr/minerva/persistent/OpenData/MediumEnergy_FHC/MC/StandardMC/Playlist1G/MasterAnaDev_mc_AnaTuple_run00110177_Playlist.root	9.83260143383066e+18	9.832637711890633e+18	1	180477	536475	
FHC	mc	1G	mc110178	root://fndcadoor.fnal.gov:1095/pnfs/fnal.gov/usr/minerva/persistent/OpenData/MediumEnergy_FHC/MC/StandardMC/Playlist1G/MasterAnaDev_mc_AnaTuple_run00110178_Playlist.root	9.708599494162147e+18	9.708653191009903e+18	1	178061	528658	
FHC	mc	1G	mc110179	root://fndcadoor.fnal.gov:1095/pnfs/fnal.gov/usr/minerva/persistent/OpenData/MediumEnergy_FHC/MC/StandardMC/Playlist1G/MasterAnaDev_mc_AnaTuple_run00110179_Playlist.root	9.68416667281004e+18	9.68427580688481e+18	1	177924	528536	
FHC	mc	1G	mc110180	root://fndcadoor.fnal.gov:1095/pnfs/fnal.gov/usr/minerva/persistent/OpenData/MediumEnergy_FHC/MC/StandardMC/Playlist1G/MasterAnaDev_mc_AnaTuple_run00110180_Playlist.root	9.801566803656514e+18	9.801585045724987e+18	1	179581	533690	
FHC	mc	1G	mc110181	root://fndcadoor.fnal.gov:1095/pnfs/fnal.gov/usr/minerva/persistent/OpenData/MediumEnergy_FHC/MC/StandardMC/Playlist1G/MasterAnaDev_mc_AnaTuple_run00110181_Playlist.root	9.688817576863564e+18	9.688836530731037e+18	1	178148	527743	
FHC	mc	1G	mc110182	root://fndcadoor.fnal.gov:1095/pnfs/fnal.gov/usr/minerva/persistent/OpenData/MediumEnergy_FHC/MC/StandardMC/Playlist1G/MasterAnaDev_mc_AnaTuple_run00110182_Playlist.root	9.72891214108777e+18	9.72893110172184e+18	1	179334	530893	
FHC	mc	1G	mc110183	root://fndcadoor.fnal.gov:1095/pnfs/fnal.gov/usr/minerva/persistent/OpenData/MediumEnergy_FHC/MC/StandardMC/Playlist1G/MasterAnaDev_mc_AnaTuple_run00110183_Playlist.root	9.708977263094952e+18	9.70907004895255e+18	1	178398	529069	
FHC	mc	1G	mc110184	root://fndcadoor.fnal.gov:1095/pnfs/fnal.gov/usr/minerva/persistent/OpenData/MediumEnergy_FHC/MC/StandardMC/Playlist1G/MasterAnaDev_mc_AnaTuple_run00110184_Playlist.root	9.831193152711285e+18	9.831248548213027e+18	1	180979	536241	
FHC	mc	1G	mc110185	root://fndcadoor.fnal.gov:1095/pnfs/fnal.gov/usr/minerva/persistent/OpenData/MediumEnergy_FHC/MC/StandardMC/Playlist1G/MasterAnaDev_mc_AnaTuple_run00110185_Playlist.root	9.888623204377344e+18	9.888640794608927e+18	1	181936	538169	
FHC	mc	1G	mc110186	root://fndcadoor.fnal.gov:1095/pnfs/fnal.gov/usr/minerva/persistent/OpenData/MediumEnergy_FHC/MC/StandardMC/Playlist1G/MasterAnaDev_mc_AnaTuple_run00110186_Playlist.root	9.6941832480484e+18	9.6941832480484e+18	1	177877	528575	
FHC	mc	1G	mc110187	root://fndcadoor.fnal.gov:1095/pnfs/fnal.gov/usr/minerva/persistent/OpenData/MediumEnergy_FHC/MC/StandardMC/Playlist1G/MasterAnaDev_mc_AnaTuple_run00110187_Playlist.root	9.75284246047448e+18	9.75287824849839e+18	1	179007	531754	
FHC	mc	1G	mc110188	root://fndcadoor.fnal.gov:1095/pnfs/fnal.gov/usr/minerva/persistent/OpenData/MediumEnergy_FHC/MC/StandardMC/Playlist1G/MasterAnaDev_mc_AnaTuple_run00110188_Playlist.root	9.632481291525132e+18	9.63250015623263e+18	1	176481	525407	
FHC	mc	1G	mc110189	root://fndcadoor.fnal.gov:1095/pnfs/fnal.gov/usr/minerva/persistent/OpenData/MediumEnergy_FHC/MC/StandardMC/Playlist1G/MasterAnaDev_mc_AnaTuple_run00110189_Playlist.root	9.670386755506805e+18	9.670404540290034e+18	1	177773	527269	
FHC	mc	1G	mc110190	root://fndcadoor.fnal.gov:1095/pnfs/fnal.gov/usr/minerva/persistent/OpenData/MediumEnergy_FHC/MC/StandardMC/Playlist1G/MasterAnaDev_mc_AnaTuple_run00110190_Playlist.root	9.702836037781055e+18	9.702854682908854e+18	1	178800	529104	
FHC	mc	1G	mc110191	root://fndcadoor.fnal.gov:1095/pnfs/fnal.gov/usr/minerva/persistent/OpenData/MediumEnergy_FHC/MC/StandardMC/Playlist1G/MasterAnaDev_mc_AnaTuple_run00110191_Playlist.root	9.865544158500944e+18	9.865562040412355e+18	1	180924	537381	
FHC	mc	1G	mc110192	root://fndcadoor.fnal.gov:1095/pnfs/fnal.gov/usr/minerva/persistent/OpenData/MediumEnergy_FHC/MC/StandardMC/Playlist1G/MasterAnaDev_mc_AnaTuple_run00110192_Playlist.root	9.768801591845888e+18	9.768801591845888e+18	1	179460	531926	
FHC	mc	1G	mc110193	root://fndcadoor.fnal.gov:1095/pnfs/fnal.gov/usr/minerva/persistent/OpenData/MediumEnergy_FHC/MC/StandardMC/Playlist1G/MasterAnaDev_mc_AnaTuple_run00110193_Playlist.root	9.716521348203268e+18	9.716540385634236e+18	1	179091	529596	
FHC	mc	1G	mc110194	root://fndcadoor.fnal.gov:1095/pnfs/fnal.gov/usr/minerva/persistent/OpenData/MediumEnergy_FHC/MC/StandardMC/Playlist1G/MasterAnaDev_mc_AnaTuple_run00110194_Playlist.root	9.617038012406786e+18	9.617112120407003e+18	1	177096	524721	
FHC	mc	1G	mc110195	root://fndcadoor.fnal.gov:1095/pnfs/fnal.gov/usr/minerva/persistent/OpenData/MediumEnergy_FHC/MC/StandardMC/Playlist1G/MasterAnaDev_mc_AnaTuple_run00110195_Playlist.root	9.651889232636946e+18	9.651945322439115e+18	1	176616	525514	
FHC	mc	1G	mc110196	root://fndcadoor.fnal.gov:1095/pnfs/fnal.gov/usr/minerva/persistent/OpenData/MediumEnergy_FHC/MC/StandardMC/Playlist1G/MasterAnaDev_mc_AnaTuple_run00110196_Playlist.root	9.729885110578704e+18	9.729903443078617e+18	1	178886	530724	
FHC	mc	1G	mc110197	root://fndcadoor.fnal.gov:1095/pnfs/fnal.gov/usr/minerva/persistent/OpenData/MediumEnergy_FHC/MC/StandardMC/Playlist1G/MasterAnaDev_mc_AnaTuple_run00110197_Playlist.root	9.669034361186871e+18	9.669034361186871e+18	1	178390	528411	
FHC	mc	1G	mc110198	root://fndcadoor.fnal.gov:1095/pnfs/fnal.gov/usr/minerva/persistent/OpenData/MediumEnergy_FHC/MC/StandardMC/Playlist1G/MasterAnaDev_mc_AnaTuple_run00110198_Playlist.root	9.58718295981027e+18	9.587201031837626e+18	1	177056	523844	
FHC	mc	1G	mc110199	root://fndcadoor.fnal.gov:1095/pnfs/fnal.gov/usr/minerva/persistent/OpenData/MediumEnergy_FHC/MC/StandardMC/Playlist1G/MasterAnaDev_mc_AnaTuple_run00110199_Playlist.root	9.704356895208053e+18	9.704410474047672e+18	1	178559	529384	
FHC	mc	1G	mc110200	root://fndcadoor.fnal.gov:1095/pnfs/fnal.gov/usr/minerva/persistent/OpenData/MediumEnergy_FHC/MC/StandardMC/Playlist1G/MasterAnaDev_mc_AnaTuple_run00110200_Playlist.root	9.4887277542184e+18	9.488745757272631e+18	1	173957	518005	
FHC	mc	1G	mc110201	root://fndcadoor.fnal.gov:1095/pnfs/fnal.gov/usr/minerva/persistent/OpenData/MediumEnergy_FHC/MC/StandardMC/Playlist1G/MasterAnaDev_mc_AnaTuple_run00110201_Playlist.root	9.788154470966147e+18	9.788171859324799e+18	1	178871	532616	
FHC	mc	1G	mc110202	root://fndcadoor.fnal.gov:1095/pnfs/fnal.gov/usr/minerva/persistent/OpenData/MediumEnergy_FHC/MC/StandardMC/Playlist1G/MasterAnaDev_mc_AnaTuple_run00110202_Playlist.root	9.760538459772068e+18	9.760555550061537e+18	1	179621	531963	
FHC	mc	1G	mc110203	root://fndcadoor.fnal.gov:1095/pnfs/fnal.gov/usr/minerva/persistent/OpenData/MediumEnergy_FHC/MC/StandardMC/Playlist1G/MasterAnaDev_mc_AnaTuple_run00110203_Playlist.root	9.748703934975117e+18	9.748721913804894e+18	1	179105	531551	
FHC	mc	1G	mc110204	root://fndcadoor.fnal.gov:1095/pnfs/fnal.gov/usr/minerva/persistent/OpenData/MediumEnergy_FHC/MC/StandardMC/Playlist1G/MasterAnaDev_mc_AnaTuple_run00110204_Playlist.root	9.669139012183273e+18	9.669211779228338e+18	1	177745	528896	
FHC	mc	1G	mc110205	root://fndcadoor.fnal.gov:1095/pnfs/fnal.gov/usr/minerva/persistent/OpenData/MediumEnergy_FHC/MC/StandardMC/Playlist1G/MasterAnaDev_mc_AnaTuple_run00110205_Playlist.root	9.869171029245125e+18	9.869226171093449e+18	1	180755	537403	
FHC	mc	1G	mc110206	root://fndcadoor.fnal.gov:1095/pnfs/fnal.gov/usr/minerva/persistent/OpenData/MediumEnergy_FHC/MC/StandardMC/Playlist1G/MasterAnaDev_mc_AnaTuple_run00110206_Playlist.root	9.79454613040844e+18	9.794602763839425e+18	1	180180	534670	
FHC	mc	1G	mc110207	root://fndcadoor.fnal.gov:1095/pnfs/fnal.gov/usr/minerva/persistent/OpenData/MediumEnergy_FHC/MC/StandardMC/Playlist1G/MasterAnaDev_mc_AnaTuple_run00110207_Playlist.root	9.786943413256112e+18	9.787015844989723e+18	1	179607	533331	
FHC	mc	1G	mc110208	root://fndcadoor.fnal.gov:1095/pnfs/fnal.gov/usr/minerva/persistent/OpenData/MediumEnergy_FHC/MC/StandardMC/Playlist1G/MasterAnaDev_mc_AnaTuple_run00110208_Playlist.root	9.769416677530063e+18	9.76943499300974e+18	1	178867	532245	
FHC	mc	1G	mc110209	root://fndcadoor.fnal.gov:1095/pnfs/fnal.gov/usr/minerva/persistent/OpenData/MediumEnergy_FHC/MC/StandardMC/Playlist1G/MasterAnaDev_mc_AnaTuple_run00110209_Playlist.root	9.68664631952767e+18	9.6866816235103e+18	1	176939	527477	
FHC	mc	1G	mc110210	root://fndcadoor.fnal.gov:1095/pnfs/fnal.gov/usr/minerva/persistent/OpenData/MediumEnergy_FHC/MC/StandardMC/Playlist1G/MasterAnaDev_mc_AnaTuple_run00110210_Playlist.root	9.70416739275669e+18	9.7042426601983e+18	1	177916	528921	
FHC	mc	1L	mc113000	root://fndcadoor.fnal.gov:1095/pnfs/fnal.gov/usr/minerva/persistent/OpenData/MediumEnergy_FHC/MC/StandardMC/Playlist1L/MasterAnaDev_mc_AnaTuple_run00113000_Playlist.root	9.522544871941847e+18	9.5283878109446e+18	1	172430	533702	
FHC	mc	1L	mc113001	root://fndcadoor.fnal.gov:1095/pnfs/fnal.gov/usr/minerva/persistent/OpenData/MediumEnergy_FHC/MC/StandardMC/Playlist1L/MasterAnaDev_mc_AnaTuple_run00113001_Playlist.root	9.778146248544887e+18	9.77974853835495e+18	1	177720	549355	
FHC	mc	1L	mc113002	root://fndcadoor.fnal.gov:1095/pnfs/fnal.gov/usr/minerva/persistent/OpenData/MediumEnergy_FHC/MC/StandardMC/Playlist1L/MasterAnaDev_mc_AnaTuple_run00113002_Playlist.root	9.821227046429342e+18	9.824438057589723e+18	1	178406	550857	
FHC	mc	1L	mc113003	root://fndcadoor.fnal.gov:1095/pnfs/fnal.gov/usr/minerva/persistent/OpenData/MediumEnergy_FHC/MC/StandardMC/Playlist1L/MasterAnaDev_mc_AnaTuple_run00113003_Playlist.root	9.657193778155387e+18	9.673386767402228e+18	1	175574	542956	
FHC	mc	1L	mc113004	root://fndcadoor.fnal.gov:1095/pnfs/fnal.gov/usr/minerva/persistent/OpenData/MediumEnergy_FHC/MC/StandardMC/Playlist1L/MasterAnaDev_mc_AnaTuple_run00113004_Playlist.root	9.784052072685564e+18	9.788649412203813e+18	1	177156	548797	
FHC	mc	1L	mc113005	root://fndcadoor.fnal.gov:1095/pnfs/fnal.gov/usr/minerva/persistent/OpenData/MediumEnergy_FHC/MC/StandardMC/Playlist1L/MasterAnaDev_mc_AnaTuple_run00113005_Playlist.root	9.665171537192284e+18	9.668339327958698e+18	1	175375	543356	
FHC	mc	1M	mc113020	root://fndcadoor.fnal.gov:1095/pnfs/fnal.gov/usr/minerva/persistent/OpenData/MediumEnergy_FHC/MC/StandardMC/Playlist1M/MasterAnaDev_mc_AnaTuple_run00113020_Playlist.root	9.731408097011083e+18	9.737760493771063e+18	1	175721	547846	
FHC	mc	1M	mc113021	root://fndcadoor.fnal.gov:1095/pnfs/fnal.gov/usr/minerva/persistent/OpenData/MediumEnergy_FHC/MC/StandardMC/Playlist1M/MasterAnaDev_mc_AnaTuple_run00113021_Playlist.root	9.762340531482585e+18	9.768878986232105e+18	1	176638	548995	
FHC	mc	1M	mc113022	root://fndcadoor.fnal.gov:1095/pnfs/fnal.gov/usr/minerva/persistent/OpenData/MediumEnergy_FHC/MC/StandardMC/Playlist1M/MasterAnaDev_mc_AnaTuple_run00113022_Playlist.root	9.66820668616834e+18	9.668326148925166e+18	1	174619	541730	
FHC	mc	1M	mc113023	root://fndcadoor.fnal.gov:1095/pnfs/fnal.gov/usr/minerva/persistent/OpenData/MediumEnergy_FHC/MC/StandardMC/Playlist1M/MasterAnaDev_mc_AnaTuple_run00113023_Playlist.root	9.723603531738094e+18	9.732180537473038e+18	1	175947	546968	
FHC	mc	1M	mc113024	root://fndcadoor.fnal.gov:1095/pnfs/fnal.gov/usr/minerva/persistent/OpenData/MediumEnergy_FHC/MC/StandardMC/Playlist1M/MasterAnaDev_mc_AnaTuple_run00113024_Playlist.root	9.621589441907083e+18	9.628087223870566e+18	1	174126	540133	
FHC	mc	1M	mc113025	root://fndcadoor.fnal.gov:1095/pnfs/fnal.gov/usr/minerva/persistent/OpenData/MediumEnergy_FHC/MC/StandardMC/Playlist1M/MasterAnaDev_mc_AnaTuple_run00113025_Playlist.root	9.863935414696378e+18	9.867310800737794e+18	1	178755	554738	
FHC	mc	1M	mc113026	root://fndcadoor.fnal.gov:1095/pnfs/fnal.gov/usr/minerva/persistent/OpenData/MediumEnergy_FHC/MC/StandardMC/Playlist1M/MasterAnaDev_mc_AnaTuple_run00113026_Playlist.root	9.80727336957547e+18	9.810540687307835e+18	1	176898	550656	
FHC	mc	1M	mc113027	root://fndcadoor.fnal.gov:1095/pnfs/fnal.gov/usr/minerva/persistent/OpenData/MediumEnergy_FHC/MC/StandardMC/Playlist1M/MasterAnaDev_mc_AnaTuple_run00113027_Playlist.root	9.642029421751656e+18	9.648775035719645e+18	1	174547	542591	
FHC	mc	1M	mc113028	root://fndcadoor.fnal.gov:1095/pnfs/fnal.gov/usr/minerva/persistent/OpenData/MediumEnergy_FHC/MC/StandardMC/Playlist1M/MasterAnaDev_mc_AnaTuple_run00113028_Playlist.root	9.512045443449684e+18	9.51227859344296e+18	1	172068	534106	
FHC	mc	1M	mc113029	root://fndcadoor.fnal.gov:1095/pnfs/fnal.gov/usr/minerva/persistent/OpenData/MediumEnergy_FHC/MC/StandardMC/Playlist1M/MasterAnaDev_mc_AnaTuple_run00113029_Playlist.root	9.638529981755193e+18	9.6485461171889e+18	1	173967	542330	
FHC	mc	1M	mc113030	root://fndcadoor.fnal.gov:1095/pnfs/fnal.gov/usr/minerva/persistent/OpenData/MediumEnergy_FHC/MC/StandardMC/Playlist1M/MasterAnaDev_mc_AnaTuple_run00113030_Playlist.root	9.666702435692108e+18	9.67300136416946e+18	1	174882	542739	
FHC	mc	1M	mc113031	root://fndcadoor.fnal.gov:1095/pnfs/fnal.gov/usr/minerva/persistent/OpenData/MediumEnergy_FHC/MC/StandardMC/Playlist1M/MasterAnaDev_mc_AnaTuple_run00113031_Playlist.root	9.605240844930062e+18	9.62091118537782e+18	1	174047	539875	
FHC	mc	1M	mc113032	root://fndcadoor.fnal.gov:1095/pnfs/fnal.gov/usr/minerva/persistent/OpenData/MediumEnergy_FHC/MC/StandardMC/Playlist1M/MasterAnaDev_mc_AnaTuple_run00113032_Playlist.root	9.481005477210454e+18	9.50930579930008e+18	1	171333	534613	
FHC	mc	1M	mc113033	root://fndcadoor.fnal.gov:1095/pnfs/fnal.gov/usr/minerva/persistent/OpenData/MediumEnergy_FHC/MC/StandardMC/Playlist1M/MasterAnaDev_mc_AnaTuple_run00113033_Playlist.root	9.604678775856003e+18	9.608218194832585e+18	1	173655	538598	
FHC	mc	1M	mc113034	root://fndcadoor.fnal.gov:1095/pnfs/fnal.gov/usr/minerva/persistent/OpenData/MediumEnergy_FHC/MC/StandardMC/Playlist1M/MasterAnaDev_mc_AnaTuple_run00113034_Playlist.root	9.450851506266974e+18	9.45757453607118e+18	1	171140	531391	
FHC	mc	1M	mc113055	root://fndcadoor.fnal.gov:1095/pnfs/fnal.gov/usr/minerva/persistent/OpenData/MediumEnergy_FHC/MC/StandardMC/Playlist1M/MasterAnaDev_mc_AnaTuple_run00113055_Playlist.root	9.256176191341832e+18	9.256176191341832e+18	1	168461	519551	
FHC	mc	1M	mc113056	root://fndcadoor.fnal.gov:1095/pnfs/fnal.gov/usr/minerva/persistent/OpenData/MediumEnergy_FHC/MC/StandardMC/Playlist1M/MasterAnaDev_mc_AnaTuple_run00113056_Playlist.root	9.140142772602287e+18	9.140406773469096e+18	1	166267	513791	
FHC	mc	1M	mc113057	root://fndcadoor.fnal.gov:1095/pnfs/fnal.gov/usr/minerva/persistent/OpenData/MediumEnergy_FHC/MC/StandardMC/Playlist1M/MasterAnaDev_mc_AnaTuple_run00113057_Playlist.root	9.344119505151082e+18	9.344155301777428e+18	1	170428	525807	
FHC	mc	1M	mc113058	root://fndcadoor.fnal.gov:1095/pnfs/fnal.gov/usr/minerva/persistent/OpenData/MediumEnergy_FHC/MC/StandardMC/Playlist1M/MasterAnaDev_mc_AnaTuple_run00113058_Playlist.root	9.066297989297588e+18	9.069826595909775e+18	1	165337	509430	
FHC	mc	1M	mc113059	root://fndcadoor.fnal.gov:1095/pnfs/fnal.gov/usr/minerva/persistent/OpenData/MediumEnergy_FHC/MC/StandardMC/Playlist1M/MasterAnaDev_mc_AnaTuple_run00113059_Playlist.root	9.209303884185397e+18	9.209303884185397e+18	1	166936	517026	
FHC	mc	1M	mc113060	root://fndcadoor.fnal.gov:1095/pnfs/fnal.gov/usr/minerva/persistent/OpenData/MediumEnergy_FHC/MC/StandardMC/Playlist1M/MasterAnaDev_mc_AnaTuple_run00113060_Playlist.root	9.133391324690785e+18	9.133794252306827e+18	1	166312	512855	
FHC	mc	1M	mc113061	root://fndcadoor.fnal.gov:1095/pnfs/fnal.gov/usr/minerva/persistent/OpenData/MediumEnergy_FHC/MC/StandardMC/Playlist1M/MasterAnaDev_mc_AnaTuple_run00113061_Playlist.root	9.307669049009795e+18	9.30772257623356e+18	1	169061	523497	
FHC	mc	1M	mc113062	root://fndcadoor.fnal.gov:1095/pnfs/fnal.gov/usr/minerva/persistent/OpenData/MediumEnergy_FHC/MC/StandardMC/Playlist1M/MasterAnaDev_mc_AnaTuple_run00113062_Playlist.root	9.046885013223011e+18	9.047491011939876e+18	1	164171	508623	
FHC	mc	1M	mc113063	root://fndcadoor.fnal.gov:1095/pnfs/fnal.gov/usr/minerva/persistent/OpenData/MediumEnergy_FHC/MC/StandardMC/Playlist1M/MasterAnaDev_mc_AnaTuple_run00113063_Playlist.root	9.63177468604638e+18	9.632247727082578e+18	1	175701	541126	
FHC	mc	1M	mc113064	root://fndcadoor.fnal.gov:1095/pnfs/fnal.gov/usr/minerva/persistent/OpenData/MediumEnergy_FHC/MC/StandardMC/Playlist1M/MasterAnaDev_mc_AnaTuple_run00113064_Playlist.root	9.659242305435566e+18	9.65983452702879e+18	1	175307	540330	
FHC	mc	1M	mc113065	root://fndcadoor.fnal.gov:1095/pnfs/fnal.gov/usr/minerva/persistent/OpenData/MediumEnergy_FHC/MC/StandardMC/Playlist1M/MasterAnaDev_mc_AnaTuple_run00113065_Playlist.root	9.243953227254022e+18	9.2446692560745e+18	1	168393	518096	
FHC	mc	1M	mc113066	root://fndcadoor.fnal.gov:1095/pnfs/fnal.gov/usr/minerva/persistent/OpenData/MediumEnergy_FHC/MC/StandardMC/Playlist1M/MasterAnaDev_mc_AnaTuple_run00113066_Playlist.root	8.841065646924165e+18	8.841101180551524e+18	1	161129	495891	
FHC	mc	1M	mc113067	root://fndcadoor.fnal.gov:1095/pnfs/fnal.gov/usr/minerva/persistent/OpenData/MediumEnergy_FHC/MC/StandardMC/Playlist1M/MasterAnaDev_mc_AnaTuple_run00113067_Playlist.root	9.197031730479553e+18	9.197085817168646e+18	1	167166	515362	
FHC	mc	1M	mc113068	root://fndcadoor.fnal.gov:1095/pnfs/fnal.gov/usr/minerva/persistent/OpenData/MediumEnergy_FHC/MC/StandardMC/Playlist1M/MasterAnaDev_mc_AnaTuple_run00113068_Playlist.root	9.282534254055748e+18	9.287981017834676e+18	1	169040	520956	
FHC	mc	1M	mc113069	root://fndcadoor.fnal.gov:1095/pnfs/fnal.gov/usr/minerva/persistent/OpenData/MediumEnergy_FHC/MC/StandardMC/Playlist1M/MasterAnaDev_mc_AnaTuple_run00113069_Playlist.root	9.229403341696684e+18	9.235391732461105e+18	1	167871	518653	
FHC	mc	1M	mc113070	root://fndcadoor.fnal.gov:1095/pnfs/fnal.gov/usr/minerva/persistent/OpenData/MediumEnergy_FHC/MC/StandardMC/Playlist1M/MasterAnaDev_mc_AnaTuple_run00113070_Playlist.root	9.51669625609825e+18	9.516732363783143e+18	1	172845	533820	
FHC	mc	1M	mc113071	root://fndcadoor.fnal.gov:1095/pnfs/fnal.gov/usr/minerva/persistent/OpenData/MediumEnergy_FHC/MC/StandardMC/Playlist1M/MasterAnaDev_mc_AnaTuple_run00113071_Playlist.root	9.287461410766715e+18	9.288080909968654e+18	1	168680	522149	
FHC	mc	1M	mc113072	root://fndcadoor.fnal.gov:1095/pnfs/fnal.gov/usr/minerva/persistent/OpenData/MediumEnergy_FHC/MC/StandardMC/Playlist1M/MasterAnaDev_mc_AnaTuple_run00113072_Playlist.root	9.599300954040381e+18	9.599319268910404e+18	1	174524	539441	
FHC	mc	1M	mc113073	root://fndcadoor.fnal.gov:1095/pnfs/fnal.gov/usr/minerva/persistent/OpenData/MediumEnergy_FHC/MC/StandardMC/Playlist1M/MasterAnaDev_mc_AnaTuple_run00113073_Playlist.root	9.076854686852636e+18	9.082844396048647e+18	1	164806	509786	
FHC	mc	1M	mc113074	root://fndcadoor.fnal.gov:1095/pnfs/fnal.gov/usr/minerva/persistent/OpenData/MediumEnergy_FHC/MC/StandardMC/Playlist1M/MasterAnaDev_mc_AnaTuple_run00113074_Playlist.root	9.501368784229888e+18	9.501368784229888e+18	1	172697	533681	
FHC	mc	1M	mc113075	root://fndcadoor.fnal.gov:1095/pnfs/fnal.gov/usr/minerva/persistent/OpenData/MediumEnergy_FHC/MC/StandardMC/Playlist1M/MasterAnaDev_mc_AnaTuple_run00113075_Playlist.root	9.302484805990259e+18	9.308682005822048e+18	1	169325	522697	
FHC	mc	1M	mc113076	root://fndcadoor.fnal.gov:1095/pnfs/fnal.gov/usr/minerva/persistent/OpenData/MediumEnergy_FHC/MC/StandardMC/Playlist1M/MasterAnaDev_mc_AnaTuple_run00113076_Playlist.root	9.335499418445392e+18	9.335534530620115e+18	1	170014	523680	
FHC	mc	1M	mc113077	root://fndcadoor.fnal.gov:1095/pnfs/fnal.gov/usr/minerva/persistent/OpenData/MediumEnergy_FHC/MC/StandardMC/Playlist1M/MasterAnaDev_mc_AnaTuple_run00113077_Playlist.root	9.167935644386939e+18	9.179301947310377e+18	1	166781	516190	
FHC	mc	1M	mc113078	root://fndcadoor.fnal.gov:1095/pnfs/fnal.gov/usr/minerva/persistent/OpenData/MediumEnergy_FHC/MC/StandardMC/Playlist1M/MasterAnaDev_mc_AnaTuple_run00113078_Playlist.root	9.168198027968736e+18	9.168267401279214e+18	1	167347	515046	
FHC	mc	1M	mc113079	root://fndcadoor.fnal.gov:1095/pnfs/fnal.gov/usr/minerva/persistent/OpenData/MediumEnergy_FHC/MC/StandardMC/Playlist1M/MasterAnaDev_mc_AnaTuple_run00113079_Playlist.root	5.476940484831032e+18	5.482485524159346e+18	1	99695	308383	
FHC	mc	1M	mc113080	root://fndcadoor.fnal.gov:1095/pnfs/fnal.gov/usr/minerva/persistent/OpenData/MediumEnergy_FHC/MC/StandardMC/Playlist1M/MasterAnaDev_mc_AnaTuple_run00113080_Playlist.root	8.19135754833727e+18	8.197533713283593e+18	1	148534	460492	
FHC	mc	1M	mc113081	root://fndcadoor.fnal.gov:1095/pnfs/fnal.gov/usr/minerva/persistent/OpenData/MediumEnergy_FHC/MC/StandardMC/Playlist1M/MasterAnaDev_mc_AnaTuple_run00113081_Playlist.root	6.556023712950984e+18	6.556023712950984e+18	1	118806	367481	
FHC	mc	1M	mc113082	root://fndcadoor.fnal.gov:1095/pnfs/fnal.gov/usr/minerva/persistent/OpenData/MediumEnergy_FHC/MC/StandardMC/Playlist1M/MasterAnaDev_mc_AnaTuple_run00113082_Playlist.root	8.20101193871066e+18	8.207107093103109e+18	1	148980	459542	
FHC	mc	1M	mc113083	root://fndcadoor.fnal.gov:1095/pnfs/fnal.gov/usr/minerva/persistent/OpenData/MediumEnergy_FHC/MC/StandardMC/Playlist1M/MasterAnaDev_mc_AnaTuple_run00113083_Playlist.root	7.166561016387442e+18	7.166597310805159e+18	1	130541	402044	
FHC	mc	1M	mc113084	root://fndcadoor.fnal.gov:1095/pnfs/fnal.gov/usr/minerva/persistent/OpenData/MediumEnergy_FHC/MC/StandardMC/Playlist1M/MasterAnaDev_mc_AnaTuple_run00113084_Playlist.root	6.753312657347839e+18	6.753329567861276e+18	1	123479	380092	
FHC	mc	1M	mc113085	root://fndcadoor.fnal.gov:1095/pnfs/fnal.gov/usr/minerva/persistent/OpenData/MediumEnergy_FHC/MC/StandardMC/Playlist1M/MasterAnaDev_mc_AnaTuple_run00113085_Playlist.root	9.207328912935333e+18	9.207562153894389e+18	1	168096	517301	
FHC	mc	1M	mc113086	root://fndcadoor.fnal.gov:1095/pnfs/fnal.gov/usr/minerva/persistent/OpenData/MediumEnergy_FHC/MC/StandardMC/Playlist1M/MasterAnaDev_mc_AnaTuple_run00113086_Playlist.root	9.29210188110348e+18	9.308491617090935e+18	1	169217	523080	
FHC	mc	1M	mc113087	root://fndcadoor.fnal.gov:1095/pnfs/fnal.gov/usr/minerva/persistent/OpenData/MediumEnergy_FHC/MC/StandardMC/Playlist1M/MasterAnaDev_mc_AnaTuple_run00113087_Playlist.root	9.254154263382782e+18	9.254172160955673e+18	1	167802	519990	
FHC	mc	1M	mc113088	root://fndcadoor.fnal.gov:1095/pnfs/fnal.gov/usr/minerva/persistent/OpenData/MediumEnergy_FHC/MC/StandardMC/Playlist1M/MasterAnaDev_mc_AnaTuple_run00113088_Playlist.root	9.168335049602599e+18	9.168407889601375e+18	1	166506	514686	
FHC	mc	1M	mc113089	root://fndcadoor.fnal.gov:1095/pnfs/fnal.gov/usr/minerva/persistent/OpenData/MediumEnergy_FHC/MC/StandardMC/Playlist1M/MasterAnaDev_mc_AnaTuple_run00113089_Playlist.root	9.236763419198677e+18	9.236780790953482e+18	1	168399	519853	
FHC	mc	1M	mc113090	root://fndcadoor.fnal.gov:1095/pnfs/fnal.gov/usr/minerva/persistent/OpenData/MediumEnergy_FHC/MC/StandardMC/Playlist1M/MasterAnaDev_mc_AnaTuple_run00113090_Playlist.root	9.302771489241065e+18	9.308380930459765e+18	1	169385	521804	
FHC	mc	1M	mc113091	root://fndcadoor.fnal.gov:1095/pnfs/fnal.gov/usr/minerva/persistent/OpenData/MediumEnergy_FHC/MC/StandardMC/Playlist1M/MasterAnaDev_mc_AnaTuple_run00113091_Playlist.root	8.462340820526923e+18	8.462359126043737e+18	1	153984	474790	
FHC	mc	1M	mc113092	root://fndcadoor.fnal.gov:1095/pnfs/fnal.gov/usr/minerva/persistent/OpenData/MediumEnergy_FHC/MC/StandardMC/Playlist1M/MasterAnaDev_mc_AnaTuple_run00113092_Playlist.root	9.442259785995434e+18	9.448699925686215e+18	1	171296	529909	
FHC	mc	1M	mc113093	root://fndcadoor.fnal.gov:1095/pnfs/fnal.gov/usr/minerva/persistent/OpenData/MediumEnergy_FHC/MC/StandardMC/Playlist1M/MasterAnaDev_mc_AnaTuple_run00113093_Playlist.root	9.328103930102491e+18	9.328103930102491e+18	1	168730	522673	
FHC	mc	1M	mc113094	root://fndcadoor.fnal.gov:1095/pnfs/fnal.gov/usr/minerva/persistent/OpenData/MediumEnergy_FHC/MC/StandardMC/Playlist1M/MasterAnaDev_mc_AnaTuple_run00113094_Playlist.root	9.1103128404703e+18	9.118712091298163e+18	1	166151	512145	
FHC	mc	1M	mc113095	root://fndcadoor.fnal.gov:1095/pnfs/fnal.gov/usr/minerva/persistent/OpenData/MediumEnergy_FHC/MC/StandardMC/Playlist1M/MasterAnaDev_mc_AnaTuple_run00113095_Playlist.root	9.282164333715489e+18	9.282182697743387e+18	1	168493	520839	
FHC	mc	1M	mc113096	root://fndcadoor.fnal.gov:1095/pnfs/fnal.gov/usr/minerva/persistent/OpenData/MediumEnergy_FHC/MC/StandardMC/Playlist1M/MasterAnaDev_mc_AnaTuple_run00113096_Playlist.root	9.38190272629786e+18	9.381921130023023e+18	1	170688	527065	
FHC	mc	1M	mc113097	root://fndcadoor.fnal.gov:1095/pnfs/fnal.gov/usr/minerva/persistent/OpenData/MediumEnergy_FHC/MC/StandardMC/Playlist1M/MasterAnaDev_mc_AnaTuple_run00113097_Playlist.root	9.330229929724815e+18	9.330247611173032e+18	1	170097	524188	
FHC	mc	1M	mc113098	root://fndcadoor.fnal.gov:1095/pnfs/fnal.gov/usr/minerva/persistent/OpenData/MediumEnergy_FHC/MC/StandardMC/Playlist1M/MasterAnaDev_mc_AnaTuple_run00113098_Playlist.root	9.168738340354106e+18	9.168755984726062e+18	1	166804	514376	
FHC	mc	1M	mc113099	root://fndcadoor.fnal.gov:1095/pnfs/fnal.gov/usr/minerva/persistent/OpenData/MediumEnergy_FHC/MC/StandardMC/Playlist1M/MasterAnaDev_mc_AnaTuple_run00113099_Playlist.root	9.157901187936565e+18	9.164086407834496e+18	1	166321	514235	
FHC	mc	1M	mc113100	root://fndcadoor.fnal.gov:1095/pnfs/fnal.gov/usr/minerva/persistent/OpenData/MediumEnergy_FHC/MC/StandardMC/Playlist1M/MasterAnaDev_mc_AnaTuple_run00113100_Playlist.root	9.246977020605645e+18	9.247491024768072e+18	1	168134	519715	
FHC	mc	1M	mc113101	root://fndcadoor.fnal.gov:1095/pnfs/fnal.gov/usr/minerva/persistent/OpenData/MediumEnergy_FHC/MC/StandardMC/Playlist1M/MasterAnaDev_mc_AnaTuple_run00113101_Playlist.root	9.167966653806509e+18	9.167983778694056e+18	1	166413	515295	
FHC	mc	1M	mc113102	root://fndcadoor.fnal.gov:1095/pnfs/fnal.gov/usr/minerva/persistent/OpenData/MediumEnergy_FHC/MC/StandardMC/Playlist1M/MasterAnaDev_mc_AnaTuple_run00113102_Playlist.root	9.32236166018251e+18	9.32238000552932e+18	1	170183	523381	
FHC	mc	1M	mc113103	root://fndcadoor.fnal.gov:1095/pnfs/fnal.gov/usr/minerva/persistent/OpenData/MediumEnergy_FHC/MC/StandardMC/Playlist1M/MasterAnaDev_mc_AnaTuple_run00113103_Playlist.root	9.306354051579605e+18	9.306354051579605e+18	1	169798	523598	
FHC	mc	1M	mc113104	root://fndcadoor.fnal.gov:1095/pnfs/fnal.gov/usr/minerva/persistent/OpenData/MediumEnergy_FHC/MC/StandardMC/Playlist1M/MasterAnaDev_mc_AnaTuple_run00113104_Playlist.root	9.253895664142502e+18	9.259574148839442e+18	1	167844	518666	
FHC	mc	1M	mc113105	root://fndcadoor.fnal.gov:1095/pnfs/fnal.gov/usr/minerva/persistent/OpenData/MediumEnergy_FHC/MC/StandardMC/Playlist1M/MasterAnaDev_mc_AnaTuple_run00113105_Playlist.root	9.06426702878298e+18	9.069744086813947e+18	1	164726	509372	
FHC	mc	1M	mc113106	root://fndcadoor.fnal.gov:1095/pnfs/fnal.gov/usr/minerva/persistent/OpenData/MediumEnergy_FHC/MC/StandardMC/Playlist1M/MasterAnaDev_mc_AnaTuple_run00113106_Playlist.root	9.248235170335672e+18	9.248287978352527e+18	1	168905	520432	
FHC	mc	1M	mc113107	root://fndcadoor.fnal.gov:1095/pnfs/fnal.gov/usr/minerva/persistent/OpenData/MediumEnergy_FHC/MC/StandardMC/Playlist1M/MasterAnaDev_mc_AnaTuple_run00113107_Playlist.root	9.441979255080008e+18	9.448204322974816e+18	1	171436	529479	
FHC	mc	1M	mc113108	root://fndcadoor.fnal.gov:1095/pnfs/fnal.gov/usr/minerva/persistent/OpenData/MediumEnergy_FHC/MC/StandardMC/Playlist1M/MasterAnaDev_mc_AnaTuple_run00113108_Playlist.root	9.015259994875892e+18	9.015582138331513e+18	1	163218	505727	
FHC	mc	1M	mc113109	root://fndcadoor.fnal.gov:1095/pnfs/fnal.gov/usr/minerva/persistent/OpenData/MediumEnergy_FHC/MC/StandardMC/Playlist1M/MasterAnaDev_mc_AnaTuple_run00113109_Playlist.root	9.260690152404142e+18	9.268520849240588e+18	1	168049	520587	
FHC	mc	1M	mc113110	root://fndcadoor.fnal.gov:1095/pnfs/fnal.gov/usr/minerva/persistent/OpenData/MediumEnergy_FHC/MC/StandardMC/Playlist1M/MasterAnaDev_mc_AnaTuple_run00113110_Playlist.root	9.337245424159891e+18	9.342932128225886e+18	1	169769	525033	
FHC	mc	1M	mc113111	root://fndcadoor.fnal.gov:1095/pnfs/fnal.gov/usr/minerva/persistent/OpenData/MediumEnergy_FHC/MC/StandardMC/Playlist1M/MasterAnaDev_mc_AnaTuple_run00113111_Playlist.root	8.949439499107413e+18	8.955255577326708e+18	1	162103	501718	
FHC	mc	1M	mc113112	root://fndcadoor.fnal.gov:1095/pnfs/fnal.gov/usr/minerva/persistent/OpenData/MediumEnergy_FHC/MC/StandardMC/Playlist1M/MasterAnaDev_mc_AnaTuple_run00113112_Playlist.root	9.204642100004336e+18	9.204659484774734e+18	1	168520	517541	
FHC	mc	1M	mc113113	root://fndcadoor.fnal.gov:1095/pnfs/fnal.gov/usr/minerva/persistent/OpenData/MediumEnergy_FHC/MC/StandardMC/Playlist1M/MasterAnaDev_mc_AnaTuple_run00113113_Playlist.root	9.328416499743433e+18	9.328454151408122e+18	1	169152	525000	
FHC	mc	1M	mc113114	root://fndcadoor.fnal.gov:1095/pnfs/fnal.gov/usr/minerva/persistent/OpenData/MediumEnergy_FHC/MC/StandardMC/Playlist1M/MasterAnaDev_mc_AnaTuple_run00113114_Playlist.root	9.121700161980154e+18	9.127834451730781e+18	1	167158	512748	
FHC	mc	1M	mc113115	root://fndcadoor.fnal.gov:1095/pnfs/fnal.gov/usr/minerva/persistent/OpenData/MediumEnergy_FHC/MC/StandardMC/Playlist1M/MasterAnaDev_mc_AnaTuple_run00113115_Playlist.root	9.214333114172438e+18	9.220575357046139e+18	1	167659	518227	
FHC	mc	1M	mc113116	root://fndcadoor.fnal.gov:1095/pnfs/fnal.gov/usr/minerva/persistent/OpenData/MediumEnergy_FHC/MC/StandardMC/Playlist1M/MasterAnaDev_mc_AnaTuple_run00113116_Playlist.root	9.291589581099411e+18	9.297396429528003e+18	1	169899	522584	
FHC	mc	1M	mc113117	root://fndcadoor.fnal.gov:1095/pnfs/fnal.gov/usr/minerva/persistent/OpenData/MediumEnergy_FHC/MC/StandardMC/Playlist1M/MasterAnaDev_mc_AnaTuple_run00113117_Playlist.root	9.32391247926947e+18	9.32964720886769e+18	1	169928	524331	
FHC	mc	1M	mc113118	root://fndcadoor.fnal.gov:1095/pnfs/fnal.gov/usr/minerva/persistent/OpenData/MediumEnergy_FHC/MC/StandardMC/Playlist1M/MasterAnaDev_mc_AnaTuple_run00113118_Playlist.root	9.242191649184866e+18	9.248241463614226e+18	1	167770	519289	
FHC	mc	1M	mc113119	root://fndcadoor.fnal.gov:1095/pnfs/fnal.gov/usr/minerva/persistent/OpenData/MediumEnergy_FHC/MC/StandardMC/Playlist1M/MasterAnaDev_mc_AnaTuple_run00113119_Playlist.root	9.047939582997634e+18	9.047957445091206e+18	1	164602	507762	
FHC	mc	1M	mc113120	root://fndcadoor.fnal.gov:1095/pnfs/fnal.gov/usr/minerva/persistent/OpenData/MediumEnergy_FHC/MC/StandardMC/Playlist1M/MasterAnaDev_mc_AnaTuple_run00113120_Playlist.root	9.427653372370006e+18	9.427941871097004e+18	1	171548	528655	
FHC	mc	1M	mc113121	root://fndcadoor.fnal.gov:1095/pnfs/fnal.gov/usr/minerva/persistent/OpenData/MediumEnergy_FHC/MC/StandardMC/Playlist1M/MasterAnaDev_mc_AnaTuple_run00113121_Playlist.root	9.26625096669099e+18	9.271889241346781e+18	1	168290	520092	
FHC	mc	1M	mc113122	root://fndcadoor.fnal.gov:1095/pnfs/fnal.gov/usr/minerva/persistent/OpenData/MediumEnergy_FHC/MC/StandardMC/Playlist1M/MasterAnaDev_mc_AnaTuple_run00113122_Playlist.root	9.169822699218919e+18	9.170061616782053e+18	1	166991	515688	
FHC	mc	1M	mc113123	root://fndcadoor.fnal.gov:1095/pnfs/fnal.gov/usr/minerva/persistent/OpenData/MediumEnergy_FHC/MC/StandardMC/Playlist1M/MasterAnaDev_mc_AnaTuple_run00113123_Playlist.root	9.141524474693828e+18	9.147691453941113e+18	1	165855	513500	
FHC	mc	1M	mc113124	root://fndcadoor.fnal.gov:1095/pnfs/fnal.gov/usr/minerva/persistent/OpenData/MediumEnergy_FHC/MC/StandardMC/Playlist1M/MasterAnaDev_mc_AnaTuple_run00113124_Playlist.root	9.218068458662091e+18	9.224516819906652e+18	1	167146	517531	
FHC	mc	1M	mc113125	root://fndcadoor.fnal.gov:1095/pnfs/fnal.gov/usr/minerva/persistent/OpenData/MediumEnergy_FHC/MC/StandardMC/Playlist1M/MasterAnaDev_mc_AnaTuple_run00113125_Playlist.root	9.169797068281083e+18	9.170029180635207e+18	1	167746	516785	
FHC	mc	1M	mc113126	root://fndcadoor.fnal.gov:1095/pnfs/fnal.gov/usr/minerva/persistent/OpenData/MediumEnergy_FHC/MC/StandardMC/Playlist1M/MasterAnaDev_mc_AnaTuple_run00113126_Playlist.root	9.313695963988888e+18	9.313713387038306e+18	1	169350	522409	
FHC	mc	1M	mc113127	root://fndcadoor.fnal.gov:1095/pnfs/fnal.gov/usr/minerva/persistent/OpenData/MediumEnergy_FHC/MC/StandardMC/Playlist1M/MasterAnaDev_mc_AnaTuple_run00113127_Playlist.root	9.188196856199587e+18	9.188232240022277e+18	1	167326	516217	
FHC	mc	1M	mc113128	root://fndcadoor.fnal.gov:1095/pnfs/fnal.gov/usr/minerva/persistent/OpenData/MediumEnergy_FHC/MC/StandardMC/Playlist1M/MasterAnaDev_mc_AnaTuple_run00113128_Playlist.root	9.322878477192546e+18	9.32289609707029e+18	1	169662	522597	
FHC	mc	1M	mc113129	root://fndcadoor.fnal.gov:1095/pnfs/fnal.gov/usr/minerva/persistent/OpenData/MediumEnergy_FHC/MC/StandardMC/Playlist1M/MasterAnaDev_mc_AnaTuple_run00113129_Playlist.root	9.187833390953096e+18	9.188155541760767e+18	1	167110	516729	
FHC	mc	1M	mc113130	root://fndcadoor.fnal.gov:1095/pnfs/fnal.gov/usr/minerva/persistent/OpenData/MediumEnergy_FHC/MC/StandardMC/Playlist1M/MasterAnaDev_mc_AnaTuple_run00113130_Playlist.root	9.027717430088502e+18	9.027735432054664e+18	1	164244	507533	
FHC	mc	1M	mc113131	root://fndcadoor.fnal.gov:1095/pnfs/fnal.gov/usr/minerva/persistent/OpenData/MediumEnergy_FHC/MC/StandardMC/Playlist1M/MasterAnaDev_mc_AnaTuple_run00113131_Playlist.root	9.122072925889028e+18	9.128368761614832e+18	1	166228	512656	
FHC	mc	1M	mc113132	root://fndcadoor.fnal.gov:1095/pnfs/fnal.gov/usr/minerva/persistent/OpenData/MediumEnergy_FHC/MC/StandardMC/Playlist1M/MasterAnaDev_mc_AnaTuple_run00113132_Playlist.root	9.174996635065349e+18	9.180793942718684e+18	1	166070	514430	
FHC	mc	1M	mc113133	root://fndcadoor.fnal.gov:1095/pnfs/fnal.gov/usr/minerva/persistent/OpenData/MediumEnergy_FHC/MC/StandardMC/Playlist1M/MasterAnaDev_mc_AnaTuple_run00113133_Playlist.root	9.288043649664688e+18	9.288430336581118e+18	1	169119	521974	
FHC	mc	1M	mc113134	root://fndcadoor.fnal.gov:1095/pnfs/fnal.gov/usr/minerva/persistent/OpenData/MediumEnergy_FHC/MC/StandardMC/Playlist1M/MasterAnaDev_mc_AnaTuple_run00113134_Playlist.root	9.328080002268e+18	9.328080002268e+18	1	169986	524150	
FHC	mc	1M	mc113135	root://fndcadoor.fnal.gov:1095/pnfs/fnal.gov/usr/minerva/persistent/OpenData/MediumEnergy_FHC/MC/StandardMC/Playlist1M/MasterAnaDev_mc_AnaTuple_run00113135_Playlist.root	8.986070152520955e+18	8.987355274414054e+18	1	163601	504391	
FHC	mc	1M	mc113136	root://fndcadoor.fnal.gov:1095/pnfs/fnal.gov/usr/minerva/persistent/OpenData/MediumEnergy_FHC/MC/StandardMC/Playlist1M/MasterAnaDev_mc_AnaTuple_run00113136_Playlist.root	9.23429122572989e+18	9.23429122572989e+18	1	167867	518354	
FHC	mc	1M	mc113137	root://fndcadoor.fnal.gov:1095/pnfs/fnal.gov/usr/minerva/persistent/OpenData/MediumEnergy_FHC/MC/StandardMC/Playlist1M/MasterAnaDev_mc_AnaTuple_run00113137_Playlist.root	9.134020002674902e+18	9.134353647441554e+18	1	165511	512039	
FHC	mc	1N	mc113270	root://fndcadoor.fnal.gov:1095/pnfs/fnal.gov/usr/minerva/persistent/OpenData/MediumEnergy_FHC/MC/StandardMC/Playlist1N/MasterAnaDev_mc_AnaTuple_run00113270_Playlist.root	1.6464506916432888e+19	1.67326568977556e+19	1	299865	938261	
FHC	mc	1N	mc113271	root://fndcadoor.fnal.gov:1095/pnfs/fnal.gov/usr/minerva/persistent/OpenData/MediumEnergy_FHC/MC/StandardMC/Playlist1N/MasterAnaDev_mc_AnaTuple_run00113271_Playlist.root	1.6335785508391784e+19	1.660219822608779e+19	1	297406	930647	
FHC	mc	1N	mc113272	root://fndcadoor.fnal.gov:1095/pnfs/fnal.gov/usr/minerva/persistent/OpenData/MediumEnergy_FHC/MC/StandardMC/Playlist1N/MasterAnaDev_mc_AnaTuple_run00113272_Playlist.root	1.6024103900377213e+19	1.6240084597943388e+19	1	291577	911629	
FHC	mc	1N	mc113273	root://fndcadoor.fnal.gov:1095/pnfs/fnal.gov/usr/minerva/persistent/OpenData/MediumEnergy_FHC/MC/StandardMC/Playlist1N/MasterAnaDev_mc_AnaTuple_run00113273_Playlist.root	1.6283599065855584e+19	1.6496377822593497e+19	1	296647	925915	
FHC	mc	1N	mc113274	root://fndcadoor.fnal.gov:1095/pnfs/fnal.gov/usr/minerva/persistent/OpenData/MediumEnergy_FHC/MC/StandardMC/Playlist1N/MasterAnaDev_mc_AnaTuple_run00113274_Playlist.root	1.6266477559745362e+19	1.6426561398523138e+19	1	296865	922869	
FHC	mc	1N	mc113275	root://fndcadoor.fnal.gov:1095/pnfs/fnal.gov/usr/minerva/persistent/OpenData/MediumEnergy_FHC/MC/StandardMC/Playlist1N/MasterAnaDev_mc_AnaTuple_run00113275_Playlist.root	1.658052788100794e+19	1.6790170649037625e+19	1	302376	942526	
FHC	mc	1N	mc113276	root://fndcadoor.fnal.gov:1095/pnfs/fnal.gov/usr/minerva/persistent/OpenData/MediumEnergy_FHC/MC/StandardMC/Playlist1N/MasterAnaDev_mc_AnaTuple_run00113276_Playlist.root	1.6253811403258606e+19	1.6505927548445565e+19	1	296244	926244	
FHC	mc	1N	mc113277	root://fndcadoor.fnal.gov:1095/pnfs/fnal.gov/usr/minerva/persistent/OpenData/MediumEnergy_FHC/MC/StandardMC/Playlist1N/MasterAnaDev_mc_AnaTuple_run00113277_Playlist.root	1.660118176045538e+19	1.6832909932201042e+19	1	303405	946985	
FHC	mc	1N	mc113278	root://fndcadoor.fnal.gov:1095/pnfs/fnal.gov/usr/minerva/persistent/OpenData/MediumEnergy_FHC/MC/StandardMC/Playlist1N/MasterAnaDev_mc_AnaTuple_run00113278_Playlist.root	1.668748131258629e+19	1.6864820030329512e+19	1	303525	945951	
FHC	mc	1N	mc113279	root://fndcadoor.fnal.gov:1095/pnfs/fnal.gov/usr/minerva/persistent/OpenData/MediumEnergy_FHC/MC/StandardMC/Playlist1N/MasterAnaDev_mc_AnaTuple_run00113279_Playlist.root	1.5951414666445953e+19	1.6148449680428515e+19	1	290980	907538	
FHC	mc	1N	mc113280	root://fndcadoor.fnal.gov:1095/pnfs/fnal.gov/usr/minerva/persistent/OpenData/MediumEnergy_FHC/MC/StandardMC/Playlist1N/MasterAnaDev_mc_AnaTuple_run00113280_Playlist.root	1.6501886684342565e+19	1.669626335269876e+19	1	300871	938176	
FHC	mc	1N	mc113281	root://fndcadoor.fnal.gov:1095/pnfs/fnal.gov/usr/minerva/persistent/OpenData/MediumEnergy_FHC/MC/StandardMC/Playlist1N/MasterAnaDev_mc_AnaTuple_run00113281_Playlist.root	1.6711864791418153e+19	1.6890039696912697e+19	1	303681	947008	
FHC	mc	1N	mc113282	root://fndcadoor.fnal.gov:1095/pnfs/fnal.gov/usr/minerva/persistent/OpenData/MediumEnergy_FHC/MC/StandardMC/Playlist1N/MasterAnaDev_mc_AnaTuple_run00113282_Playlist.root	1.5593027217443357e+19	1.5797926536005134e+19	1	283855	886767	
FHC	mc	1N	mc113283	root://fndcadoor.fnal.gov:1095/pnfs/fnal.gov/usr/minerva/persistent/OpenData/MediumEnergy_FHC/MC/StandardMC/Playlist1N/MasterAnaDev_mc_AnaTuple_run00113283_Playlist.root	1.6371132608751909e+19	1.6594999059973603e+19	1	298471	930847	
FHC	mc	1N	mc113284	root://fndcadoor.fnal.gov:1095/pnfs/fnal.gov/usr/minerva/persistent/OpenData/MediumEnergy_FHC/MC/StandardMC/Playlist1N/MasterAnaDev_mc_AnaTuple_run00113284_Playlist.root	1.642629079597552e+19	1.6634914886218164e+19	1	299444	933367	
FHC	mc	1N	mc113285	root://fndcadoor.fnal.gov:1095/pnfs/fnal.gov/usr/minerva/persistent/OpenData/MediumEnergy_FHC/MC/StandardMC/Playlist1N/MasterAnaDev_mc_AnaTuple_run00113285_Playlist.root	1.6479144567229366e+19	1.6700566283517571e+19	1	301185	939780	
FHC	mc	1N	mc113286	root://fndcadoor.fnal.gov:1095/pnfs/fnal.gov/usr/minerva/persistent/OpenData/MediumEnergy_FHC/MC/StandardMC/Playlist1N/MasterAnaDev_mc_AnaTuple_run00113286_Playlist.root	1.6690728652244548e+19	1.6888948185334395e+19	1	304543	949002	
FHC	mc	1N	mc113287	root://fndcadoor.fnal.gov:1095/pnfs/fnal.gov/usr/minerva/persistent/OpenData/MediumEnergy_FHC/MC/StandardMC/Playlist1N/MasterAnaDev_mc_AnaTuple_run00113287_Playlist.root	1.6724218405896843e+19	1.691385793391532e+19	1	305027	949196	
FHC	mc	1N	mc113288	root://fndcadoor.fnal.gov:1095/pnfs/fnal.gov/usr/minerva/persistent/OpenData/MediumEnergy_FHC/MC/StandardMC/Playlist1N/MasterAnaDev_mc_AnaTuple_run00113288_Playlist.root	1.6788222788169562e+19	1.699516107632945e+19	1	305955	954502	
FHC	mc	1N	mc113289	root://fndcadoor.fnal.gov:1095/pnfs/fnal.gov/usr/minerva/persistent/OpenData/MediumEnergy_FHC/MC/StandardMC/Playlist1N/MasterAnaDev_mc_AnaTuple_run00113289_Playlist.root	1.6698798263433566e+19	1.6934804346236238e+19	1	304155	949773	
FHC	mc	1N	mc113290	root://fndcadoor.fnal.gov:1095/pnfs/fnal.gov/usr/minerva/persistent/OpenData/MediumEnergy_FHC/MC/StandardMC/Playlist1N/MasterAnaDev_mc_AnaTuple_run00113290_Playlist.root	1.6746410185070457e+19	1.6925657119919958e+19	1	304724	950624	
FHC	mc	1N	mc113291	root://fndcadoor.fnal.gov:1095/pnfs/fnal.gov/usr/minerva/persistent/OpenData/MediumEnergy_FHC/MC/StandardMC/Playlist1N/MasterAnaDev_mc_AnaTuple_run00113291_Playlist.root	1.6712166475669012e+19	1.6954990229009328e+19	1	303932	949680	
FHC	mc	1N	mc113292	root://fndcadoor.fnal.gov:1095/pnfs/fnal.gov/usr/minerva/persistent/OpenData/MediumEnergy_FHC/MC/StandardMC/Playlist1N/MasterAnaDev_mc_AnaTuple_run00113292_Playlist.root	1.671620419913021e+19	1.6906380132060578e+19	1	304679	949064	
FHC	mc	1N	mc113293	root://fndcadoor.fnal.gov:1095/pnfs/fnal.gov/usr/minerva/persistent/OpenData/MediumEnergy_FHC/MC/StandardMC/Playlist1N/MasterAnaDev_mc_AnaTuple_run00113293_Playlist.root	1.6752226605589187e+19	1.6977578240203956e+19	1	305774	953987	
FHC	mc	1N	mc113294	root://fndcadoor.fnal.gov:1095/pnfs/fnal.gov/usr/minerva/persistent/OpenData/MediumEnergy_FHC/MC/StandardMC/Playlist1N/MasterAnaDev_mc_AnaTuple_run00113294_Playlist.root	1.6674374316172399e+19	1.693693959983139e+19	1	303811	950010	
FHC	mc	1N	mc113295	root://fndcadoor.fnal.gov:1095/pnfs/fnal.gov/usr/minerva/persistent/OpenData/MediumEnergy_FHC/MC/StandardMC/Playlist1N/MasterAnaDev_mc_AnaTuple_run00113295_Playlist.root	1.669315395790662e+19	1.6868606142190227e+19	1	303977	945948	
FHC	mc	1N	mc113296	root://fndcadoor.fnal.gov:1095/pnfs/fnal.gov/usr/minerva/persistent/OpenData/MediumEnergy_FHC/MC/StandardMC/Playlist1N/MasterAnaDev_mc_AnaTuple_run00113296_Playlist.root	1.673924020775356e+19	1.6927758332287013e+19	1	305282	950050	
FHC	mc	1N	mc113297	root://fndcadoor.fnal.gov:1095/pnfs/fnal.gov/usr/minerva/persistent/OpenData/MediumEnergy_FHC/MC/StandardMC/Playlist1N/MasterAnaDev_mc_AnaTuple_run00113297_Playlist.root	1.6740549403022914e+19	1.6922059812387273e+19	1	304451	950190	
FHC	mc	1N	mc113298	root://fndcadoor.fnal.gov:1095/pnfs/fnal.gov/usr/minerva/persistent/OpenData/MediumEnergy_FHC/MC/StandardMC/Playlist1N/MasterAnaDev_mc_AnaTuple_run00113298_Playlist.root	1.6730509640995461e+19	1.6954543609795015e+19	1	305237	951491	
FHC	mc	1N	mc113299	root://fndcadoor.fnal.gov:1095/pnfs/fnal.gov/usr/minerva/persistent/OpenData/MediumEnergy_FHC/MC/StandardMC/Playlist1N/MasterAnaDev_mc_AnaTuple_run00113299_Playlist.root	1.6752353671855026e+19	1.6955192861978882e+19	1	305706	953579	
FHC	mc	1N	mc113300	root://fndcadoor.fnal.gov:1095/pnfs/fnal.gov/usr/minerva/persistent/OpenData/MediumEnergy_FHC/MC/StandardMC/Playlist1N/MasterAnaDev_mc_AnaTuple_run00113300_Playlist.root	1.6418173108980855e+19	1.6608487336003863e+19	1	299814	933006	
FHC	mc	1O	mc113375	root://fndcadoor.fnal.gov:1095/pnfs/fnal.gov/usr/minerva/persistent/OpenData/MediumEnergy_FHC/MC/StandardMC/Playlist1O/MasterAnaDev_mc_AnaTuple_run00113375_Playlist.root	9.848901010221044e+18	9.848936230657653e+18	1	172674	554553	
FHC	mc	1O	mc113376	root://fndcadoor.fnal.gov:1095/pnfs/fnal.gov/usr/minerva/persistent/OpenData/MediumEnergy_FHC/MC/StandardMC/Playlist1O/MasterAnaDev_mc_AnaTuple_run00113376_Playlist.root	9.768360675117042e+18	9.768360675117042e+18	1	170738	547959	
FHC	mc	1O	mc113377	root://fndcadoor.fnal.gov:1095/pnfs/fnal.gov/usr/minerva/persistent/OpenData/MediumEnergy_FHC/MC/StandardMC/Playlist1O/MasterAnaDev_mc_AnaTuple_run00113377_Playlist.root	9.989004702381228e+18	9.989004702381228e+18	1	175114	561415	
FHC	mc	1O	mc113378	root://fndcadoor.fnal.gov:1095/pnfs/fnal.gov/usr/minerva/persistent/OpenData/MediumEnergy_FHC/MC/StandardMC/Playlist1O/MasterAnaDev_mc_AnaTuple_run00113378_Playlist.root	9.94915166144385e+18	9.949224017454795e+18	1	173579	558411	
FHC	mc	1O	mc113379	root://fndcadoor.fnal.gov:1095/pnfs/fnal.gov/usr/minerva/persistent/OpenData/MediumEnergy_FHC/MC/StandardMC/Playlist1O/MasterAnaDev_mc_AnaTuple_run00113379_Playlist.root	9.988719518728552e+18	9.988755969576763e+18	1	174339	560578	
FHC	mc	1O	mc113380	root://fndcadoor.fnal.gov:1095/pnfs/fnal.gov/usr/minerva/persistent/OpenData/MediumEnergy_FHC/MC/StandardMC/Playlist1O/MasterAnaDev_mc_AnaTuple_run00113380_Playlist.root	9.988492300433666e+18	9.988510049431222e+18	1	174953	560899	
FHC	mc	1O	mc113381	root://fndcadoor.fnal.gov:1095/pnfs/fnal.gov/usr/minerva/persistent/OpenData/MediumEnergy_FHC/MC/StandardMC/Playlist1O/MasterAnaDev_mc_AnaTuple_run00113381_Playlist.root	9.96445331000616e+18	9.964507142973733e+18	1	174012	559840	
FHC	mc	1O	mc113382	root://fndcadoor.fnal.gov:1095/pnfs/fnal.gov/usr/minerva/persistent/OpenData/MediumEnergy_FHC/MC/StandardMC/Playlist1O/MasterAnaDev_mc_AnaTuple_run00113382_Playlist.root	9.513900739141874e+18	9.513900739141874e+18	1	166528	534230	
FHC	mc	1O	mc113383	root://fndcadoor.fnal.gov:1095/pnfs/fnal.gov/usr/minerva/persistent/OpenData/MediumEnergy_FHC/MC/StandardMC/Playlist1O/MasterAnaDev_mc_AnaTuple_run00113383_Playlist.root	9.98857772498843e+18	9.98861292696038e+18	1	175111	560791	
FHC	mc	1O	mc113384	root://fndcadoor.fnal.gov:1095/pnfs/fnal.gov/usr/minerva/persistent/OpenData/MediumEnergy_FHC/MC/StandardMC/Playlist1O/MasterAnaDev_mc_AnaTuple_run00113384_Playlist.root	9.948477670979193e+18	9.948513366740197e+18	1	173739	557484	
FHC	mc	1O	mc113385	root://fndcadoor.fnal.gov:1095/pnfs/fnal.gov/usr/minerva/persistent/OpenData/MediumEnergy_FHC/MC/StandardMC/Playlist1O/MasterAnaDev_mc_AnaTuple_run00113385_Playlist.root	9.968243711445121e+18	9.968243711445121e+18	1	174685	559136	
FHC	mc	1O	mc113386	root://fndcadoor.fnal.gov:1095/pnfs/fnal.gov/usr/minerva/persistent/OpenData/MediumEnergy_FHC/MC/StandardMC/Playlist1O/MasterAnaDev_mc_AnaTuple_run00113386_Playlist.root	9.607889162498666e+18	9.607924155752452e+18	1	166869	538717	
FHC	mc	1O	mc113387	root://fndcadoor.fnal.gov:1095/pnfs/fnal.gov/usr/minerva/persistent/OpenData/MediumEnergy_FHC/MC/StandardMC/Playlist1O/MasterAnaDev_mc_AnaTuple_run00113387_Playlist.root	9.948961478194285e+18	9.94897907112047e+18	1	173981	559100	
FHC	mc	1O	mc113388	root://fndcadoor.fnal.gov:1095/pnfs/fnal.gov/usr/minerva/persistent/OpenData/MediumEnergy_FHC/MC/StandardMC/Playlist1O/MasterAnaDev_mc_AnaTuple_run00113388_Playlist.root	9.94858946191403e+18	9.94862448573118e+18	1	174011	558767	
FHC	mc	1O	mc113389	root://fndcadoor.fnal.gov:1095/pnfs/fnal.gov/usr/minerva/persistent/OpenData/MediumEnergy_FHC/MC/StandardMC/Playlist1O/MasterAnaDev_mc_AnaTuple_run00113389_Playlist.root	9.929112444265679e+18	9.92913092922116e+18	1	173523	557250	
FHC	mc	1O	mc113390	root://fndcadoor.fnal.gov:1095/pnfs/fnal.gov/usr/minerva/persistent/OpenData/MediumEnergy_FHC/MC/StandardMC/Playlist1O/MasterAnaDev_mc_AnaTuple_run00113390_Playlist.root	9.888164773142491e+18	9.888164773142491e+18	1	173327	555502	
FHC	mc	1P	mc112000	root://fndcadoor.fnal.gov:1095/pnfs/fnal.gov/usr/minerva/persistent/OpenData/MediumEnergy_FHC/MC/StandardMC/Playlist1P/MasterAnaDev_mc_AnaTuple_run00112000_Playlist.root	9.622986637801226e+18	9.628221142227057e+18	1	169086	549315	
FHC	mc	1P	mc112001	root://fndcadoor.fnal.gov:1095/pnfs/fnal.gov/usr/minerva/persistent/OpenData/MediumEnergy_FHC/MC/StandardMC/Playlist1P/MasterAnaDev_mc_AnaTuple_run00112001_Playlist.root	9.48852206693528e+18	9.488573695195206e+18	1	165996	538883	
FHC	mc	1P	mc112002	root://fndcadoor.fnal.gov:1095/pnfs/fnal.gov/usr/minerva/persistent/OpenData/MediumEnergy_FHC/MC/StandardMC/Playlist1P/MasterAnaDev_mc_AnaTuple_run00112002_Playlist.root	9.923622979057215e+18	9.923640938299394e+18	1	174452	564746	
FHC	mc	1P	mc112003	root://fndcadoor.fnal.gov:1095/pnfs/fnal.gov/usr/minerva/persistent/OpenData/MediumEnergy_FHC/MC/StandardMC/Playlist1P/MasterAnaDev_mc_AnaTuple_run00112003_Playlist.root	9.937993235157623e+18	9.938010968173607e+18	1	174095	564953	
FHC	mc	1P	mc112004	root://fndcadoor.fnal.gov:1095/pnfs/fnal.gov/usr/minerva/persistent/OpenData/MediumEnergy_FHC/MC/StandardMC/Playlist1P/MasterAnaDev_mc_AnaTuple_run00112004_Playlist.root	9.988811088633268e+18	9.988829196599265e+18	1	174972	567114	
FHC	mc	1P	mc112005	root://fndcadoor.fnal.gov:1095/pnfs/fnal.gov/usr/minerva/persistent/OpenData/MediumEnergy_FHC/MC/StandardMC/Playlist1P/MasterAnaDev_mc_AnaTuple_run00112005_Playlist.root	9.94441869856966e+18	9.944454541405874e+18	1	175260	566138	
FHC	mc	1P	mc112006	root://fndcadoor.fnal.gov:1095/pnfs/fnal.gov/usr/minerva/persistent/OpenData/MediumEnergy_FHC/MC/StandardMC/Playlist1P/MasterAnaDev_mc_AnaTuple_run00112006_Playlist.root	9.948449766801957e+18	9.948449766801957e+18	1	175729	567547	
FHC	mc	1P	mc112007	root://fndcadoor.fnal.gov:1095/pnfs/fnal.gov/usr/minerva/persistent/OpenData/MediumEnergy_FHC/MC/StandardMC/Playlist1P/MasterAnaDev_mc_AnaTuple_run00112007_Playlist.root	9.98934062791741e+18	9.989393397538318e+18	1	175053	569570	
FHC	mc	1P	mc112008	root://fndcadoor.fnal.gov:1095/pnfs/fnal.gov/usr/minerva/persistent/OpenData/MediumEnergy_FHC/MC/StandardMC/Playlist1P/MasterAnaDev_mc_AnaTuple_run00112008_Playlist.root	9.94453179286377e+18	9.944551364709556e+18	1	173853	566464	
FHC	mc	1P	mc112009	root://fndcadoor.fnal.gov:1095/pnfs/fnal.gov/usr/minerva/persistent/OpenData/MediumEnergy_FHC/MC/StandardMC/Playlist1P/MasterAnaDev_mc_AnaTuple_run00112009_Playlist.root	9.952373922464145e+18	9.95242750445519e+18	1	174545	566320	
FHC	mc	1P	mc112010	root://fndcadoor.fnal.gov:1095/pnfs/fnal.gov/usr/minerva/persistent/OpenData/MediumEnergy_FHC/MC/StandardMC/Playlist1P/MasterAnaDev_mc_AnaTuple_run00112010_Playlist.root	9.896988313531128e+18	9.897006693422119e+18	1	173251	562083	
FHC	mc	1P	mc112011	root://fndcadoor.fnal.gov:1095/pnfs/fnal.gov/usr/minerva/persistent/OpenData/MediumEnergy_FHC/MC/StandardMC/Playlist1P/MasterAnaDev_mc_AnaTuple_run00112011_Playlist.root	9.9547030264509e+18	9.95473903792813e+18	1	174663	566945	
FHC	mc	1P	mc112012	root://fndcadoor.fnal.gov:1095/pnfs/fnal.gov/usr/minerva/persistent/OpenData/MediumEnergy_FHC/MC/StandardMC/Playlist1P/MasterAnaDev_mc_AnaTuple_run00112012_Playlist.root	9.935729235799146e+18	9.935746751612475e+18	1	173660	564996	
FHC	mc	1P	mc112013	root://fndcadoor.fnal.gov:1095/pnfs/fnal.gov/usr/minerva/persistent/OpenData/MediumEnergy_FHC/MC/StandardMC/Playlist1P/MasterAnaDev_mc_AnaTuple_run00112013_Playlist.root	9.928570244483109e+18	9.92860535155615e+18	1	174089	564230	
FHC	mc	1P	mc112014	root://fndcadoor.fnal.gov:1095/pnfs/fnal.gov/usr/minerva/persistent/OpenData/MediumEnergy_FHC/MC/StandardMC/Playlist1P/MasterAnaDev_mc_AnaTuple_run00112014_Playlist.root	1.0008358678815443e+19	1.0008411830857955e+19	1	174844	568271	
FHC	mc	1P	mc112015	root://fndcadoor.fnal.gov:1095/pnfs/fnal.gov/usr/minerva/persistent/OpenData/MediumEnergy_FHC/MC/StandardMC/Playlist1P/MasterAnaDev_mc_AnaTuple_run00112015_Playlist.root	1.0008669586506371e+19	1.0008720781602589e+19	1	175362	570130	
FHC	mc	1P	mc112016	root://fndcadoor.fnal.gov:1095/pnfs/fnal.gov/usr/minerva/persistent/OpenData/MediumEnergy_FHC/MC/StandardMC/Playlist1P/MasterAnaDev_mc_AnaTuple_run00112016_Playlist.root	9.828724194013497e+18	9.828724194013497e+18	1	172523	558276	
FHC	mc	1P	mc112017	root://fndcadoor.fnal.gov:1095/pnfs/fnal.gov/usr/minerva/persistent/OpenData/MediumEnergy_FHC/MC/StandardMC/Playlist1P/MasterAnaDev_mc_AnaTuple_run00112017_Playlist.root	9.90861326829178e+18	9.908631771186352e+18	1	173544	563932	
FHC	mc	1P	mc112018	root://fndcadoor.fnal.gov:1095/pnfs/fnal.gov/usr/minerva/persistent/OpenData/MediumEnergy_FHC/MC/StandardMC/Playlist1P/MasterAnaDev_mc_AnaTuple_run00112018_Playlist.root	1.0008543362448425e+19	1.0008560975232635e+19	1	175305	569294	
FHC	mc	1P	mc112019	root://fndcadoor.fnal.gov:1095/pnfs/fnal.gov/usr/minerva/persistent/OpenData/MediumEnergy_FHC/MC/StandardMC/Playlist1P/MasterAnaDev_mc_AnaTuple_run00112019_Playlist.root	9.987988118938544e+18	9.988023905970538e+18	1	174791	567990	
FHC	mc	1P	mc112020	root://fndcadoor.fnal.gov:1095/pnfs/fnal.gov/usr/minerva/persistent/OpenData/MediumEnergy_FHC/MC/StandardMC/Playlist1P/MasterAnaDev_mc_AnaTuple_run00112020_Playlist.root	9.928636161869005e+18	9.928723424335421e+18	1	174375	565708	
RHC	data	5A	data19500	root://fndcadoor.fnal.gov:1095/pnfs/fnal.gov/usr/minerva/persistent/OpenData/MediumEnergy_RHC/Data/Playlist5A/MasterAnaDev_data_AnaTuple_run00019500_Playlist.root	6.460850449800492e+17	1.0937092580279654e+18	1	9859		
RHC	data	5A	data19501	root://fndcadoor.fnal.gov:1095/pnfs/fnal.gov/usr/minerva/persistent/OpenData/MediumEnergy_RHC/Data/Playlist5A/MasterAnaDev_data_AnaTuple_run00019501_Playlist.root	1.1101319520225526e+18	1.1165197741731293e+18	1	16990		
RHC	data	5A	data19502	root://fndcadoor.fnal.gov:1095/pnfs/fnal.gov/usr/minerva/persistent/OpenData/MediumEnergy_RHC/Data/Playlist5A/MasterAnaDev_data_AnaTuple_run00019502_Playlist.root	9.84368697777748e+17	9.844140540816998e+17	1	14952		
RHC	data	5A	data19504	root://fndcadoor.fnal.gov:1095/pnfs/fnal.gov/usr/minerva/persistent/OpenData/MediumEnergy_RHC/Data/Playlist5A/MasterAnaDev_data_AnaTuple_run00019504_Playlist.root	7.352605884962083e+17	7.410994069507909e+17	1	11093		
RHC	data	5A	data19505	root://fndcadoor.fnal.gov:1095/pnfs/fnal.gov/usr/minerva/persistent/OpenData/MediumEnergy_RHC/Data/Playlist5A/MasterAnaDev_data_AnaTuple_run00019505_Playlist.root	1365329101562500.0	1365329101562500.0	1	16		
RHC	data	5A	data19507	root://fndcadoor.fnal.gov:1095/pnfs/fnal.gov/usr/minerva/persistent/OpenData/MediumEnergy_RHC/Data/Playlist5A/MasterAnaDev_data_AnaTuple_run00019507_Playlist.root	1.1959271396636963e+17	1.1963566287137963e+17	1	1815		
RHC	data	5A	data19508	root://fndcadoor.fnal.gov:1095/pnfs/fnal.gov/usr/minerva/persistent/OpenData/MediumEnergy_RHC/Data/Playlist5A/MasterAnaDev_data_AnaTuple_run00019508_Playlist.root	1.3646253266525269e+17	1.3646236945031723e+17	1	2056		
RHC	data	5A	data19509	root://fndcadoor.fnal.gov:1095/pnfs/fnal.gov/usr/minerva/persistent/OpenData/MediumEnergy_RHC/Data/Playlist5A/MasterAnaDev_data_AnaTuple_run00019509_Playlist.root	5.968356331462861e+17	5.969629630551055e+17	1	9054		
RHC	data	5A	data19510	root://fndcadoor.fnal.gov:1095/pnfs/fnal.gov/usr/minerva/persistent/OpenData/MediumEnergy_RHC/Data/Playlist5A/MasterAnaDev_data_AnaTuple_run00019510_Playlist.root	1.0720772251369955e+18	1.0756748693059717e+18	1	16205		
RHC	data	5A	data19511	root://fndcadoor.fnal.gov:1095/pnfs/fnal.gov/usr/minerva/persistent/OpenData/MediumEnergy_RHC/Data/Playlist5A/MasterAnaDev_data_AnaTuple_run00019511_Playlist.root	2.931358187952041e+17	2.9313434476288237e+17	1	4439		
RHC	data	5A	data19512	root://fndcadoor.fnal.gov:1095/pnfs/fnal.gov/usr/minerva/persistent/OpenData/MediumEnergy_RHC/Data/Playlist5A/MasterAnaDev_data_AnaTuple_run00019512_Playlist.root	2.7077858554840086e+17	2.709498566249978e+17	1	4058		
RHC	data	5A	data19513	root://fndcadoor.fnal.gov:1095/pnfs/fnal.gov/usr/minerva/persistent/OpenData/MediumEnergy_RHC/Data/Playlist5A/MasterAnaDev_data_AnaTuple_run00019513_Playlist.root	9.37267539740801e+17	9.374395107748101e+17	1	14311		
RHC	data	5A	data19514	root://fndcadoor.fnal.gov:1095/pnfs/fnal.gov/usr/minerva/persistent/OpenData/MediumEnergy_RHC/Data/Playlist5A/MasterAnaDev_data_AnaTuple_run00019514_Playlist.root	6.431583263473509e+17	6.497940069117464e+17	1	9528		
RHC	data	5A	data19515	root://fndcadoor.fnal.gov:1095/pnfs/fnal.gov/usr/minerva/persistent/OpenData/MediumEnergy_RHC/Data/Playlist5A/MasterAnaDev_data_AnaTuple_run00019515_Playlist.root	9.894797185134888e+16	9.911966183748632e+16	1	1468		
RHC	data	5A	data19517	root://fndcadoor.fnal.gov:1095/pnfs/fnal.gov/usr/minerva/persistent/OpenData/MediumEnergy_RHC/Data/Playlist5A/MasterAnaDev_data_AnaTuple_run00019517_Playlist.root	3.1740943373489376e+17	3.1753893113424774e+17	1	4843		
RHC	data	5A	data19518	root://fndcadoor.fnal.gov:1095/pnfs/fnal.gov/usr/minerva/persistent/OpenData/MediumEnergy_RHC/Data/Playlist5A/MasterAnaDev_data_AnaTuple_run00019518_Playlist.root	4.301934064426422e+17	4.303620637515457e+17	1	6678		
RHC	data	5A	data19519	root://fndcadoor.fnal.gov:1095/pnfs/fnal.gov/usr/minerva/persistent/OpenData/MediumEnergy_RHC/Data/Playlist5A/MasterAnaDev_data_AnaTuple_run00019519_Playlist.root	1.3703403549194336e+17	1.370335646232158e+17	1	2011		
RHC	data	5A	data19520	root://fndcadoor.fnal.gov:1095/pnfs/fnal.gov/usr/minerva/persistent/OpenData/MediumEnergy_RHC/Data/Playlist5A/MasterAnaDev_data_AnaTuple_run00019520_Playlist.root	6.224397311019898e+17	6.290789787707748e+17	1	9500		
RHC	data	5A	data19521	root://fndcadoor.fnal.gov:1095/pnfs/fnal.gov/usr/minerva/persistent/OpenData/MediumEnergy_RHC/Data/Playlist5A/MasterAnaDev_data_AnaTuple_run00019521_Playlist.root	1.236663825683594e+17	1.2383848206710818e+17	1	1846		
RHC	data	5A	data19523	root://fndcadoor.fnal.gov:1095/pnfs/fnal.gov/usr/minerva/persistent/OpenData/MediumEnergy_RHC/Data/Playlist5A/MasterAnaDev_data_AnaTuple_run00019523_Playlist.root	5.1449196033692365e+17	5.144934279200799e+17	1	7610		
RHC	data	5A	data19524	root://fndcadoor.fnal.gov:1095/pnfs/fnal.gov/usr/minerva/persistent/OpenData/MediumEnergy_RHC/Data/Playlist5A/MasterAnaDev_data_AnaTuple_run00019524_Playlist.root	3.07667351093769e+17	3.076718362156549e+17	1	4522		
RHC	data	5A	data19525	root://fndcadoor.fnal.gov:1095/pnfs/fnal.gov/usr/minerva/persistent/OpenData/MediumEnergy_RHC/Data/Playlist5A/MasterAnaDev_data_AnaTuple_run00019525_Playlist.root	5.306826676559448e+16	5.306826676559448e+16	1	802		
RHC	data	5A	data19530	root://fndcadoor.fnal.gov:1095/pnfs/fnal.gov/usr/minerva/persistent/OpenData/MediumEnergy_RHC/Data/Playlist5A/MasterAnaDev_data_AnaTuple_run00019530_Playlist.root	1.1010732898712158e+16	1.1010732898712158e+16	1	183		
RHC	data	5A	data19531	root://fndcadoor.fnal.gov:1095/pnfs/fnal.gov/usr/minerva/persistent/OpenData/MediumEnergy_RHC/Data/Playlist5A/MasterAnaDev_data_AnaTuple_run00019531_Playlist.root	410984100341796.9	412291733291465.8	1	3		
RHC	data	5A	data19532	root://fndcadoor.fnal.gov:1095/pnfs/fnal.gov/usr/minerva/persistent/OpenData/MediumEnergy_RHC/Data/Playlist5A/MasterAnaDev_data_AnaTuple_run00019532_Playlist.root	680198703765869.1	680719910079729.8	1	10		
RHC	data	5A	data19533	root://fndcadoor.fnal.gov:1095/pnfs/fnal.gov/usr/minerva/persistent/OpenData/MediumEnergy_RHC/Data/Playlist5A/MasterAnaDev_data_AnaTuple_run00019533_Playlist.root	1.0681491207122802e+16	1.0809132110595704e+16	1	157		
RHC	data	5A	data19543	root://fndcadoor.fnal.gov:1095/pnfs/fnal.gov/usr/minerva/persistent/OpenData/MediumEnergy_RHC/Data/Playlist5A/MasterAnaDev_data_AnaTuple_run00019543_Playlist.root	9.507893639318941e+17	9.574049833203921e+17	1	14687		
RHC	data	5A	data19544	root://fndcadoor.fnal.gov:1095/pnfs/fnal.gov/usr/minerva/persistent/OpenData/MediumEnergy_RHC/Data/Playlist5A/MasterAnaDev_data_AnaTuple_run00019544_Playlist.root	3.113988245382309e+17	1.0896338132322555e+18	1	4843		
RHC	data	5A	data19545	root://fndcadoor.fnal.gov:1095/pnfs/fnal.gov/usr/minerva/persistent/OpenData/MediumEnergy_RHC/Data/Playlist5A/MasterAnaDev_data_AnaTuple_run00019545_Playlist.root	0.0	1.1163299698045697e+18	1	0		
RHC	data	5A	data19546	root://fndcadoor.fnal.gov:1095/pnfs/fnal.gov/usr/minerva/persistent/OpenData/MediumEnergy_RHC/Data/Playlist5A/MasterAnaDev_data_AnaTuple_run00019546_Playlist.root	0.0	1.0740915169317656e+18	1	0		
RHC	data	5A	data19547	root://fndcadoor.fnal.gov:1095/pnfs/fnal.gov/usr/minerva/persistent/OpenData/MediumEnergy_RHC/Data/Playlist5A/MasterAnaDev_data_AnaTuple_run00019547_Playlist.root	0.0	7.732616001579379e+17	1	0		
RHC	data	5A	data19548	root://fndcadoor.fnal.gov:1095/pnfs/fnal.gov/usr/minerva/persistent/OpenData/MediumEnergy_RHC/Data/Playlist5A/MasterAnaDev_data_AnaTuple_run00019548_Playlist.root	0.0	1.1214578617528589e+18	1	0		
RHC	data	5A	data19549	root://fndcadoor.fnal.gov:1095/pnfs/fnal.gov/usr/minerva/persistent/OpenData/MediumEnergy_RHC/Data/Playlist5A/MasterAnaDev_data_AnaTuple_run00019549_Playlist.root	0.0	1.143125430597044e+18	1	0		
RHC	data	5A	data19550	root://fndcadoor.fnal.gov:1095/pnfs/fnal.gov/usr/minerva/persistent/OpenData/MediumEnergy_RHC/Data/Playlist5A/MasterAnaDev_data_AnaTuple_run00019550_Playlist.root	4.6278631476783744e+17	1.1066047599361055e+18	1	6950		
RHC	data	5A	data19551	root://fndcadoor.fnal.gov:1095/pnfs/fnal.gov/usr/minerva/persistent/OpenData/MediumEnergy_RHC/Data/Playlist5A/MasterAnaDev_data_AnaTuple_run00019551_Playlist.root	1.1480014323701859e+18	1.1481669600817642e+18	1	17514		
RHC	data	5A	data19552	root://fndcadoor.fnal.gov:1095/pnfs/fnal.gov/usr/minerva/persistent/OpenData/MediumEnergy_RHC/Data/Playlist5A/MasterAnaDev_data_AnaTuple_run00019552_Playlist.root	1.1542665408124923e+18	1.1594482634986703e+18	1	17528		
RHC	data	5A	data19553	root://fndcadoor.fnal.gov:1095/pnfs/fnal.gov/usr/minerva/persistent/OpenData/MediumEnergy_RHC/Data/Playlist5A/MasterAnaDev_data_AnaTuple_run00019553_Playlist.root	1.1596170047540664e+18	1.165850087827194e+18	1	17589		
RHC	data	5A	data19554	root://fndcadoor.fnal.gov:1095/pnfs/fnal.gov/usr/minerva/persistent/OpenData/MediumEnergy_RHC/Data/Playlist5A/MasterAnaDev_data_AnaTuple_run00019554_Playlist.root	1.1256721449346541e+18	1.1257547321994004e+18	1	17132		
RHC	data	5A	data19555	root://fndcadoor.fnal.gov:1095/pnfs/fnal.gov/usr/minerva/persistent/OpenData/MediumEnergy_RHC/Data/Playlist5A/MasterAnaDev_data_AnaTuple_run00019555_Playlist.root	1.1327816458587648e+18	1.1393558574367476e+18	1	17038		
RHC	data	5A	data19556	root://fndcadoor.fnal.gov:1095/pnfs/fnal.gov/usr/minerva/persistent/OpenData/MediumEnergy_RHC/Data/Playlist5A/MasterAnaDev_data_AnaTuple_run00019556_Playlist.root	2.5650331306838986e+17	2.565034432890557e+17	1	3784		
RHC	data	5A	data19557	root://fndcadoor.fnal.gov:1095/pnfs/fnal.gov/usr/minerva/persistent/OpenData/MediumEnergy_RHC/Data/Playlist5A/MasterAnaDev_data_AnaTuple_run00019557_Playlist.root	1.1161714649548531e+18	1.116458084506712e+18	1	16945		
RHC	data	5A	data19558	root://fndcadoor.fnal.gov:1095/pnfs/fnal.gov/usr/minerva/persistent/OpenData/MediumEnergy_RHC/Data/Playlist5A/MasterAnaDev_data_AnaTuple_run00019558_Playlist.root	1.1171244195175172e+18	1.123673948405878e+18	1	17057		
RHC	data	5A	data19559	root://fndcadoor.fnal.gov:1095/pnfs/fnal.gov/usr/minerva/persistent/OpenData/MediumEnergy_RHC/Data/Playlist5A/MasterAnaDev_data_AnaTuple_run00019559_Playlist.root	1.1010949763948918e+18	1.1014270871491336e+18	1	16587		
RHC	data	5A	data19560	root://fndcadoor.fnal.gov:1095/pnfs/fnal.gov/usr/minerva/persistent/OpenData/MediumEnergy_RHC/Data/Playlist5A/MasterAnaDev_data_AnaTuple_run00019560_Playlist.root	1.1247537422313691e+18	1.1313021092674977e+18	1	17040		
RHC	data	5A	data19561	root://fndcadoor.fnal.gov:1095/pnfs/fnal.gov/usr/minerva/persistent/OpenData/MediumEnergy_RHC/Data/Playlist5A/MasterAnaDev_data_AnaTuple_run00019561_Playlist.root	6.991144417209624e+17	6.993762828730511e+17	1	10577		
RHC	data	5A	data19562	root://fndcadoor.fnal.gov:1095/pnfs/fnal.gov/usr/minerva/persistent/OpenData/MediumEnergy_RHC/Data/Playlist5A/MasterAnaDev_data_AnaTuple_run00019562_Playlist.root	1.907465012741089e+16	1.907466832957382e+16	1	308		
RHC	data	5A	data19564	root://fndcadoor.fnal.gov:1095/pnfs/fnal.gov/usr/minerva/persistent/OpenData/MediumEnergy_RHC/Data/Playlist5A/MasterAnaDev_data_AnaTuple_run00019564_Playlist.root	1.1580766108322145e+18	1.164642658159585e+18	1	17632		
RHC	data	5A	data19565	root://fndcadoor.fnal.gov:1095/pnfs/fnal.gov/usr/minerva/persistent/OpenData/MediumEnergy_RHC/Data/Playlist5A/MasterAnaDev_data_AnaTuple_run00019565_Playlist.root	1.1446956422405243e+18	1.1449895090231711e+18	1	17635		
RHC	data	5A	data19566	root://fndcadoor.fnal.gov:1095/pnfs/fnal.gov/usr/minerva/persistent/OpenData/MediumEnergy_RHC/Data/Playlist5A/MasterAnaDev_data_AnaTuple_run00019566_Playlist.root	1.0987750821628572e+18	1.1051268885912957e+18	1	16702		
RHC	data	5A	data19567	root://fndcadoor.fnal.gov:1095/pnfs/fnal.gov/usr/minerva/persistent/OpenData/MediumEnergy_RHC/Data/Playlist5A/MasterAnaDev_data_AnaTuple_run00019567_Playlist.root	1.179630897475958e+18	1.1799694404015337e+18	1	17887		
RHC	data	5A	data19568	root://fndcadoor.fnal.gov:1095/pnfs/fnal.gov/usr/minerva/persistent/OpenData/MediumEnergy_RHC/Data/Playlist5A/MasterAnaDev_data_AnaTuple_run00019568_Playlist.root	1.0984597757351397e+18	1.1549865343074278e+18	1	16550		
RHC	data	5A	data19569	root://fndcadoor.fnal.gov:1095/pnfs/fnal.gov/usr/minerva/persistent/OpenData/MediumEnergy_RHC/Data/Playlist5A/MasterAnaDev_data_AnaTuple_run00019569_Playlist.root	5.97823452591896e+17	1.1387340717463322e+18	1	8918		
RHC	data	5A	data19570	root://fndcadoor.fnal.gov:1095/pnfs/fnal.gov/usr/minerva/persistent/OpenData/MediumEnergy_RHC/Data/Playlist5A/MasterAnaDev_data_AnaTuple_run00019570_Playlist.root	1.1367601336340904e+18	1.137137365551954e+18	1	17217		
RHC	data	5A	data19571	root://fndcadoor.fnal.gov:1095/pnfs/fnal.gov/usr/minerva/persistent/OpenData/MediumEnergy_RHC/Data/Playlist5A/MasterAnaDev_data_AnaTuple_run00019571_Playlist.root	1.1155725011417866e+18	1.1719284547894175e+18	1	16886		
RHC	data	5A	data19572	root://fndcadoor.fnal.gov:1095/pnfs/fnal.gov/usr/minerva/persistent/OpenData/MediumEnergy_RHC/Data/Playlist5A/MasterAnaDev_data_AnaTuple_run00019572_Playlist.root	1.17476046057868e+18	1.1750538620582367e+18	1	17743		
RHC	data	5A	data19573	root://fndcadoor.fnal.gov:1095/pnfs/fnal.gov/usr/minerva/persistent/OpenData/MediumEnergy_RHC/Data/Playlist5A/MasterAnaDev_data_AnaTuple_run00019573_Playlist.root	2.7113218557453155e+17	2.7129986896662963e+17	1	4100		
RHC	data	5A	data19574	root://fndcadoor.fnal.gov:1095/pnfs/fnal.gov/usr/minerva/persistent/OpenData/MediumEnergy_RHC/Data/Playlist5A/MasterAnaDev_data_AnaTuple_run00019574_Playlist.root	1.113356548332572e+17	1.283218290528292e+17	1	1725		
RHC	data	5A	data19575	root://fndcadoor.fnal.gov:1095/pnfs/fnal.gov/usr/minerva/persistent/OpenData/MediumEnergy_RHC/Data/Playlist5A/MasterAnaDev_data_AnaTuple_run00019575_Playlist.root	1.0458972638149262e+18	1.0519396773325363e+18	1	15882		
RHC	data	5A	data19576	root://fndcadoor.fnal.gov:1095/pnfs/fnal.gov/usr/minerva/persistent/OpenData/MediumEnergy_RHC/Data/Playlist5A/MasterAnaDev_data_AnaTuple_run00019576_Playlist.root	1.0907224944121836e+18	1.1016755490849971e+18	1	16589		
RHC	data	5A	data19577	root://fndcadoor.fnal.gov:1095/pnfs/fnal.gov/usr/minerva/persistent/OpenData/MediumEnergy_RHC/Data/Playlist5A/MasterAnaDev_data_AnaTuple_run00019577_Playlist.root	1.0602034471328259e+18	1.0603684559150452e+18	1	15981		
RHC	data	5A	data19578	root://fndcadoor.fnal.gov:1095/pnfs/fnal.gov/usr/minerva/persistent/OpenData/MediumEnergy_RHC/Data/Playlist5A/MasterAnaDev_data_AnaTuple_run00019578_Playlist.root	5.772602941921948e+17	5.815989981887465e+17	1	8793		
RHC	data	5A	data19579	root://fndcadoor.fnal.gov:1095/pnfs/fnal.gov/usr/minerva/persistent/OpenData/MediumEnergy_RHC/Data/Playlist5A/MasterAnaDev_data_AnaTuple_run00019579_Playlist.root	7.472429307432174e+17	7.503029521771725e+17	1	11325		
RHC	data	5A	data19580	root://fndcadoor.fnal.gov:1095/pnfs/fnal.gov/usr/minerva/persistent/OpenData/MediumEnergy_RHC/Data/Playlist5A/MasterAnaDev_data_AnaTuple_run00019580_Playlist.root	5.124306904220581e+16	5.124307343517406e+16	1	821		
RHC	data	5A	data19581	root://fndcadoor.fnal.gov:1095/pnfs/fnal.gov/usr/minerva/persistent/OpenData/MediumEnergy_RHC/Data/Playlist5A/MasterAnaDev_data_AnaTuple_run00019581_Playlist.root	1.164762094746351e+18	1.1883809931188882e+18	1	17710		
RHC	data	5A	data19582	root://fndcadoor.fnal.gov:1095/pnfs/fnal.gov/usr/minerva/persistent/OpenData/MediumEnergy_RHC/Data/Playlist5A/MasterAnaDev_data_AnaTuple_run00019582_Playlist.root	1.1571165865230559e+18	1.157370866385449e+18	1	17677		
RHC	data	5A	data19583	root://fndcadoor.fnal.gov:1095/pnfs/fnal.gov/usr/minerva/persistent/OpenData/MediumEnergy_RHC/Data/Playlist5A/MasterAnaDev_data_AnaTuple_run00019583_Playlist.root	1.165511255316734e+18	1.1722665339198973e+18	1	17767		
RHC	data	5A	data19584	root://fndcadoor.fnal.gov:1095/pnfs/fnal.gov/usr/minerva/persistent/OpenData/MediumEnergy_RHC/Data/Playlist5A/MasterAnaDev_data_AnaTuple_run00019584_Playlist.root	9.58116580098629e+17	9.584572403067091e+17	1	14694		
RHC	data	5A	data19585	root://fndcadoor.fnal.gov:1095/pnfs/fnal.gov/usr/minerva/persistent/OpenData/MediumEnergy_RHC/Data/Playlist5A/MasterAnaDev_data_AnaTuple_run00019585_Playlist.root	1.0800708573503494e+18	1.0858470644015314e+18	1	16611		
RHC	data	5A	data19586	root://fndcadoor.fnal.gov:1095/pnfs/fnal.gov/usr/minerva/persistent/OpenData/MediumEnergy_RHC/Data/Playlist5A/MasterAnaDev_data_AnaTuple_run00019586_Playlist.root	1.0443467821989056e+18	1.0444631567798502e+18	1	15953		
RHC	data	5A	data19587	root://fndcadoor.fnal.gov:1095/pnfs/fnal.gov/usr/minerva/persistent/OpenData/MediumEnergy_RHC/Data/Playlist5A/MasterAnaDev_data_AnaTuple_run00019587_Playlist.root	1.0048638049521444e+18	1.0101954606122644e+18	1	15356		
RHC	data	5A	data19588	root://fndcadoor.fnal.gov:1095/pnfs/fnal.gov/usr/minerva/persistent/OpenData/MediumEnergy_RHC/Data/Playlist5A/MasterAnaDev_data_AnaTuple_run00019588_Playlist.root	1.155397462949276e+18	1.1557212601482511e+18	1	17482		
RHC	data	5A	data19589	root://fndcadoor.fnal.gov:1095/pnfs/fnal.gov/usr/minerva/persistent/OpenData/MediumEnergy_RHC/Data/Playlist5A/MasterAnaDev_data_AnaTuple_run00019589_Playlist.root	1.1404443316524027e+18	1.1466686396168621e+18	1	17384		
RHC	data	5A	data19590	root://fndcadoor.fnal.gov:1095/pnfs/fnal.gov/usr/minerva/persistent/OpenData/MediumEnergy_RHC/Data/Playlist5A/MasterAnaDev_data_AnaTuple_run00019590_Playlist.root	7.523968701708315e+17	7.525041753112634e+17	1	11359		
RHC	data	5A	data19591	root://fndcadoor.fnal.gov:1095/pnfs/fnal.gov/usr/minerva/persistent/OpenData/MediumEnergy_RHC/Data/Playlist5A/MasterAnaDev_data_AnaTuple_run00019591_Playlist.root	1.0405295786054135e+18	1.1360887925724155e+18	1	16061		
RHC	data	5A	data19592	root://fndcadoor.fnal.gov:1095/pnfs/fnal.gov/usr/minerva/persistent/OpenData/MediumEnergy_RHC/Data/Playlist5A/MasterAnaDev_data_AnaTuple_run00019592_Playlist.root	1.0187415354257821e+18	1.0558084364400355e+18	1	15453		
RHC	data	5A	data19593	root://fndcadoor.fnal.gov:1095/pnfs/fnal.gov/usr/minerva/persistent/OpenData/MediumEnergy_RHC/Data/Playlist5A/MasterAnaDev_data_AnaTuple_run00019593_Playlist.root	1.1400057407574652e+18	1.140342180361508e+18	1	17117		
RHC	data	5A	data19594	root://fndcadoor.fnal.gov:1095/pnfs/fnal.gov/usr/minerva/persistent/OpenData/MediumEnergy_RHC/Data/Playlist5A/MasterAnaDev_data_AnaTuple_run00019594_Playlist.root	1.105428488735914e+18	1.1294753900063881e+18	1	16921		
RHC	data	5A	data19595	root://fndcadoor.fnal.gov:1095/pnfs/fnal.gov/usr/minerva/persistent/OpenData/MediumEnergy_RHC/Data/Playlist5A/MasterAnaDev_data_AnaTuple_run00019595_Playlist.root	1.0013953062286376e+18	1.001685240940404e+18	1	15288		
RHC	data	5A	data19596	root://fndcadoor.fnal.gov:1095/pnfs/fnal.gov/usr/minerva/persistent/OpenData/MediumEnergy_RHC/Data/Playlist5A/MasterAnaDev_data_AnaTuple_run00019596_Playlist.root	5.138743791780472e+17	5.791168742249487e+17	1	7760		
RHC	data	6A	data22000	root://fndcadoor.fnal.gov:1095/pnfs/fnal.gov/usr/minerva/persistent/OpenData/MediumEnergy_RHC/Data/Playlist6A/MasterAnaDev_data_AnaTuple_run00022000_Playlist.root	1.2267172453095916e+18	1.287327891830847e+18	1	18953		
RHC	data	6A	data22001	root://fndcadoor.fnal.gov:1095/pnfs/fnal.gov/usr/minerva/persistent/OpenData/MediumEnergy_RHC/Data/Playlist6A/MasterAnaDev_data_AnaTuple_run00022001_Playlist.root	1.2857268457202913e+18	1.2860077980648036e+18	1	19812		
RHC	data	6A	data22002	root://fndcadoor.fnal.gov:1095/pnfs/fnal.gov/usr/minerva/persistent/OpenData/MediumEnergy_RHC/Data/Playlist6A/MasterAnaDev_data_AnaTuple_run00022002_Playlist.root	1.0367287845838071e+18	1.0434720298842341e+18	1	16086		
RHC	data	6A	data22003	root://fndcadoor.fnal.gov:1095/pnfs/fnal.gov/usr/minerva/persistent/OpenData/MediumEnergy_RHC/Data/Playlist6A/MasterAnaDev_data_AnaTuple_run00022003_Playlist.root	1.2613351001939776e+18	1.2617220352515466e+18	1	19484		
RHC	data	6A	data22004	root://fndcadoor.fnal.gov:1095/pnfs/fnal.gov/usr/minerva/persistent/OpenData/MediumEnergy_RHC/Data/Playlist6A/MasterAnaDev_data_AnaTuple_run00022004_Playlist.root	7.44068196025133e+17	1.2440975252591754e+18	1	11429		
RHC	data	6A	data22005	root://fndcadoor.fnal.gov:1095/pnfs/fnal.gov/usr/minerva/persistent/OpenData/MediumEnergy_RHC/Data/Playlist6A/MasterAnaDev_data_AnaTuple_run00022005_Playlist.root	1.588120085196495e+17	1.240233200094719e+18	1	2557		
RHC	data	6A	data22006	root://fndcadoor.fnal.gov:1095/pnfs/fnal.gov/usr/minerva/persistent/OpenData/MediumEnergy_RHC/Data/Playlist6A/MasterAnaDev_data_AnaTuple_run00022006_Playlist.root	6.432751921682356e+17	1.3375515963345198e+18	1	9900		
RHC	data	6A	data22007	root://fndcadoor.fnal.gov:1095/pnfs/fnal.gov/usr/minerva/persistent/OpenData/MediumEnergy_RHC/Data/Playlist6A/MasterAnaDev_data_AnaTuple_run00022007_Playlist.root	5.1543063704872134e+17	1.162674052535134e+18	1	7805		
RHC	data	6A	data22008	root://fndcadoor.fnal.gov:1095/pnfs/fnal.gov/usr/minerva/persistent/OpenData/MediumEnergy_RHC/Data/Playlist6A/MasterAnaDev_data_AnaTuple_run00022008_Playlist.root	1.1245988884725573e+18	1.1321643939685647e+18	1	17420		
RHC	data	6A	data22009	root://fndcadoor.fnal.gov:1095/pnfs/fnal.gov/usr/minerva/persistent/OpenData/MediumEnergy_RHC/Data/Playlist6A/MasterAnaDev_data_AnaTuple_run00022009_Playlist.root	1.2827726711196902e+18	1.2833051748503741e+18	1	19835		
RHC	data	6A	data22010	root://fndcadoor.fnal.gov:1095/pnfs/fnal.gov/usr/minerva/persistent/OpenData/MediumEnergy_RHC/Data/Playlist6A/MasterAnaDev_data_AnaTuple_run00022010_Playlist.root	1.322455179901123e+18	1.330080230811668e+18	1	20326		
RHC	data	6A	data22011	root://fndcadoor.fnal.gov:1095/pnfs/fnal.gov/usr/minerva/persistent/OpenData/MediumEnergy_RHC/Data/Playlist6A/MasterAnaDev_data_AnaTuple_run00022011_Playlist.root	1.3720182898547648e+18	1.3724075898686044e+18	1	21124		
RHC	data	6A	data22012	root://fndcadoor.fnal.gov:1095/pnfs/fnal.gov/usr/minerva/persistent/OpenData/MediumEnergy_RHC/Data/Playlist6A/MasterAnaDev_data_AnaTuple_run00022012_Playlist.root	1.249182807876587e+18	1.2569256358078828e+18	1	19207		
RHC	data	6A	data22013	root://fndcadoor.fnal.gov:1095/pnfs/fnal.gov/usr/minerva/persistent/OpenData/MediumEnergy_RHC/Data/Playlist6A/MasterAnaDev_data_AnaTuple_run00022013_Playlist.root	1.346533556652069e+18	1.3466764861475837e+18	1	20921		
RHC	data	6A	data22014	root://fndcadoor.fnal.gov:1095/pnfs/fnal.gov/usr/minerva/persistent/OpenData/MediumEnergy_RHC/Data/Playlist6A/MasterAnaDev_data_AnaTuple_run00022014_Playlist.root	1.325201930709839e+18	1.332842616286862e+18	1	20485		
RHC	data	6A	data22015	root://fndcadoor.fnal.gov:1095/pnfs/fnal.gov/usr/minerva/persistent/OpenData/MediumEnergy_RHC/Data/Playlist6A/MasterAnaDev_data_AnaTuple_run00022015_Playlist.root	3.025308764734268e+17	1.326020083809857e+18	1	4694		
RHC	data	6A	data22016	root://fndcadoor.fnal.gov:1095/pnfs/fnal.gov/usr/minerva/persistent/OpenData/MediumEnergy_RHC/Data/Playlist6A/MasterAnaDev_data_AnaTuple_run00022016_Playlist.root	1.2370604184663296e+18	1.2653026711664586e+18	1	18874		
RHC	data	6A	data22017	root://fndcadoor.fnal.gov:1095/pnfs/fnal.gov/usr/minerva/persistent/OpenData/MediumEnergy_RHC/Data/Playlist6A/MasterAnaDev_data_AnaTuple_run00022017_Playlist.root	291649997711181.6	5.598079495922909e+17	1	2		
RHC	data	6A	data22100	root://fndcadoor.fnal.gov:1095/pnfs/fnal.gov/usr/minerva/persistent/OpenData/MediumEnergy_RHC/Data/Playlist6A/MasterAnaDev_data_AnaTuple_run00022100_Playlist.root	1.0686264459981919e+18	1.262740968698395e+18	1	2367		
RHC	data	6A	data22101	root://fndcadoor.fnal.gov:1095/pnfs/fnal.gov/usr/minerva/persistent/OpenData/MediumEnergy_RHC/Data/Playlist6A/MasterAnaDev_data_AnaTuple_run00022101_Playlist.root	1.9861308264827728e+17	2.0384734765587942e+17	1	454		
RHC	data	6A	data22110	root://fndcadoor.fnal.gov:1095/pnfs/fnal.gov/usr/minerva/persistent/OpenData/MediumEnergy_RHC/Data/Playlist6A/MasterAnaDev_data_AnaTuple_run00022110_Playlist.root	1.1908672584409715e+18	1.2285379974101263e+18	1	18218		
RHC	data	6A	data22111	root://fndcadoor.fnal.gov:1095/pnfs/fnal.gov/usr/minerva/persistent/OpenData/MediumEnergy_RHC/Data/Playlist6A/MasterAnaDev_data_AnaTuple_run00022111_Playlist.root	1.0262816693134308e+18	1.0264849063335085e+18	1	15758		
RHC	data	6A	data22113	root://fndcadoor.fnal.gov:1095/pnfs/fnal.gov/usr/minerva/persistent/OpenData/MediumEnergy_RHC/Data/Playlist6A/MasterAnaDev_data_AnaTuple_run00022113_Playlist.root	3.614226530981063e+17	3.6882507420846394e+17	1	5651		
RHC	data	6A	data22114	root://fndcadoor.fnal.gov:1095/pnfs/fnal.gov/usr/minerva/persistent/OpenData/MediumEnergy_RHC/Data/Playlist6A/MasterAnaDev_data_AnaTuple_run00022114_Playlist.root	1.3546219836020467e+18	1.3550662268982717e+18	1	20798		
RHC	data	6A	data22115	root://fndcadoor.fnal.gov:1095/pnfs/fnal.gov/usr/minerva/persistent/OpenData/MediumEnergy_RHC/Data/Playlist6A/MasterAnaDev_data_AnaTuple_run00022115_Playlist.root	1.3195040969572063e+18	1.3273973830138145e+18	1	20425		
RHC	data	6A	data22116	root://fndcadoor.fnal.gov:1095/pnfs/fnal.gov/usr/minerva/persistent/OpenData/MediumEnergy_RHC/Data/Playlist6A/MasterAnaDev_data_AnaTuple_run00022116_Playlist.root	1.0876033793692588e+18	1.0880346883969517e+18	1	16734		
RHC	data	6A	data22117	root://fndcadoor.fnal.gov:1095/pnfs/fnal.gov/usr/minerva/persistent/OpenData/MediumEnergy_RHC/Data/Playlist6A/MasterAnaDev_data_AnaTuple_run00022117_Playlist.root	6.610318728392124e+17	6.684097197640616e+17	1	10261		
RHC	data	6A	data22121	root://fndcadoor.fnal.gov:1095/pnfs/fnal.gov/usr/minerva/persistent/OpenData/MediumEnergy_RHC/Data/Playlist6A/MasterAnaDev_data_AnaTuple_run00022121_Playlist.root	1.1963333520963195e+18	1.1967256112546755e+18	1	18483		
RHC	data	6A	data22122	root://fndcadoor.fnal.gov:1095/pnfs/fnal.gov/usr/minerva/persistent/OpenData/MediumEnergy_RHC/Data/Playlist6A/MasterAnaDev_data_AnaTuple_run00022122_Playlist.root	1.3643892197799685e+18	1.3722553854883453e+18	1	21169		
RHC	data	6A	data22123	root://fndcadoor.fnal.gov:1095/pnfs/fnal.gov/usr/minerva/persistent/OpenData/MediumEnergy_RHC/Data/Playlist6A/MasterAnaDev_data_AnaTuple_run00022123_Playlist.root	1.3532221431322097e+18	1.3985964878060385e+18	1	20890		
RHC	data	6A	data22124	root://fndcadoor.fnal.gov:1095/pnfs/fnal.gov/usr/minerva/persistent/OpenData/MediumEnergy_RHC/Data/Playlist6A/MasterAnaDev_data_AnaTuple_run00022124_Playlist.root	1.2848940741719606e+18	1.3167148101211072e+18	1	19620		
RHC	data	6A	data22125	root://fndcadoor.fnal.gov:1095/pnfs/fnal.gov/usr/minerva/persistent/OpenData/MediumEnergy_RHC/Data/Playlist6A/MasterAnaDev_data_AnaTuple_run00022125_Playlist.root	6.853249851012228e+17	6.934147582995927e+17	1	10465		
RHC	data	6A	data22126	root://fndcadoor.fnal.gov:1095/pnfs/fnal.gov/usr/minerva/persistent/OpenData/MediumEnergy_RHC/Data/Playlist6A/MasterAnaDev_data_AnaTuple_run00022126_Playlist.root	1.3878262584204677e+18	1.388182498954382e+18	1	21183		
RHC	data	6A	data22127	root://fndcadoor.fnal.gov:1095/pnfs/fnal.gov/usr/minerva/persistent/OpenData/MediumEnergy_RHC/Data/Playlist6A/MasterAnaDev_data_AnaTuple_run00022127_Playlist.root	2.538707975273132e+17	2.538722610899378e+17	1	3884		
RHC	data	6A	data22128	root://fndcadoor.fnal.gov:1095/pnfs/fnal.gov/usr/minerva/persistent/OpenData/MediumEnergy_RHC/Data/Playlist6A/MasterAnaDev_data_AnaTuple_run00022128_Playlist.root	4.699134854125976e+16	4.6991301842996616e+16	1	731		
RHC	data	6A	data22130	root://fndcadoor.fnal.gov:1095/pnfs/fnal.gov/usr/minerva/persistent/OpenData/MediumEnergy_RHC/Data/Playlist6A/MasterAnaDev_data_AnaTuple_run00022130_Playlist.root	1.3463116374078986e+18	1.354596025130876e+18	1	20962		
RHC	data	6A	data22131	root://fndcadoor.fnal.gov:1095/pnfs/fnal.gov/usr/minerva/persistent/OpenData/MediumEnergy_RHC/Data/Playlist6A/MasterAnaDev_data_AnaTuple_run00022131_Playlist.root	3.735378208503723e+17	3.735378742709288e+17	1	5882		
RHC	data	6A	data22132	root://fndcadoor.fnal.gov:1095/pnfs/fnal.gov/usr/minerva/persistent/OpenData/MediumEnergy_RHC/Data/Playlist6A/MasterAnaDev_data_AnaTuple_run00022132_Playlist.root	1.436359425643921e+18	1.4367821565945114e+18	1	22119		
RHC	data	6A	data22133	root://fndcadoor.fnal.gov:1095/pnfs/fnal.gov/usr/minerva/persistent/OpenData/MediumEnergy_RHC/Data/Playlist6A/MasterAnaDev_data_AnaTuple_run00022133_Playlist.root	1.3397308495941164e+18	1.3477738250585354e+18	1	20463		
RHC	data	6A	data22134	root://fndcadoor.fnal.gov:1095/pnfs/fnal.gov/usr/minerva/persistent/OpenData/MediumEnergy_RHC/Data/Playlist6A/MasterAnaDev_data_AnaTuple_run00022134_Playlist.root	1.0600759862127308e+18	1.0602895027077228e+18	1	16150		
RHC	data	6A	data22135	root://fndcadoor.fnal.gov:1095/pnfs/fnal.gov/usr/minerva/persistent/OpenData/MediumEnergy_RHC/Data/Playlist6A/MasterAnaDev_data_AnaTuple_run00022135_Playlist.root	1.3672914473133087e+18	1.3679761644743987e+18	1	20940		
RHC	data	6A	data22136	root://fndcadoor.fnal.gov:1095/pnfs/fnal.gov/usr/minerva/persistent/OpenData/MediumEnergy_RHC/Data/Playlist6A/MasterAnaDev_data_AnaTuple_run00022136_Playlist.root	1.4406999596500393e+18	1.449118751898683e+18	1	22039		
RHC	data	6A	data22137	root://fndcadoor.fnal.gov:1095/pnfs/fnal.gov/usr/minerva/persistent/OpenData/MediumEnergy_RHC/Data/Playlist6A/MasterAnaDev_data_AnaTuple_run00022137_Playlist.root	1.3079051978454595e+18	1.3084304681128271e+18	1	20389		
RHC	data	6A	data22138	root://fndcadoor.fnal.gov:1095/pnfs/fnal.gov/usr/minerva/persistent/OpenData/MediumEnergy_RHC/Data/Playlist6A/MasterAnaDev_data_AnaTuple_run00022138_Playlist.root	1.3477787890338895e+18	1.3478868327483438e+18	1	20712		
RHC	data	6A	data22139	root://fndcadoor.fnal.gov:1095/pnfs/fnal.gov/usr/minerva/persistent/OpenData/MediumEnergy_RHC/Data/Playlist6A/MasterAnaDev_data_AnaTuple_run00022139_Playlist.root	9.709311582140924e+17	9.71353508858041e+17	1	14902		
RHC	data	6A	data22140	root://fndcadoor.fnal.gov:1095/pnfs/fnal.gov/usr/minerva/persistent/OpenData/MediumEnergy_RHC/Data/Playlist6A/MasterAnaDev_data_AnaTuple_run00022140_Playlist.root	1.3709300565710065e+18	1.3787274836827013e+18	1	21296		
RHC	data	6A	data22141	root://fndcadoor.fnal.gov:1095/pnfs/fnal.gov/usr/minerva/persistent/OpenData/MediumEnergy_RHC/Data/Playlist6A/MasterAnaDev_data_AnaTuple_run00022141_Playlist.root	1.3417420178122522e+18	1.3421091471205524e+18	1	20673		
RHC	data	6A	data22142	root://fndcadoor.fnal.gov:1095/pnfs/fnal.gov/usr/minerva/persistent/OpenData/MediumEnergy_RHC/Data/Playlist6A/MasterAnaDev_data_AnaTuple_run00022142_Playlist.root	4.845242651138306e+17	1.4530067003570588e+18	1	7338		
RHC	data	6A	data22143	root://fndcadoor.fnal.gov:1095/pnfs/fnal.gov/usr/minerva/persistent/OpenData/MediumEnergy_RHC/Data/Playlist6A/MasterAnaDev_data_AnaTuple_run00022143_Playlist.root	0.0	1.4920719337463378e+18	1	0		
RHC	data	6A	data22144	root://fndcadoor.fnal.gov:1095/pnfs/fnal.gov/usr/minerva/persistent/OpenData/MediumEnergy_RHC/Data/Playlist6A/MasterAnaDev_data_AnaTuple_run00022144_Playlist.root	0.0	2.2374873243270694e+17	1	0		
RHC	data	6A	data22150	root://fndcadoor.fnal.gov:1095/pnfs/fnal.gov/usr/minerva/persistent/OpenData/MediumEnergy_RHC/Data/Playlist6A/MasterAnaDev_data_AnaTuple_run00022150_Playlist.root	1.128025471915245e+18	1.3345318570911977e+18	1	17410		
RHC	data	6A	data22151	root://fndcadoor.fnal.gov:1095/pnfs/fnal.gov/usr/minerva/persistent/OpenData/MediumEnergy_RHC/Data/Playlist6A/MasterAnaDev_data_AnaTuple_run00022151_Playlist.root	1.0773726588668822e+18	1.077476960994242e+18	1	16473		
RHC	data	6A	data22152	root://fndcadoor.fnal.gov:1095/pnfs/fnal.gov/usr/minerva/persistent/OpenData/MediumEnergy_RHC/Data/Playlist6A/MasterAnaDev_data_AnaTuple_run00022152_Playlist.root	1572553100585937.5	1572553100585937.5	1	29		
RHC	data	6A	data22153	root://fndcadoor.fnal.gov:1095/pnfs/fnal.gov/usr/minerva/persistent/OpenData/MediumEnergy_RHC/Data/Playlist6A/MasterAnaDev_data_AnaTuple_run00022153_Playlist.root	1.3280430912914278e+18	1.3363398984485578e+18	1	20325		
RHC	data	6A	data22154	root://fndcadoor.fnal.gov:1095/pnfs/fnal.gov/usr/minerva/persistent/OpenData/MediumEnergy_RHC/Data/Playlist6A/MasterAnaDev_data_AnaTuple_run00022154_Playlist.root	1.2283716889019013e+18	1.2285377071540552e+18	1	18873		
RHC	data	6A	data22155	root://fndcadoor.fnal.gov:1095/pnfs/fnal.gov/usr/minerva/persistent/OpenData/MediumEnergy_RHC/Data/Playlist6A/MasterAnaDev_data_AnaTuple_run00022155_Playlist.root	1.4339516994576456e+18	1.4409646474231237e+18	1	21866		
RHC	data	6A	data22156	root://fndcadoor.fnal.gov:1095/pnfs/fnal.gov/usr/minerva/persistent/OpenData/MediumEnergy_RHC/Data/Playlist6A/MasterAnaDev_data_AnaTuple_run00022156_Playlist.root	1.4210677599048617e+18	1.421703979141875e+18	1	21681		
RHC	data	6A	data22157	root://fndcadoor.fnal.gov:1095/pnfs/fnal.gov/usr/minerva/persistent/OpenData/MediumEnergy_RHC/Data/Playlist6A/MasterAnaDev_data_AnaTuple_run00022157_Playlist.root	1.18607565562439e+18	1.1933283953876982e+18	1	18405		
RHC	data	6A	data22158	root://fndcadoor.fnal.gov:1095/pnfs/fnal.gov/usr/minerva/persistent/OpenData/MediumEnergy_RHC/Data/Playlist6A/MasterAnaDev_data_AnaTuple_run00022158_Playlist.root	1.3277115577430728e+18	1.3279123787059282e+18	1	20659		
RHC	data	6A	data22159	root://fndcadoor.fnal.gov:1095/pnfs/fnal.gov/usr/minerva/persistent/OpenData/MediumEnergy_RHC/Data/Playlist6A/MasterAnaDev_data_AnaTuple_run00022159_Playlist.root	1.387569620838165e+18	1.3956646039656579e+18	1	21338		
RHC	data	6A	data22160	root://fndcadoor.fnal.gov:1095/pnfs/fnal.gov/usr/minerva/persistent/OpenData/MediumEnergy_RHC/Data/Playlist6A/MasterAnaDev_data_AnaTuple_run00022160_Playlist.root	9.886891477527617e+17	1.2885598916949627e+18	1	15097		
RHC	data	6A	data22161	root://fndcadoor.fnal.gov:1095/pnfs/fnal.gov/usr/minerva/persistent/OpenData/MediumEnergy_RHC/Data/Playlist6A/MasterAnaDev_data_AnaTuple_run00022161_Playlist.root	1.0604081357498171e+18	1.4068753110556562e+18	1	16331		
RHC	data	6A	data22162	root://fndcadoor.fnal.gov:1095/pnfs/fnal.gov/usr/minerva/persistent/OpenData/MediumEnergy_RHC/Data/Playlist6A/MasterAnaDev_data_AnaTuple_run00022162_Playlist.root	1.2552402641100884e+18	1.263712941910319e+18	1	19374		
RHC	data	6A	data22163	root://fndcadoor.fnal.gov:1095/pnfs/fnal.gov/usr/minerva/persistent/OpenData/MediumEnergy_RHC/Data/Playlist6A/MasterAnaDev_data_AnaTuple_run00022163_Playlist.root	1.3697180832395556e+18	1.3778278995216445e+18	1	21134		
RHC	data	6A	data22164	root://fndcadoor.fnal.gov:1095/pnfs/fnal.gov/usr/minerva/persistent/OpenData/MediumEnergy_RHC/Data/Playlist6A/MasterAnaDev_data_AnaTuple_run00022164_Playlist.root	1.1857627281808852e+18	1.1863511833729096e+18	1	18432		
RHC	data	6A	data22165	root://fndcadoor.fnal.gov:1095/pnfs/fnal.gov/usr/minerva/persistent/OpenData/MediumEnergy_RHC/Data/Playlist6A/MasterAnaDev_data_AnaTuple_run00022165_Playlist.root	1.3007086678557396e+18	1.3081863912440374e+18	1	20065		
RHC	data	6A	data22166	root://fndcadoor.fnal.gov:1095/pnfs/fnal.gov/usr/minerva/persistent/OpenData/MediumEnergy_RHC/Data/Playlist6A/MasterAnaDev_data_AnaTuple_run00022166_Playlist.root	5.875914708328246e+17	1.3255833770182147e+18	1	9068		
RHC	data	6A	data22167	root://fndcadoor.fnal.gov:1095/pnfs/fnal.gov/usr/minerva/persistent/OpenData/MediumEnergy_RHC/Data/Playlist6A/MasterAnaDev_data_AnaTuple_run00022167_Playlist.root	1.1070074595909117e+18	1.107310341025331e+18	1	17087		
RHC	data	6A	data22168	root://fndcadoor.fnal.gov:1095/pnfs/fnal.gov/usr/minerva/persistent/OpenData/MediumEnergy_RHC/Data/Playlist6A/MasterAnaDev_data_AnaTuple_run00022168_Playlist.root	1.2894100574331284e+18	1.297169761795385e+18	1	19753		
RHC	data	6A	data22169	root://fndcadoor.fnal.gov:1095/pnfs/fnal.gov/usr/minerva/persistent/OpenData/MediumEnergy_RHC/Data/Playlist6A/MasterAnaDev_data_AnaTuple_run00022169_Playlist.root	1.342955014526367e+18	1.3431538987297034e+18	1	20603		
RHC	data	6A	data22170	root://fndcadoor.fnal.gov:1095/pnfs/fnal.gov/usr/minerva/persistent/OpenData/MediumEnergy_RHC/Data/Playlist6A/MasterAnaDev_data_AnaTuple_run00022170_Playlist.root	1.1948241168866158e+18	1.2025566739017326e+18	1	18665		
RHC	data	6A	data22171	root://fndcadoor.fnal.gov:1095/pnfs/fnal.gov/usr/minerva/persistent/OpenData/MediumEnergy_RHC/Data/Playlist6A/MasterAnaDev_data_AnaTuple_run00022171_Playlist.root	1.2696050411000253e+18	1.2699565744860168e+18	1	19461		
RHC	data	6A	data22172	root://fndcadoor.fnal.gov:1095/pnfs/fnal.gov/usr/minerva/persistent/OpenData/MediumEnergy_RHC/Data/Playlist6A/MasterAnaDev_data_AnaTuple_run00022172_Playlist.root	7.079709511680604e+17	7.080836328736801e+17	1	10674		
RHC	data	6A	data22192	root://fndcadoor.fnal.gov:1095/pnfs/fnal.gov/usr/minerva/persistent/OpenData/MediumEnergy_RHC/Data/Playlist6A/MasterAnaDev_data_AnaTuple_run00022192_Playlist.root	1.3368581422080998e+18	1.3371540409459387e+18	1	20622		
RHC	data	6A	data22193	root://fndcadoor.fnal.gov:1095/pnfs/fnal.gov/usr/minerva/persistent/OpenData/MediumEnergy_RHC/Data/Playlist6A/MasterAnaDev_data_AnaTuple_run00022193_Playlist.root	1.2692410223011968e+18	1.2696872383894925e+18	1	19612		
RHC	data	6A	data22194	root://fndcadoor.fnal.gov:1095/pnfs/fnal.gov/usr/minerva/persistent/OpenData/MediumEnergy_RHC/Data/Playlist6A/MasterAnaDev_data_AnaTuple_run00022194_Playlist.root	1.342195350739479e+18	1.3501302375205268e+18	1	20598		
RHC	data	6A	data22195	root://fndcadoor.fnal.gov:1095/pnfs/fnal.gov/usr/minerva/persistent/OpenData/MediumEnergy_RHC/Data/Playlist6A/MasterAnaDev_data_AnaTuple_run00022195_Playlist.root	1.3614285555720328e+18	1.361873189197246e+18	1	20994		
RHC	data	6A	data22196	root://fndcadoor.fnal.gov:1095/pnfs/fnal.gov/usr/minerva/persistent/OpenData/MediumEnergy_RHC/Data/Playlist6A/MasterAnaDev_data_AnaTuple_run00022196_Playlist.root	1.2710992981011866e+18	1.276738824132109e+18	1	19747		
RHC	data	6A	data22197	root://fndcadoor.fnal.gov:1095/pnfs/fnal.gov/usr/minerva/persistent/OpenData/MediumEnergy_RHC/Data/Playlist6A/MasterAnaDev_data_AnaTuple_run00022197_Playlist.root	1.198104201892853e+18	1.3445388639472105e+18	1	18618		
RHC	data	6A	data22198	root://fndcadoor.fnal.gov:1095/pnfs/fnal.gov/usr/minerva/persistent/OpenData/MediumEnergy_RHC/Data/Playlist6A/MasterAnaDev_data_AnaTuple_run00022198_Playlist.root	1.0024650753278732e+18	1.166217064425554e+18	1	15366		
RHC	data	6A	data22199	root://fndcadoor.fnal.gov:1095/pnfs/fnal.gov/usr/minerva/persistent/OpenData/MediumEnergy_RHC/Data/Playlist6A/MasterAnaDev_data_AnaTuple_run00022199_Playlist.root	4.068685301322936e+17	4.069184832663148e+17	1	6236		
RHC	data	6A	data22211	root://fndcadoor.fnal.gov:1095/pnfs/fnal.gov/usr/minerva/persistent/OpenData/MediumEnergy_RHC/Data/Playlist6A/MasterAnaDev_data_AnaTuple_run00022211_Playlist.root	1.268783942298412e+18	1.338465810271334e+18	1	19388		
RHC	data	6A	data22212	root://fndcadoor.fnal.gov:1095/pnfs/fnal.gov/usr/minerva/persistent/OpenData/MediumEnergy_RHC/Data/Playlist6A/MasterAnaDev_data_AnaTuple_run00022212_Playlist.root	1.3021394875984187e+18	1.3128892411707766e+18	1	20045		
RHC	data	6A	data22213	root://fndcadoor.fnal.gov:1095/pnfs/fnal.gov/usr/minerva/persistent/OpenData/MediumEnergy_RHC/Data/Playlist6A/MasterAnaDev_data_AnaTuple_run00022213_Playlist.root	1.2209418251433367e+18	1.2211419562507712e+18	1	18700		
RHC	data	6A	data22214	root://fndcadoor.fnal.gov:1095/pnfs/fnal.gov/usr/minerva/persistent/OpenData/MediumEnergy_RHC/Data/Playlist6A/MasterAnaDev_data_AnaTuple_run00022214_Playlist.root	1.3873178787302976e+18	1.3954370317774505e+18	1	21436		
RHC	data	6A	data22215	root://fndcadoor.fnal.gov:1095/pnfs/fnal.gov/usr/minerva/persistent/OpenData/MediumEnergy_RHC/Data/Playlist6A/MasterAnaDev_data_AnaTuple_run00022215_Playlist.root	1.3572004164147374e+18	1.357651646189898e+18	1	20705		
RHC	data	6A	data22216	root://fndcadoor.fnal.gov:1095/pnfs/fnal.gov/usr/minerva/persistent/OpenData/MediumEnergy_RHC/Data/Playlist6A/MasterAnaDev_data_AnaTuple_run00022216_Playlist.root	1.290773453270912e+18	1.2943310439677553e+18	1	19711		
RHC	data	6A	data22217	root://fndcadoor.fnal.gov:1095/pnfs/fnal.gov/usr/minerva/persistent/OpenData/MediumEnergy_RHC/Data/Playlist6A/MasterAnaDev_data_AnaTuple_run00022217_Playlist.root	1.2111717104897503e+18	1.2114215814054753e+18	1	18768		
RHC	data	6A	data22218	root://fndcadoor.fnal.gov:1095/pnfs/fnal.gov/usr/minerva/persistent/OpenData/MediumEnergy_RHC/Data/Playlist6A/MasterAnaDev_data_AnaTuple_run00022218_Playlist.root	8.81320793159485e+17	8.817329266404456e+17	1	13660		
RHC	data	6A	data22219	root://fndcadoor.fnal.gov:1095/pnfs/fnal.gov/usr/minerva/persistent/OpenData/MediumEnergy_RHC/Data/Playlist6A/MasterAnaDev_data_AnaTuple_run00022219_Playlist.root	1.1597581204423905e+18	1.1601446553643686e+18	1	17827		
RHC	data	6A	data22220	root://fndcadoor.fnal.gov:1095/pnfs/fnal.gov/usr/minerva/persistent/OpenData/MediumEnergy_RHC/Data/Playlist6A/MasterAnaDev_data_AnaTuple_run00022220_Playlist.root	1.2990125510301588e+18	1.3063963723815283e+18	1	19902		
RHC	data	6A	data22221	root://fndcadoor.fnal.gov:1095/pnfs/fnal.gov/usr/minerva/persistent/OpenData/MediumEnergy_RHC/Data/Playlist6A/MasterAnaDev_data_AnaTuple_run00022221_Playlist.root	1.300384662080765e+18	1.3008323949061056e+18	1	20092		
RHC	data	6A	data22232	root://fndcadoor.fnal.gov:1095/pnfs/fnal.gov/usr/minerva/persistent/OpenData/MediumEnergy_RHC/Data/Playlist6A/MasterAnaDev_data_AnaTuple_run00022232_Playlist.root	8.511948349227903e+17	1.3467863359518385e+18	1	13009		
RHC	data	6A	data22233	root://fndcadoor.fnal.gov:1095/pnfs/fnal.gov/usr/minerva/persistent/OpenData/MediumEnergy_RHC/Data/Playlist6A/MasterAnaDev_data_AnaTuple_run00022233_Playlist.root	0.0	1.2227713222389356e+18	1	0		
RHC	data	6A	data22234	root://fndcadoor.fnal.gov:1095/pnfs/fnal.gov/usr/minerva/persistent/OpenData/MediumEnergy_RHC/Data/Playlist6A/MasterAnaDev_data_AnaTuple_run00022234_Playlist.root	7.591767089385987e+17	1.1847891121140498e+18	1	11625		
RHC	data	6A	data22235	root://fndcadoor.fnal.gov:1095/pnfs/fnal.gov/usr/minerva/persistent/OpenData/MediumEnergy_RHC/Data/Playlist6A/MasterAnaDev_data_AnaTuple_run00022235_Playlist.root	1.340810160644054e+18	1.341214581366934e+18	1	20485		
RHC	data	6A	data22236	root://fndcadoor.fnal.gov:1095/pnfs/fnal.gov/usr/minerva/persistent/OpenData/MediumEnergy_RHC/Data/Playlist6A/MasterAnaDev_data_AnaTuple_run00022236_Playlist.root	1.375805420345306e+18	1.383516055242988e+18	1	21166		
RHC	data	6A	data22237	root://fndcadoor.fnal.gov:1095/pnfs/fnal.gov/usr/minerva/persistent/OpenData/MediumEnergy_RHC/Data/Playlist6A/MasterAnaDev_data_AnaTuple_run00022237_Playlist.root	1.4047157560873032e+18	1.4051680259146734e+18	1	21842		
RHC	data	6A	data22238	root://fndcadoor.fnal.gov:1095/pnfs/fnal.gov/usr/minerva/persistent/OpenData/MediumEnergy_RHC/Data/Playlist6A/MasterAnaDev_data_AnaTuple_run00022238_Playlist.root	1.2296174001555443e+18	1.2371846832315584e+18	1	18950		
RHC	data	6A	data22239	root://fndcadoor.fnal.gov:1095/pnfs/fnal.gov/usr/minerva/persistent/OpenData/MediumEnergy_RHC/Data/Playlist6A/MasterAnaDev_data_AnaTuple_run00022239_Playlist.root	1.2880179572367665e+18	1.2881719858109676e+18	1	20031		
RHC	data	6A	data22240	root://fndcadoor.fnal.gov:1095/pnfs/fnal.gov/usr/minerva/persistent/OpenData/MediumEnergy_RHC/Data/Playlist6A/MasterAnaDev_data_AnaTuple_run00022240_Playlist.root	1.2654730893697736e+18	1.3298951303122977e+18	1	19689		
RHC	data	6A	data22241	root://fndcadoor.fnal.gov:1095/pnfs/fnal.gov/usr/minerva/persistent/OpenData/MediumEnergy_RHC/Data/Playlist6A/MasterAnaDev_data_AnaTuple_run00022241_Playlist.root	1.0361069758207798e+18	1.0363599661122723e+18	1	16073		
RHC	data	6A	data22242	root://fndcadoor.fnal.gov:1095/pnfs/fnal.gov/usr/minerva/persistent/OpenData/MediumEnergy_RHC/Data/Playlist6A/MasterAnaDev_data_AnaTuple_run00022242_Playlist.root	1.1759645931978225e+18	1.1835142232937756e+18	1	18142		
RHC	data	6A	data22243	root://fndcadoor.fnal.gov:1095/pnfs/fnal.gov/usr/minerva/persistent/OpenData/MediumEnergy_RHC/Data/Playlist6A/MasterAnaDev_data_AnaTuple_run00022243_Playlist.root	1.0948000577766897e+18	1.124549855578433e+18	1	16779		
RHC	data	6A	data22244	root://fndcadoor.fnal.gov:1095/pnfs/fnal.gov/usr/minerva/persistent/OpenData/MediumEnergy_RHC/Data/Playlist6A/MasterAnaDev_data_AnaTuple_run00022244_Playlist.root	9.586238840436932e+17	1.2857246087934118e+18	1	14520		
RHC	data	6A	data22245	root://fndcadoor.fnal.gov:1095/pnfs/fnal.gov/usr/minerva/persistent/OpenData/MediumEnergy_RHC/Data/Playlist6A/MasterAnaDev_data_AnaTuple_run00022245_Playlist.root	9.89277061193943e+17	1.3388365019051016e+18	1	15270		
RHC	data	6A	data22246	root://fndcadoor.fnal.gov:1095/pnfs/fnal.gov/usr/minerva/persistent/OpenData/MediumEnergy_RHC/Data/Playlist6A/MasterAnaDev_data_AnaTuple_run00022246_Playlist.root	2.6628311805343632e+17	1.3892099896766392e+18	1	4163		
RHC	data	6A	data22247	root://fndcadoor.fnal.gov:1095/pnfs/fnal.gov/usr/minerva/persistent/OpenData/MediumEnergy_RHC/Data/Playlist6A/MasterAnaDev_data_AnaTuple_run00022247_Playlist.root	2.802619848632812e+16	5.547128870573988e+17	1	408		
RHC	data	6A	data22250	root://fndcadoor.fnal.gov:1095/pnfs/fnal.gov/usr/minerva/persistent/OpenData/MediumEnergy_RHC/Data/Playlist6A/MasterAnaDev_data_AnaTuple_run00022250_Playlist.root	1.1868390504884718e+18	1.1871472941949307e+18	1	18260		
RHC	data	6A	data22251	root://fndcadoor.fnal.gov:1095/pnfs/fnal.gov/usr/minerva/persistent/OpenData/MediumEnergy_RHC/Data/Playlist6A/MasterAnaDev_data_AnaTuple_run00022251_Playlist.root	7928907501220703.0	2.796512483360048e+16	1	107		
RHC	data	6A	data22252	root://fndcadoor.fnal.gov:1095/pnfs/fnal.gov/usr/minerva/persistent/OpenData/MediumEnergy_RHC/Data/Playlist6A/MasterAnaDev_data_AnaTuple_run00022252_Playlist.root	0.0	1.1009337521704005e+18	1	0		
RHC	data	6A	data22253	root://fndcadoor.fnal.gov:1095/pnfs/fnal.gov/usr/minerva/persistent/OpenData/MediumEnergy_RHC/Data/Playlist6A/MasterAnaDev_data_AnaTuple_run00022253_Playlist.root	0.0	1.344158727904557e+18	1	0		
RHC	data	6A	data22254	root://fndcadoor.fnal.gov:1095/pnfs/fnal.gov/usr/minerva/persistent/OpenData/MediumEnergy_RHC/Data/Playlist6A/MasterAnaDev_data_AnaTuple_run00022254_Playlist.root	0.0	1.3320122835655724e+18	1	0		
RHC	data	6A	data22255	root://fndcadoor.fnal.gov:1095/pnfs/fnal.gov/usr/minerva/persistent/OpenData/MediumEnergy_RHC/Data/Playlist6A/MasterAnaDev_data_AnaTuple_run00022255_Playlist.root	0.0	1.3846905629336558e+18	1	0		
RHC	data	6A	data22256	root://fndcadoor.fnal.gov:1095/pnfs/fnal.gov/usr/minerva/persistent/OpenData/MediumEnergy_RHC/Data/Playlist6A/MasterAnaDev_data_AnaTuple_run00022256_Playlist.root	0.0	2.88736507478249e+17	1	0		
RHC	data	6A	data22260	root://fndcadoor.fnal.gov:1095/pnfs/fnal.gov/usr/minerva/persistent/OpenData/MediumEnergy_RHC/Data/Playlist6A/MasterAnaDev_data_AnaTuple_run00022260_Playlist.root	7.504304921712876e+17	7.562019471573618e+17	1	11702		
RHC	data	6A	data22261	root://fndcadoor.fnal.gov:1095/pnfs/fnal.gov/usr/minerva/persistent/OpenData/MediumEnergy_RHC/Data/Playlist6A/MasterAnaDev_data_AnaTuple_run00022261_Playlist.root	1.353757436588764e+18	1.3543964721527396e+18	1	20684		
RHC	data	6A	data22262	root://fndcadoor.fnal.gov:1095/pnfs/fnal.gov/usr/minerva/persistent/OpenData/MediumEnergy_RHC/Data/Playlist6A/MasterAnaDev_data_AnaTuple_run00022262_Playlist.root	1.199062722187519e+18	1.2060682820901e+18	1	18590		
RHC	data	6A	data22263	root://fndcadoor.fnal.gov:1095/pnfs/fnal.gov/usr/minerva/persistent/OpenData/MediumEnergy_RHC/Data/Playlist6A/MasterAnaDev_data_AnaTuple_run00022263_Playlist.root	1.2426080577738284e+18	1.250824725103387e+18	1	18819		
RHC	data	6A	data22264	root://fndcadoor.fnal.gov:1095/pnfs/fnal.gov/usr/minerva/persistent/OpenData/MediumEnergy_RHC/Data/Playlist6A/MasterAnaDev_data_AnaTuple_run00022264_Playlist.root	1.25703976940155e+18	1.2573888705761582e+18	1	19433		
RHC	data	6A	data22265	root://fndcadoor.fnal.gov:1095/pnfs/fnal.gov/usr/minerva/persistent/OpenData/MediumEnergy_RHC/Data/Playlist6A/MasterAnaDev_data_AnaTuple_run00022265_Playlist.root	1.3339073740215304e+18	1.3420697306052022e+18	1	20621		
RHC	data	6A	data22266	root://fndcadoor.fnal.gov:1095/pnfs/fnal.gov/usr/minerva/persistent/OpenData/MediumEnergy_RHC/Data/Playlist6A/MasterAnaDev_data_AnaTuple_run00022266_Playlist.root	9.465833253412244e+17	9.468956645425591e+17	1	14600		
RHC	data	6A	data22267	root://fndcadoor.fnal.gov:1095/pnfs/fnal.gov/usr/minerva/persistent/OpenData/MediumEnergy_RHC/Data/Playlist6A/MasterAnaDev_data_AnaTuple_run00022267_Playlist.root	1.174700250681162e+18	1.2063169708437038e+18	1	18243		
RHC	data	6A	data22268	root://fndcadoor.fnal.gov:1095/pnfs/fnal.gov/usr/minerva/persistent/OpenData/MediumEnergy_RHC/Data/Playlist6A/MasterAnaDev_data_AnaTuple_run00022268_Playlist.root	1.0468642509965897e+18	1.0469646731642725e+18	1	16406		
RHC	data	6A	data22269	root://fndcadoor.fnal.gov:1095/pnfs/fnal.gov/usr/minerva/persistent/OpenData/MediumEnergy_RHC/Data/Playlist6A/MasterAnaDev_data_AnaTuple_run00022269_Playlist.root	1.158715548338652e+18	1.1590685290630136e+18	1	17676		
RHC	data	6A	data22270	root://fndcadoor.fnal.gov:1095/pnfs/fnal.gov/usr/minerva/persistent/OpenData/MediumEnergy_RHC/Data/Playlist6A/MasterAnaDev_data_AnaTuple_run00022270_Playlist.root	9.932188229501247e+17	1.0284684965001979e+18	1	15480		
RHC	data	6A	data22271	root://fndcadoor.fnal.gov:1095/pnfs/fnal.gov/usr/minerva/persistent/OpenData/MediumEnergy_RHC/Data/Playlist6A/MasterAnaDev_data_AnaTuple_run00022271_Playlist.root	1.2800907284469606e+18	1.3000420981561231e+18	1	19532		
RHC	data	6A	data22272	root://fndcadoor.fnal.gov:1095/pnfs/fnal.gov/usr/minerva/persistent/OpenData/MediumEnergy_RHC/Data/Playlist6A/MasterAnaDev_data_AnaTuple_run00022272_Playlist.root	1.0522952588549852e+18	1.0526352901205828e+18	1	16233		
RHC	data	6A	data22273	root://fndcadoor.fnal.gov:1095/pnfs/fnal.gov/usr/minerva/persistent/OpenData/MediumEnergy_RHC/Data/Playlist6A/MasterAnaDev_data_AnaTuple_run00022273_Playlist.root	3.328056640608311e+17	3.771832656580093e+17	1	5259		
RHC	data	6A	data22324	root://fndcadoor.fnal.gov:1095/pnfs/fnal.gov/usr/minerva/persistent/OpenData/MediumEnergy_RHC/Data/Playlist6A/MasterAnaDev_data_AnaTuple_run00022324_Playlist.root	7.614730582067967e+17	7.616709790163104e+17	1	11834		
RHC	data	6A	data22325	root://fndcadoor.fnal.gov:1095/pnfs/fnal.gov/usr/minerva/persistent/OpenData/MediumEnergy_RHC/Data/Playlist6A/MasterAnaDev_data_AnaTuple_run00022325_Playlist.root	1.2518024562549588e+18	1.2597064011098813e+18	1	19300		
RHC	data	6A	data22326	root://fndcadoor.fnal.gov:1095/pnfs/fnal.gov/usr/minerva/persistent/OpenData/MediumEnergy_RHC/Data/Playlist6A/MasterAnaDev_data_AnaTuple_run00022326_Playlist.root	1.1179327878606319e+18	1.1296834318071325e+18	1	17211		
RHC	data	6A	data22327	root://fndcadoor.fnal.gov:1095/pnfs/fnal.gov/usr/minerva/persistent/OpenData/MediumEnergy_RHC/Data/Playlist6A/MasterAnaDev_data_AnaTuple_run00022327_Playlist.root	1.379566720251083e+18	1.379862927515674e+18	1	21170		
RHC	data	6A	data22328	root://fndcadoor.fnal.gov:1095/pnfs/fnal.gov/usr/minerva/persistent/OpenData/MediumEnergy_RHC/Data/Playlist6A/MasterAnaDev_data_AnaTuple_run00022328_Playlist.root	8.160590810720923e+17	1.245386530103526e+18	1	12567		
RHC	data	6A	data22329	root://fndcadoor.fnal.gov:1095/pnfs/fnal.gov/usr/minerva/persistent/OpenData/MediumEnergy_RHC/Data/Playlist6A/MasterAnaDev_data_AnaTuple_run00022329_Playlist.root	7.138003240299226e+17	7.138483848419615e+17	1	11088		
RHC	data	6A	data22349	root://fndcadoor.fnal.gov:1095/pnfs/fnal.gov/usr/minerva/persistent/OpenData/MediumEnergy_RHC/Data/Playlist6A/MasterAnaDev_data_AnaTuple_run00022349_Playlist.root	6.962924430246353e+17	1.2383688464408973e+18	1	10631		
RHC	data	6A	data22350	root://fndcadoor.fnal.gov:1095/pnfs/fnal.gov/usr/minerva/persistent/OpenData/MediumEnergy_RHC/Data/Playlist6A/MasterAnaDev_data_AnaTuple_run00022350_Playlist.root	9.507049229984283e+17	1.2919553261270866e+18	1	14594		
RHC	data	6A	data22351	root://fndcadoor.fnal.gov:1095/pnfs/fnal.gov/usr/minerva/persistent/OpenData/MediumEnergy_RHC/Data/Playlist6A/MasterAnaDev_data_AnaTuple_run00022351_Playlist.root	0.0	7.534086573413238e+16	1	0		
RHC	data	6A	data22363	root://fndcadoor.fnal.gov:1095/pnfs/fnal.gov/usr/minerva/persistent/OpenData/MediumEnergy_RHC/Data/Playlist6A/MasterAnaDev_data_AnaTuple_run00022363_Playlist.root	8.246491011843683e+17	9.106803227345542e+17	1	12994		
RHC	data	6A	data22364	root://fndcadoor.fnal.gov:1095/pnfs/fnal.gov/usr/minerva/persistent/OpenData/MediumEnergy_RHC/Data/Playlist6A/MasterAnaDev_data_AnaTuple_run00022364_Playlist.root	9.057253114967346e+17	9.059258431224488e+17	1	13766		
RHC	data	6A	data22377	root://fndcadoor.fnal.gov:1095/pnfs/fnal.gov/usr/minerva/persistent/OpenData/MediumEnergy_RHC/Data/Playlist6A/MasterAnaDev_data_AnaTuple_run00022377_Playlist.root	1.2509687534191608e+18	1.2872324347802624e+18	1	19237		
RHC	data	6A	data22378	root://fndcadoor.fnal.gov:1095/pnfs/fnal.gov/usr/minerva/persistent/OpenData/MediumEnergy_RHC/Data/Playlist6A/MasterAnaDev_data_AnaTuple_run00022378_Playlist.root	1.3450745401039124e+18	1.3451079824991954e+18	1	20633		
RHC	data	6A	data22379	root://fndcadoor.fnal.gov:1095/pnfs/fnal.gov/usr/minerva/persistent/OpenData/MediumEnergy_RHC/Data/Playlist6A/MasterAnaDev_data_AnaTuple_run00022379_Playlist.root	1.221649114844084e+18	1.3532273934327437e+18	1	19000		
RHC	data	6A	data22380	root://fndcadoor.fnal.gov:1095/pnfs/fnal.gov/usr/minerva/persistent/OpenData/MediumEnergy_RHC/Data/Playlist6A/MasterAnaDev_data_AnaTuple_run00022380_Playlist.root	1.3234980904488563e+18	1.3317780385451845e+18	1	20219		
RHC	data	6A	data22381	root://fndcadoor.fnal.gov:1095/pnfs/fnal.gov/usr/minerva/persistent/OpenData/MediumEnergy_RHC/Data/Playlist6A/MasterAnaDev_data_AnaTuple_run00022381_Playlist.root	1.3365416940388677e+18	1.3367415997753928e+18	1	20614		
RHC	data	6A	data22382	root://fndcadoor.fnal.gov:1095/pnfs/fnal.gov/usr/minerva/persistent/OpenData/MediumEnergy_RHC/Data/Playlist6A/MasterAnaDev_data_AnaTuple_run00022382_Playlist.root	1.2657710961942674e+18	1.2661151885763392e+18	1	19454		
RHC	data	6A	data22383	root://fndcadoor.fnal.gov:1095/pnfs/fnal.gov/usr/minerva/persistent/OpenData/MediumEnergy_RHC/Data/Playlist6A/MasterAnaDev_data_AnaTuple_run00022383_Playlist.root	1.275131961500168e+18	1.2830164153896125e+18	1	19739		
RHC	data	6A	data22384	root://fndcadoor.fnal.gov:1095/pnfs/fnal.gov/usr/minerva/persistent/OpenData/MediumEnergy_RHC/Data/Playlist6A/MasterAnaDev_data_AnaTuple_run00022384_Playlist.root	1.248932278469562e+18	1.2490772544767496e+18	1	19367		
RHC	data	6A	data22385	root://fndcadoor.fnal.gov:1095/pnfs/fnal.gov/usr/minerva/persistent/OpenData/MediumEnergy_RHC/Data/Playlist6A/MasterAnaDev_data_AnaTuple_run00022385_Playlist.root	1.1939536961233618e+18	1.2018364798373793e+18	1	18312		
RHC	data	6A	data22386	root://fndcadoor.fnal.gov:1095/pnfs/fnal.gov/usr/minerva/persistent/OpenData/MediumEnergy_RHC/Data/Playlist6A/MasterAnaDev_data_AnaTuple_run00022386_Playlist.root	1.2933699166820047e+18	1.2938626858305613e+18	1	19938		
RHC	data	6A	data22387	root://fndcadoor.fnal.gov:1095/pnfs/fnal.gov/usr/minerva/persistent/OpenData/MediumEnergy_RHC/Data/Playlist6A/MasterAnaDev_data_AnaTuple_run00022387_Playlist.root	6.525576001720429e+17	6.570778774003807e+17	1	10304		
RHC	data	6A	data22388	root://fndcadoor.fnal.gov:1095/pnfs/fnal.gov/usr/minerva/persistent/OpenData/MediumEnergy_RHC/Data/Playlist6A/MasterAnaDev_data_AnaTuple_run00022388_Playlist.root	3.100036199102401e+17	3.100729646681676e+17	1	5066		
RHC	data	6A	data22390	root://fndcadoor.fnal.gov:1095/pnfs/fnal.gov/usr/minerva/persistent/OpenData/MediumEnergy_RHC/Data/Playlist6A/MasterAnaDev_data_AnaTuple_run00022390_Playlist.root	1.0584598769750595e+18	1.0588966561134723e+18	1	16133		
RHC	data	6A	data22391	root://fndcadoor.fnal.gov:1095/pnfs/fnal.gov/usr/minerva/persistent/OpenData/MediumEnergy_RHC/Data/Playlist6A/MasterAnaDev_data_AnaTuple_run00022391_Playlist.root	1.3586424245886804e+18	1.3782322823707374e+18	1	20871		
RHC	data	6A	data22392	root://fndcadoor.fnal.gov:1095/pnfs/fnal.gov/usr/minerva/persistent/OpenData/MediumEnergy_RHC/Data/Playlist6A/MasterAnaDev_data_AnaTuple_run00022392_Playlist.root	1.374005849020481e+18	1.3743983016150277e+18	1	21114		
RHC	data	6A	data22393	root://fndcadoor.fnal.gov:1095/pnfs/fnal.gov/usr/minerva/persistent/OpenData/MediumEnergy_RHC/Data/Playlist6A/MasterAnaDev_data_AnaTuple_run00022393_Playlist.root	1.2754502524366382e+18	1.2835008673569907e+18	1	19679		
RHC	data	6A	data22394	root://fndcadoor.fnal.gov:1095/pnfs/fnal.gov/usr/minerva/persistent/OpenData/MediumEnergy_RHC/Data/Playlist6A/MasterAnaDev_data_AnaTuple_run00022394_Playlist.root	1.334560038604736e+18	1.3349563689852321e+18	1	20391		
RHC	data	6A	data22395	root://fndcadoor.fnal.gov:1095/pnfs/fnal.gov/usr/minerva/persistent/OpenData/MediumEnergy_RHC/Data/Playlist6A/MasterAnaDev_data_AnaTuple_run00022395_Playlist.root	1.286280080709458e+18	1.2864812569967286e+18	1	19723		
RHC	data	6A	data22396	root://fndcadoor.fnal.gov:1095/pnfs/fnal.gov/usr/minerva/persistent/OpenData/MediumEnergy_RHC/Data/Playlist6A/MasterAnaDev_data_AnaTuple_run00022396_Playlist.root	1.2945516489658358e+18	1.2949950877721928e+18	1	19957		
RHC	data	6A	data22397	root://fndcadoor.fnal.gov:1095/pnfs/fnal.gov/usr/minerva/persistent/OpenData/MediumEnergy_RHC/Data/Playlist6A/MasterAnaDev_data_AnaTuple_run00022397_Playlist.root	1.2475979726138112e+18	1.2845395785746778e+18	1	19094		
RHC	data	6B	data22398	root://fndcadoor.fnal.gov:1095/pnfs/fnal.gov/usr/minerva/persistent/OpenData/MediumEnergy_RHC/Data/Playlist6B/MasterAnaDev_data_AnaTuple_run00022398_Playlist.root	1.3064187958211896e+18	1.3068662853544072e+18	1	20181		
RHC	data	6B	data22399	root://fndcadoor.fnal.gov:1095/pnfs/fnal.gov/usr/minerva/persistent/OpenData/MediumEnergy_RHC/Data/Playlist6B/MasterAnaDev_data_AnaTuple_run00022399_Playlist.root	7.677407559967042e+16	7.677404468269984e+16	1	1128		
RHC	data	6B	data22457	root://fndcadoor.fnal.gov:1095/pnfs/fnal.gov/usr/minerva/persistent/OpenData/MediumEnergy_RHC/Data/Playlist6B/MasterAnaDev_data_AnaTuple_run00022457_Playlist.root	1.207817790818691e+18	1.2081153383940828e+18	1	18525		
RHC	data	6B	data22458	root://fndcadoor.fnal.gov:1095/pnfs/fnal.gov/usr/minerva/persistent/OpenData/MediumEnergy_RHC/Data/Playlist6B/MasterAnaDev_data_AnaTuple_run00022458_Playlist.root	1.2973352273521423e+18	1.2975361784856282e+18	1	20033		
RHC	data	6B	data22459	root://fndcadoor.fnal.gov:1095/pnfs/fnal.gov/usr/minerva/persistent/OpenData/MediumEnergy_RHC/Data/Playlist6B/MasterAnaDev_data_AnaTuple_run00022459_Playlist.root	8.62968106803894e+17	8.631730777681368e+17	1	13262		
RHC	data	6B	data22460	root://fndcadoor.fnal.gov:1095/pnfs/fnal.gov/usr/minerva/persistent/OpenData/MediumEnergy_RHC/Data/Playlist6B/MasterAnaDev_data_AnaTuple_run00022460_Playlist.root	3.268585101427435e+17	3.278865346501974e+17	1	5457		
RHC	data	6B	data22461	root://fndcadoor.fnal.gov:1095/pnfs/fnal.gov/usr/minerva/persistent/OpenData/MediumEnergy_RHC/Data/Playlist6B/MasterAnaDev_data_AnaTuple_run00022461_Playlist.root	9.503376228832006e+17	9.505362036455203e+17	1	14746		
RHC	data	6B	data22462	root://fndcadoor.fnal.gov:1095/pnfs/fnal.gov/usr/minerva/persistent/OpenData/MediumEnergy_RHC/Data/Playlist6B/MasterAnaDev_data_AnaTuple_run00022462_Playlist.root	1.0823621645503044e+18	1.0903521406717773e+18	1	16444		
RHC	data	6B	data22463	root://fndcadoor.fnal.gov:1095/pnfs/fnal.gov/usr/minerva/persistent/OpenData/MediumEnergy_RHC/Data/Playlist6B/MasterAnaDev_data_AnaTuple_run00022463_Playlist.root	1.26713136995697e+18	1.2673333558265897e+18	1	19478		
RHC	data	6B	data22464	root://fndcadoor.fnal.gov:1095/pnfs/fnal.gov/usr/minerva/persistent/OpenData/MediumEnergy_RHC/Data/Playlist6B/MasterAnaDev_data_AnaTuple_run00022464_Playlist.root	1.3784286956844332e+18	1.38629183976766e+18	1	21094		
RHC	data	6B	data22465	root://fndcadoor.fnal.gov:1095/pnfs/fnal.gov/usr/minerva/persistent/OpenData/MediumEnergy_RHC/Data/Playlist6B/MasterAnaDev_data_AnaTuple_run00022465_Playlist.root	1.2654398469207288e+18	1.2963341261296448e+18	1	19400		
RHC	data	6B	data22466	root://fndcadoor.fnal.gov:1095/pnfs/fnal.gov/usr/minerva/persistent/OpenData/MediumEnergy_RHC/Data/Playlist6B/MasterAnaDev_data_AnaTuple_run00022466_Playlist.root	1.363959568892479e+18	1.3712920968486733e+18	1	20889		
RHC	data	6B	data22467	root://fndcadoor.fnal.gov:1095/pnfs/fnal.gov/usr/minerva/persistent/OpenData/MediumEnergy_RHC/Data/Playlist6B/MasterAnaDev_data_AnaTuple_run00022467_Playlist.root	1.3846623764801027e+18	1.385018729667022e+18	1	21279		
RHC	data	6B	data22468	root://fndcadoor.fnal.gov:1095/pnfs/fnal.gov/usr/minerva/persistent/OpenData/MediumEnergy_RHC/Data/Playlist6B/MasterAnaDev_data_AnaTuple_run00022468_Playlist.root	9.543144409360886e+17	1.3592180319777915e+18	1	14540		
RHC	data	6B	data22469	root://fndcadoor.fnal.gov:1095/pnfs/fnal.gov/usr/minerva/persistent/OpenData/MediumEnergy_RHC/Data/Playlist6B/MasterAnaDev_data_AnaTuple_run00022469_Playlist.root	8.387992010102273e+17	8.39012665932815e+17	1	12982		
RHC	data	6B	data22489	root://fndcadoor.fnal.gov:1095/pnfs/fnal.gov/usr/minerva/persistent/OpenData/MediumEnergy_RHC/Data/Playlist6B/MasterAnaDev_data_AnaTuple_run00022489_Playlist.root	0.0	5.564431995838655e+17	1	0		
RHC	data	6B	data22500	root://fndcadoor.fnal.gov:1095/pnfs/fnal.gov/usr/minerva/persistent/OpenData/MediumEnergy_RHC/Data/Playlist6B/MasterAnaDev_data_AnaTuple_run00022500_Playlist.root	0.0	1.0578300410888086e+18	1	0		
RHC	data	6B	data22501	root://fndcadoor.fnal.gov:1095/pnfs/fnal.gov/usr/minerva/persistent/OpenData/MediumEnergy_RHC/Data/Playlist6B/MasterAnaDev_data_AnaTuple_run00022501_Playlist.root	7.568699835846424e+17	8.38620721186729e+17	1	11835		
RHC	data	6B	data22502	root://fndcadoor.fnal.gov:1095/pnfs/fnal.gov/usr/minerva/persistent/OpenData/MediumEnergy_RHC/Data/Playlist6B/MasterAnaDev_data_AnaTuple_run00022502_Playlist.root	1.1551218247113226e+18	1.1628024716858998e+18	1	17770		
RHC	data	6B	data22503	root://fndcadoor.fnal.gov:1095/pnfs/fnal.gov/usr/minerva/persistent/OpenData/MediumEnergy_RHC/Data/Playlist6B/MasterAnaDev_data_AnaTuple_run00022503_Playlist.root	1.3031850382919311e+18	1.3035774881242074e+18	1	19955		
RHC	data	6B	data22504	root://fndcadoor.fnal.gov:1095/pnfs/fnal.gov/usr/minerva/persistent/OpenData/MediumEnergy_RHC/Data/Playlist6B/MasterAnaDev_data_AnaTuple_run00022504_Playlist.root	1.2718126205034255e+18	1.2794930899541376e+18	1	19681		
RHC	data	6B	data22505	root://fndcadoor.fnal.gov:1095/pnfs/fnal.gov/usr/minerva/persistent/OpenData/MediumEnergy_RHC/Data/Playlist6B/MasterAnaDev_data_AnaTuple_run00022505_Playlist.root	1.2557311204879286e+18	1.256173368256876e+18	1	19330		
RHC	data	6B	data22506	root://fndcadoor.fnal.gov:1095/pnfs/fnal.gov/usr/minerva/persistent/OpenData/MediumEnergy_RHC/Data/Playlist6B/MasterAnaDev_data_AnaTuple_run00022506_Playlist.root	1.0856060022335053e+18	1.0943721216961329e+18	1	16542		
RHC	data	6B	data22507	root://fndcadoor.fnal.gov:1095/pnfs/fnal.gov/usr/minerva/persistent/OpenData/MediumEnergy_RHC/Data/Playlist6B/MasterAnaDev_data_AnaTuple_run00022507_Playlist.root	1.1559093978438377e+18	1.1563570742257408e+18	1	17716		
RHC	data	6B	data22508	root://fndcadoor.fnal.gov:1095/pnfs/fnal.gov/usr/minerva/persistent/OpenData/MediumEnergy_RHC/Data/Playlist6B/MasterAnaDev_data_AnaTuple_run00022508_Playlist.root	1.2992091368041042e+18	1.30202108718068e+18	1	20022		
RHC	data	6B	data22509	root://fndcadoor.fnal.gov:1095/pnfs/fnal.gov/usr/minerva/persistent/OpenData/MediumEnergy_RHC/Data/Playlist6B/MasterAnaDev_data_AnaTuple_run00022509_Playlist.root	1.1128376098523141e+18	1.213343488699194e+18	1	17117		
RHC	data	6B	data22510	root://fndcadoor.fnal.gov:1095/pnfs/fnal.gov/usr/minerva/persistent/OpenData/MediumEnergy_RHC/Data/Playlist6B/MasterAnaDev_data_AnaTuple_run00022510_Playlist.root	1.0972569578733443e+18	1.0976045422405288e+18	1	16830		
RHC	data	6B	data22511	root://fndcadoor.fnal.gov:1095/pnfs/fnal.gov/usr/minerva/persistent/OpenData/MediumEnergy_RHC/Data/Playlist6B/MasterAnaDev_data_AnaTuple_run00022511_Playlist.root	1.188331758371353e+18	1.1955429036920625e+18	1	18277		
RHC	data	6B	data22512	root://fndcadoor.fnal.gov:1095/pnfs/fnal.gov/usr/minerva/persistent/OpenData/MediumEnergy_RHC/Data/Playlist6B/MasterAnaDev_data_AnaTuple_run00022512_Playlist.root	1.7640190103292464e+17	1.764073537686609e+17	1	2649		
RHC	data	6B	data22514	root://fndcadoor.fnal.gov:1095/pnfs/fnal.gov/usr/minerva/persistent/OpenData/MediumEnergy_RHC/Data/Playlist6B/MasterAnaDev_data_AnaTuple_run00022514_Playlist.root	1.2092257632169723e+18	1.2173086958401267e+18	1	18627		
RHC	data	6B	data22515	root://fndcadoor.fnal.gov:1095/pnfs/fnal.gov/usr/minerva/persistent/OpenData/MediumEnergy_RHC/Data/Playlist6B/MasterAnaDev_data_AnaTuple_run00022515_Playlist.root	1.1872482858872415e+18	1.1874928719186496e+18	1	18329		
RHC	data	6B	data22516	root://fndcadoor.fnal.gov:1095/pnfs/fnal.gov/usr/minerva/persistent/OpenData/MediumEnergy_RHC/Data/Playlist6B/MasterAnaDev_data_AnaTuple_run00022516_Playlist.root	1.220253647166014e+18	1.227197002670545e+18	1	18701		
RHC	data	6B	data22517	root://fndcadoor.fnal.gov:1095/pnfs/fnal.gov/usr/minerva/persistent/OpenData/MediumEnergy_RHC/Data/Playlist6B/MasterAnaDev_data_AnaTuple_run00022517_Playlist.root	1.1577374256739615e+18	1.2991110777696655e+18	1	17876		
RHC	data	6B	data22518	root://fndcadoor.fnal.gov:1095/pnfs/fnal.gov/usr/minerva/persistent/OpenData/MediumEnergy_RHC/Data/Playlist6B/MasterAnaDev_data_AnaTuple_run00022518_Playlist.root	1.3244487253422738e+18	1.3323986068464955e+18	1	20344		
RHC	data	6B	data22519	root://fndcadoor.fnal.gov:1095/pnfs/fnal.gov/usr/minerva/persistent/OpenData/MediumEnergy_RHC/Data/Playlist6B/MasterAnaDev_data_AnaTuple_run00022519_Playlist.root	2.2743968087387082e+17	1.0825786365669219e+18	1	3483		
RHC	data	6B	data22520	root://fndcadoor.fnal.gov:1095/pnfs/fnal.gov/usr/minerva/persistent/OpenData/MediumEnergy_RHC/Data/Playlist6B/MasterAnaDev_data_AnaTuple_run00022520_Playlist.root	0.0	3.0265916782400115e+17	1	0		
RHC	data	6B	data22521	root://fndcadoor.fnal.gov:1095/pnfs/fnal.gov/usr/minerva/persistent/OpenData/MediumEnergy_RHC/Data/Playlist6B/MasterAnaDev_data_AnaTuple_run00022521_Playlist.root	1.1149055334396365e+18	1.3062676883773394e+18	1	17135		
RHC	data	6B	data22522	root://fndcadoor.fnal.gov:1095/pnfs/fnal.gov/usr/minerva/persistent/OpenData/MediumEnergy_RHC/Data/Playlist6B/MasterAnaDev_data_AnaTuple_run00022522_Playlist.root	1.0305406876291039e+18	1.0381380013153987e+18	1	15839		
RHC	data	6B	data22523	root://fndcadoor.fnal.gov:1095/pnfs/fnal.gov/usr/minerva/persistent/OpenData/MediumEnergy_RHC/Data/Playlist6B/MasterAnaDev_data_AnaTuple_run00022523_Playlist.root	1.234576492951393e+18	1.2348723146069435e+18	1	19019		
RHC	data	6B	data22524	root://fndcadoor.fnal.gov:1095/pnfs/fnal.gov/usr/minerva/persistent/OpenData/MediumEnergy_RHC/Data/Playlist6B/MasterAnaDev_data_AnaTuple_run00022524_Playlist.root	1.2687934611997604e+18	1.2954986597230528e+18	1	19494		
RHC	data	6B	data22525	root://fndcadoor.fnal.gov:1095/pnfs/fnal.gov/usr/minerva/persistent/OpenData/MediumEnergy_RHC/Data/Playlist6B/MasterAnaDev_data_AnaTuple_run00022525_Playlist.root	1.2177943663482665e+18	1.2179956816263263e+18	1	18550		
RHC	data	6B	data22526	root://fndcadoor.fnal.gov:1095/pnfs/fnal.gov/usr/minerva/persistent/OpenData/MediumEnergy_RHC/Data/Playlist6B/MasterAnaDev_data_AnaTuple_run00022526_Playlist.root	7.027750958900453e+17	7.030447107813975e+17	1	10615		
RHC	data	6B	data22527	root://fndcadoor.fnal.gov:1095/pnfs/fnal.gov/usr/minerva/persistent/OpenData/MediumEnergy_RHC/Data/Playlist6B/MasterAnaDev_data_AnaTuple_run00022527_Playlist.root	1.6828153537368774e+17	1.6828336134788685e+17	1	2596		
RHC	data	6B	data22528	root://fndcadoor.fnal.gov:1095/pnfs/fnal.gov/usr/minerva/persistent/OpenData/MediumEnergy_RHC/Data/Playlist6B/MasterAnaDev_data_AnaTuple_run00022528_Playlist.root	1.2586548775014879e+18	1.2664208258559357e+18	1	19541		
RHC	data	6B	data22529	root://fndcadoor.fnal.gov:1095/pnfs/fnal.gov/usr/minerva/persistent/OpenData/MediumEnergy_RHC/Data/Playlist6B/MasterAnaDev_data_AnaTuple_run00022529_Playlist.root	1.2014224337217807e+18	1.2016780621262687e+18	1	18365		
RHC	data	6B	data22530	root://fndcadoor.fnal.gov:1095/pnfs/fnal.gov/usr/minerva/persistent/OpenData/MediumEnergy_RHC/Data/Playlist6B/MasterAnaDev_data_AnaTuple_run00022530_Playlist.root	1.2590161779141425e+18	1.3177082929452792e+18	1	19460		
RHC	data	6B	data22531	root://fndcadoor.fnal.gov:1095/pnfs/fnal.gov/usr/minerva/persistent/OpenData/MediumEnergy_RHC/Data/Playlist6B/MasterAnaDev_data_AnaTuple_run00022531_Playlist.root	1.301495573412895e+18	1.3615320225718182e+18	1	19876		
RHC	data	6B	data22532	root://fndcadoor.fnal.gov:1095/pnfs/fnal.gov/usr/minerva/persistent/OpenData/MediumEnergy_RHC/Data/Playlist6B/MasterAnaDev_data_AnaTuple_run00022532_Playlist.root	1.3369184647123814e+18	1.3616838175992417e+18	1	20464		
RHC	data	6B	data22533	root://fndcadoor.fnal.gov:1095/pnfs/fnal.gov/usr/minerva/persistent/OpenData/MediumEnergy_RHC/Data/Playlist6B/MasterAnaDev_data_AnaTuple_run00022533_Playlist.root	1.323325970781326e+18	1.3534681397853947e+18	1	20405		
RHC	data	6B	data22534	root://fndcadoor.fnal.gov:1095/pnfs/fnal.gov/usr/minerva/persistent/OpenData/MediumEnergy_RHC/Data/Playlist6B/MasterAnaDev_data_AnaTuple_run00022534_Playlist.root	5.5012580646324166e+17	1.2252661471312686e+18	1	8608		
RHC	data	6B	data22535	root://fndcadoor.fnal.gov:1095/pnfs/fnal.gov/usr/minerva/persistent/OpenData/MediumEnergy_RHC/Data/Playlist6B/MasterAnaDev_data_AnaTuple_run00022535_Playlist.root	0.0	1.2169710490353213e+18	1	0		
RHC	data	6B	data22536	root://fndcadoor.fnal.gov:1095/pnfs/fnal.gov/usr/minerva/persistent/OpenData/MediumEnergy_RHC/Data/Playlist6B/MasterAnaDev_data_AnaTuple_run00022536_Playlist.root	1.2752224216556552e+18	1.347049868427331e+18	1	19481		
RHC	data	6B	data22537	root://fndcadoor.fnal.gov:1095/pnfs/fnal.gov/usr/minerva/persistent/OpenData/MediumEnergy_RHC/Data/Playlist6B/MasterAnaDev_data_AnaTuple_run00022537_Playlist.root	1.178683217384815e+18	1.1860401025904218e+18	1	17957		
RHC	data	6B	data22539	root://fndcadoor.fnal.gov:1095/pnfs/fnal.gov/usr/minerva/persistent/OpenData/MediumEnergy_RHC/Data/Playlist6B/MasterAnaDev_data_AnaTuple_run00022539_Playlist.root	1.9831762729644776e+16	1.9831768586394844e+16	1	300		
RHC	data	6B	data22550	root://fndcadoor.fnal.gov:1095/pnfs/fnal.gov/usr/minerva/persistent/OpenData/MediumEnergy_RHC/Data/Playlist6B/MasterAnaDev_data_AnaTuple_run00022550_Playlist.root	1.3079369962301256e+18	1.3081355353582098e+18	1	20157		
RHC	data	6B	data22551	root://fndcadoor.fnal.gov:1095/pnfs/fnal.gov/usr/minerva/persistent/OpenData/MediumEnergy_RHC/Data/Playlist6B/MasterAnaDev_data_AnaTuple_run00022551_Playlist.root	1.2757329655652052e+18	1.3134476596982597e+18	1	19679		
RHC	data	6B	data22552	root://fndcadoor.fnal.gov:1095/pnfs/fnal.gov/usr/minerva/persistent/OpenData/MediumEnergy_RHC/Data/Playlist6B/MasterAnaDev_data_AnaTuple_run00022552_Playlist.root	1.348657069813013e+18	1.349153371168967e+18	1	20670		
RHC	data	6B	data22553	root://fndcadoor.fnal.gov:1095/pnfs/fnal.gov/usr/minerva/persistent/OpenData/MediumEnergy_RHC/Data/Playlist6B/MasterAnaDev_data_AnaTuple_run00022553_Playlist.root	9.288595071268083e+17	9.364789656827608e+17	1	14449		
RHC	data	6B	data22563	root://fndcadoor.fnal.gov:1095/pnfs/fnal.gov/usr/minerva/persistent/OpenData/MediumEnergy_RHC/Data/Playlist6B/MasterAnaDev_data_AnaTuple_run00022563_Playlist.root	1.257278560160637e+18	1.257694336757266e+18	1	19239		
RHC	data	6B	data22564	root://fndcadoor.fnal.gov:1095/pnfs/fnal.gov/usr/minerva/persistent/OpenData/MediumEnergy_RHC/Data/Playlist6B/MasterAnaDev_data_AnaTuple_run00022564_Playlist.root	1.1147359416279793e+18	1.1153203294294397e+18	1	17186		
RHC	data	6B	data22565	root://fndcadoor.fnal.gov:1095/pnfs/fnal.gov/usr/minerva/persistent/OpenData/MediumEnergy_RHC/Data/Playlist6B/MasterAnaDev_data_AnaTuple_run00022565_Playlist.root	5.5792377524375904e+17	1.352237595193172e+18	1	8378		
RHC	data	6B	data22566	root://fndcadoor.fnal.gov:1095/pnfs/fnal.gov/usr/minerva/persistent/OpenData/MediumEnergy_RHC/Data/Playlist6B/MasterAnaDev_data_AnaTuple_run00022566_Playlist.root	0.0	1.2243157881539853e+18	1	0		
RHC	data	6B	data22567	root://fndcadoor.fnal.gov:1095/pnfs/fnal.gov/usr/minerva/persistent/OpenData/MediumEnergy_RHC/Data/Playlist6B/MasterAnaDev_data_AnaTuple_run00022567_Playlist.root	0.0	1.1246074870526842e+18	1	0		
RHC	data	6B	data22568	root://fndcadoor.fnal.gov:1095/pnfs/fnal.gov/usr/minerva/persistent/OpenData/MediumEnergy_RHC/Data/Playlist6B/MasterAnaDev_data_AnaTuple_run00022568_Playlist.root	2.978980024452209e+17	7.487220689049265e+17	1	4588		
RHC	data	6B	data22569	root://fndcadoor.fnal.gov:1095/pnfs/fnal.gov/usr/minerva/persistent/OpenData/MediumEnergy_RHC/Data/Playlist6B/MasterAnaDev_data_AnaTuple_run00022569_Playlist.root	1.2411610659999846e+18	1.2475785402196792e+18	1	19107		
RHC	data	6B	data22570	root://fndcadoor.fnal.gov:1095/pnfs/fnal.gov/usr/minerva/persistent/OpenData/MediumEnergy_RHC/Data/Playlist6B/MasterAnaDev_data_AnaTuple_run00022570_Playlist.root	1.312761236851692e+18	1.313110220448572e+18	1	20255		
RHC	data	6B	data22571	root://fndcadoor.fnal.gov:1095/pnfs/fnal.gov/usr/minerva/persistent/OpenData/MediumEnergy_RHC/Data/Playlist6B/MasterAnaDev_data_AnaTuple_run00022571_Playlist.root	1.3310877563633917e+18	1.3393985543805734e+18	1	20536		
RHC	data	6B	data22572	root://fndcadoor.fnal.gov:1095/pnfs/fnal.gov/usr/minerva/persistent/OpenData/MediumEnergy_RHC/Data/Playlist6B/MasterAnaDev_data_AnaTuple_run00022572_Playlist.root	1.358433556785583e+18	1.358727811432018e+18	1	20748		
RHC	data	6B	data22573	root://fndcadoor.fnal.gov:1095/pnfs/fnal.gov/usr/minerva/persistent/OpenData/MediumEnergy_RHC/Data/Playlist6B/MasterAnaDev_data_AnaTuple_run00022573_Playlist.root	1.0945409805173874e+18	1.1322359222563752e+18	1	16875		
RHC	data	6B	data22574	root://fndcadoor.fnal.gov:1095/pnfs/fnal.gov/usr/minerva/persistent/OpenData/MediumEnergy_RHC/Data/Playlist6B/MasterAnaDev_data_AnaTuple_run00022574_Playlist.root	5.178151517677307e+16	1.2077156337595998e+17	1	804		
RHC	data	6B	data22575	root://fndcadoor.fnal.gov:1095/pnfs/fnal.gov/usr/minerva/persistent/OpenData/MediumEnergy_RHC/Data/Playlist6B/MasterAnaDev_data_AnaTuple_run00022575_Playlist.root	55397135198116.305	619626628014491.9	1	0		
RHC	data	6B	data22576	root://fndcadoor.fnal.gov:1095/pnfs/fnal.gov/usr/minerva/persistent/OpenData/MediumEnergy_RHC/Data/Playlist6B/MasterAnaDev_data_AnaTuple_run00022576_Playlist.root	1.366955910005212e+18	1.3672514630271485e+18	1	21076		
RHC	data	6B	data22577	root://fndcadoor.fnal.gov:1095/pnfs/fnal.gov/usr/minerva/persistent/OpenData/MediumEnergy_RHC/Data/Playlist6B/MasterAnaDev_data_AnaTuple_run00022577_Playlist.root	1.2660682955439089e+18	1.2665181730542367e+18	1	19449		
RHC	data	6B	data22578	root://fndcadoor.fnal.gov:1095/pnfs/fnal.gov/usr/minerva/persistent/OpenData/MediumEnergy_RHC/Data/Playlist6B/MasterAnaDev_data_AnaTuple_run00022578_Playlist.root	1.207103700222969e+18	1.2075004766510444e+18	1	18575		
RHC	data	6B	data22579	root://fndcadoor.fnal.gov:1095/pnfs/fnal.gov/usr/minerva/persistent/OpenData/MediumEnergy_RHC/Data/Playlist6B/MasterAnaDev_data_AnaTuple_run00022579_Playlist.root	1.2231679475126267e+18	1.2547946206098867e+18	1	18980		
RHC	data	6B	data22580	root://fndcadoor.fnal.gov:1095/pnfs/fnal.gov/usr/minerva/persistent/OpenData/MediumEnergy_RHC/Data/Playlist6B/MasterAnaDev_data_AnaTuple_run00022580_Playlist.root	1.3220355657887457e+18	1.3224800640465344e+18	1	20300		
RHC	data	6B	data22581	root://fndcadoor.fnal.gov:1095/pnfs/fnal.gov/usr/minerva/persistent/OpenData/MediumEnergy_RHC/Data/Playlist6B/MasterAnaDev_data_AnaTuple_run00022581_Playlist.root	1.1781679455227853e+18	1.2414791441549612e+18	1	18024		
RHC	data	6B	data22582	root://fndcadoor.fnal.gov:1095/pnfs/fnal.gov/usr/minerva/persistent/OpenData/MediumEnergy_RHC/Data/Playlist6B/MasterAnaDev_data_AnaTuple_run00022582_Playlist.root	1.3675298286256788e+18	1.3679711383292987e+18	1	21059		
RHC	data	6B	data22583	root://fndcadoor.fnal.gov:1095/pnfs/fnal.gov/usr/minerva/persistent/OpenData/MediumEnergy_RHC/Data/Playlist6B/MasterAnaDev_data_AnaTuple_run00022583_Playlist.root	5.888257979621887e+17	1.3773323008731873e+18	1	9071		
RHC	data	6B	data22584	root://fndcadoor.fnal.gov:1095/pnfs/fnal.gov/usr/minerva/persistent/OpenData/MediumEnergy_RHC/Data/Playlist6B/MasterAnaDev_data_AnaTuple_run00022584_Playlist.root	1.3391093630590438e+18	1.3395030601795533e+18	1	20680		
RHC	data	6B	data22585	root://fndcadoor.fnal.gov:1095/pnfs/fnal.gov/usr/minerva/persistent/OpenData/MediumEnergy_RHC/Data/Playlist6B/MasterAnaDev_data_AnaTuple_run00022585_Playlist.root	1.344335139482975e+18	1.3551422700956826e+18	1	20665		
RHC	data	6B	data22586	root://fndcadoor.fnal.gov:1095/pnfs/fnal.gov/usr/minerva/persistent/OpenData/MediumEnergy_RHC/Data/Playlist6B/MasterAnaDev_data_AnaTuple_run00022586_Playlist.root	1.188404748655319e+18	1.1887957186311598e+18	1	18212		
RHC	data	6B	data22587	root://fndcadoor.fnal.gov:1095/pnfs/fnal.gov/usr/minerva/persistent/OpenData/MediumEnergy_RHC/Data/Playlist6B/MasterAnaDev_data_AnaTuple_run00022587_Playlist.root	6.447055002936125e+17	6.448796392517485e+17	1	9937		
RHC	data	6B	data22588	root://fndcadoor.fnal.gov:1095/pnfs/fnal.gov/usr/minerva/persistent/OpenData/MediumEnergy_RHC/Data/Playlist6B/MasterAnaDev_data_AnaTuple_run00022588_Playlist.root	4.9578359180402765e+17	4.958873135386735e+17	1	7731		
RHC	data	6B	data22589	root://fndcadoor.fnal.gov:1095/pnfs/fnal.gov/usr/minerva/persistent/OpenData/MediumEnergy_RHC/Data/Playlist6B/MasterAnaDev_data_AnaTuple_run00022589_Playlist.root	1.2230722605309484e+18	1.2305652043873784e+18	1	19076		
RHC	data	6B	data22590	root://fndcadoor.fnal.gov:1095/pnfs/fnal.gov/usr/minerva/persistent/OpenData/MediumEnergy_RHC/Data/Playlist6B/MasterAnaDev_data_AnaTuple_run00022590_Playlist.root	1.3370278447041516e+18	1.3373833007407885e+18	1	20523		
RHC	data	6B	data22591	root://fndcadoor.fnal.gov:1095/pnfs/fnal.gov/usr/minerva/persistent/OpenData/MediumEnergy_RHC/Data/Playlist6B/MasterAnaDev_data_AnaTuple_run00022591_Playlist.root	8.82061459395528e+17	8.902570062508485e+17	1	13709		
RHC	data	6B	data22600	root://fndcadoor.fnal.gov:1095/pnfs/fnal.gov/usr/minerva/persistent/OpenData/MediumEnergy_RHC/Data/Playlist6B/MasterAnaDev_data_AnaTuple_run00022600_Playlist.root	9.379917231559754e+16	1.6580767532645805e+17	1	1463		
RHC	data	6B	data22603	root://fndcadoor.fnal.gov:1095/pnfs/fnal.gov/usr/minerva/persistent/OpenData/MediumEnergy_RHC/Data/Playlist6B/MasterAnaDev_data_AnaTuple_run00022603_Playlist.root	1.1504181409511571e+18	1.225700388190371e+18	1	17634		
RHC	data	6B	data22604	root://fndcadoor.fnal.gov:1095/pnfs/fnal.gov/usr/minerva/persistent/OpenData/MediumEnergy_RHC/Data/Playlist6B/MasterAnaDev_data_AnaTuple_run00022604_Playlist.root	1.058710775622368e+18	1.0588935841162024e+18	1	16033		
RHC	data	6B	data22605	root://fndcadoor.fnal.gov:1095/pnfs/fnal.gov/usr/minerva/persistent/OpenData/MediumEnergy_RHC/Data/Playlist6B/MasterAnaDev_data_AnaTuple_run00022605_Playlist.root	1.3318338945922852e+18	1.358197382156365e+18	1	20542		
RHC	data	6B	data22606	root://fndcadoor.fnal.gov:1095/pnfs/fnal.gov/usr/minerva/persistent/OpenData/MediumEnergy_RHC/Data/Playlist6B/MasterAnaDev_data_AnaTuple_run00022606_Playlist.root	1.23523598069191e+18	1.235779634617448e+18	1	19082		
RHC	data	6B	data22607	root://fndcadoor.fnal.gov:1095/pnfs/fnal.gov/usr/minerva/persistent/OpenData/MediumEnergy_RHC/Data/Playlist6B/MasterAnaDev_data_AnaTuple_run00022607_Playlist.root	1.3747120294723512e+18	1.3828753938547474e+18	1	21102		
RHC	data	6B	data22608	root://fndcadoor.fnal.gov:1095/pnfs/fnal.gov/usr/minerva/persistent/OpenData/MediumEnergy_RHC/Data/Playlist6B/MasterAnaDev_data_AnaTuple_run00022608_Playlist.root	1.292081360774755e+18	1.2926743541934502e+18	1	19971		
RHC	data	6B	data22609	root://fndcadoor.fnal.gov:1095/pnfs/fnal.gov/usr/minerva/persistent/OpenData/MediumEnergy_RHC/Data/Playlist6B/MasterAnaDev_data_AnaTuple_run00022609_Playlist.root	1.231606085479736e+18	1.2398614348118423e+18	1	18889		
RHC	data	6B	data22610	root://fndcadoor.fnal.gov:1095/pnfs/fnal.gov/usr/minerva/persistent/OpenData/MediumEnergy_RHC/Data/Playlist6B/MasterAnaDev_data_AnaTuple_run00022610_Playlist.root	1.3055501030635835e+18	1.305995684985717e+18	1	19923		
RHC	data	6B	data22611	root://fndcadoor.fnal.gov:1095/pnfs/fnal.gov/usr/minerva/persistent/OpenData/MediumEnergy_RHC/Data/Playlist6B/MasterAnaDev_data_AnaTuple_run00022611_Playlist.root	1.3655831226580145e+18	1.3737582472490196e+18	1	21015		
RHC	data	6B	data22612	root://fndcadoor.fnal.gov:1095/pnfs/fnal.gov/usr/minerva/persistent/OpenData/MediumEnergy_RHC/Data/Playlist6B/MasterAnaDev_data_AnaTuple_run00022612_Playlist.root	1.2753762964971062e+18	1.275771406096524e+18	1	20032		
RHC	data	6B	data22613	root://fndcadoor.fnal.gov:1095/pnfs/fnal.gov/usr/minerva/persistent/OpenData/MediumEnergy_RHC/Data/Playlist6B/MasterAnaDev_data_AnaTuple_run00022613_Playlist.root	1.2247294808273316e+18	1.23255134142056e+18	1	18822		
RHC	data	6B	data22614	root://fndcadoor.fnal.gov:1095/pnfs/fnal.gov/usr/minerva/persistent/OpenData/MediumEnergy_RHC/Data/Playlist6B/MasterAnaDev_data_AnaTuple_run00022614_Playlist.root	1.1523622836515903e+18	1.1528675165066067e+18	1	17667		
RHC	data	6B	data22615	root://fndcadoor.fnal.gov:1095/pnfs/fnal.gov/usr/minerva/persistent/OpenData/MediumEnergy_RHC/Data/Playlist6B/MasterAnaDev_data_AnaTuple_run00022615_Playlist.root	1.3575771445674898e+18	1.3658153704528916e+18	1	20965		
RHC	data	6B	data22616	root://fndcadoor.fnal.gov:1095/pnfs/fnal.gov/usr/minerva/persistent/OpenData/MediumEnergy_RHC/Data/Playlist6B/MasterAnaDev_data_AnaTuple_run00022616_Playlist.root	1.055911542782545e+18	1.056467064759172e+18	1	16322		
RHC	data	6C	data25001	root://fndcadoor.fnal.gov:1095/pnfs/fnal.gov/usr/minerva/persistent/OpenData/MediumEnergy_RHC/Data/Playlist6C/MasterAnaDev_data_AnaTuple_run00025001_Playlist.root	0.0	2846575035325251.5	1	0		
RHC	data	6C	data25004	root://fndcadoor.fnal.gov:1095/pnfs/fnal.gov/usr/minerva/persistent/OpenData/MediumEnergy_RHC/Data/Playlist6C/MasterAnaDev_data_AnaTuple_run00025004_Playlist.root	9.757675650691987e+16	2.93959061053827e+17	1	1616		
RHC	data	6C	data25005	root://fndcadoor.fnal.gov:1095/pnfs/fnal.gov/usr/minerva/persistent/OpenData/MediumEnergy_RHC/Data/Playlist6C/MasterAnaDev_data_AnaTuple_run00025005_Playlist.root	3.5128790305954214e+17	4.123869965661736e+17	1	5672		
RHC	data	6C	data25006	root://fndcadoor.fnal.gov:1095/pnfs/fnal.gov/usr/minerva/persistent/OpenData/MediumEnergy_RHC/Data/Playlist6C/MasterAnaDev_data_AnaTuple_run00025006_Playlist.root	4.688906966366768e+17	4.689279073035234e+17	1	7548		
RHC	data	6C	data25007	root://fndcadoor.fnal.gov:1095/pnfs/fnal.gov/usr/minerva/persistent/OpenData/MediumEnergy_RHC/Data/Playlist6C/MasterAnaDev_data_AnaTuple_run00025007_Playlist.root	4.502664838113786e+17	4.524341681730081e+17	1	7236		
RHC	data	6C	data25008	root://fndcadoor.fnal.gov:1095/pnfs/fnal.gov/usr/minerva/persistent/OpenData/MediumEnergy_RHC/Data/Playlist6C/MasterAnaDev_data_AnaTuple_run00025008_Playlist.root	5.212023050518036e+17	5.234005870871773e+17	1	8432		
RHC	data	6C	data25009	root://fndcadoor.fnal.gov:1095/pnfs/fnal.gov/usr/minerva/persistent/OpenData/MediumEnergy_RHC/Data/Playlist6C/MasterAnaDev_data_AnaTuple_run00025009_Playlist.root	5.898911989221573e+17	5.900165469801558e+17	1	9470		
RHC	data	6C	data25010	root://fndcadoor.fnal.gov:1095/pnfs/fnal.gov/usr/minerva/persistent/OpenData/MediumEnergy_RHC/Data/Playlist6C/MasterAnaDev_data_AnaTuple_run00025010_Playlist.root	6.102077346479892e+17	6.129384081031336e+17	1	9815		
RHC	data	6C	data25011	root://fndcadoor.fnal.gov:1095/pnfs/fnal.gov/usr/minerva/persistent/OpenData/MediumEnergy_RHC/Data/Playlist6C/MasterAnaDev_data_AnaTuple_run00025011_Playlist.root	3.9806834432268134e+17	5.999952963345148e+17	1	6197		
RHC	data	6C	data25012	root://fndcadoor.fnal.gov:1095/pnfs/fnal.gov/usr/minerva/persistent/OpenData/MediumEnergy_RHC/Data/Playlist6C/MasterAnaDev_data_AnaTuple_run00025012_Playlist.root	1.9457309317064288e+17	1.945709077059608e+17	1	3127		
RHC	data	6C	data25013	root://fndcadoor.fnal.gov:1095/pnfs/fnal.gov/usr/minerva/persistent/OpenData/MediumEnergy_RHC/Data/Playlist6C/MasterAnaDev_data_AnaTuple_run00025013_Playlist.root	5.7481821567058566e+17	5.7487984499945536e+17	1	9285		
RHC	data	6C	data25014	root://fndcadoor.fnal.gov:1095/pnfs/fnal.gov/usr/minerva/persistent/OpenData/MediumEnergy_RHC/Data/Playlist6C/MasterAnaDev_data_AnaTuple_run00025014_Playlist.root	3.0335663633346556e+16	6.431021413198403e+17	1	471		
RHC	data	6C	data25015	root://fndcadoor.fnal.gov:1095/pnfs/fnal.gov/usr/minerva/persistent/OpenData/MediumEnergy_RHC/Data/Playlist6C/MasterAnaDev_data_AnaTuple_run00025015_Playlist.root	4.2278722236776346e+17	6.386220311341848e+17	1	6798		
RHC	data	6C	data25016	root://fndcadoor.fnal.gov:1095/pnfs/fnal.gov/usr/minerva/persistent/OpenData/MediumEnergy_RHC/Data/Playlist6C/MasterAnaDev_data_AnaTuple_run00025016_Playlist.root	6.26447706111908e+17	6.265857926549006e+17	1	10062		
RHC	data	6C	data25017	root://fndcadoor.fnal.gov:1095/pnfs/fnal.gov/usr/minerva/persistent/OpenData/MediumEnergy_RHC/Data/Playlist6C/MasterAnaDev_data_AnaTuple_run00025017_Playlist.root	6.501445059471131e+17	6.535119154182602e+17	1	10362		
RHC	data	6C	data25018	root://fndcadoor.fnal.gov:1095/pnfs/fnal.gov/usr/minerva/persistent/OpenData/MediumEnergy_RHC/Data/Playlist6C/MasterAnaDev_data_AnaTuple_run00025018_Playlist.root	6.299311212987899e+17	6.474279313724701e+17	1	10146		
RHC	data	6C	data25019	root://fndcadoor.fnal.gov:1095/pnfs/fnal.gov/usr/minerva/persistent/OpenData/MediumEnergy_RHC/Data/Playlist6C/MasterAnaDev_data_AnaTuple_run00025019_Playlist.root	6.413454226379397e+17	6.414821600449422e+17	1	10233		
RHC	data	6C	data25020	root://fndcadoor.fnal.gov:1095/pnfs/fnal.gov/usr/minerva/persistent/OpenData/MediumEnergy_RHC/Data/Playlist6C/MasterAnaDev_data_AnaTuple_run00025020_Playlist.root	6.222365603709221e+17	6.223020870567053e+17	1	10127		
RHC	data	6C	data25021	root://fndcadoor.fnal.gov:1095/pnfs/fnal.gov/usr/minerva/persistent/OpenData/MediumEnergy_RHC/Data/Playlist6C/MasterAnaDev_data_AnaTuple_run00025021_Playlist.root	6.381818960034847e+17	6.38388319616824e+17	1	10352		
RHC	data	6C	data25022	root://fndcadoor.fnal.gov:1095/pnfs/fnal.gov/usr/minerva/persistent/OpenData/MediumEnergy_RHC/Data/Playlist6C/MasterAnaDev_data_AnaTuple_run00025022_Playlist.root	6.334436319246292e+17	6.366657516393763e+17	1	10056		
RHC	data	6C	data25023	root://fndcadoor.fnal.gov:1095/pnfs/fnal.gov/usr/minerva/persistent/OpenData/MediumEnergy_RHC/Data/Playlist6C/MasterAnaDev_data_AnaTuple_run00025023_Playlist.root	5.2197145856416224e+17	5.262637922245166e+17	1	8527		
RHC	data	6C	data25024	root://fndcadoor.fnal.gov:1095/pnfs/fnal.gov/usr/minerva/persistent/OpenData/MediumEnergy_RHC/Data/Playlist6C/MasterAnaDev_data_AnaTuple_run00025024_Playlist.root	6.757718676214217e+17	6.758708654247533e+17	1	10690		
RHC	data	6C	data25025	root://fndcadoor.fnal.gov:1095/pnfs/fnal.gov/usr/minerva/persistent/OpenData/MediumEnergy_RHC/Data/Playlist6C/MasterAnaDev_data_AnaTuple_run00025025_Playlist.root	7.118680206404923e+17	7.120357768485098e+17	1	11099		
RHC	data	6C	data25026	root://fndcadoor.fnal.gov:1095/pnfs/fnal.gov/usr/minerva/persistent/OpenData/MediumEnergy_RHC/Data/Playlist6C/MasterAnaDev_data_AnaTuple_run00025026_Playlist.root	8.905685231399536e+16	8.905651353383344e+16	1	1408		
RHC	data	6C	data25032	root://fndcadoor.fnal.gov:1095/pnfs/fnal.gov/usr/minerva/persistent/OpenData/MediumEnergy_RHC/Data/Playlist6C/MasterAnaDev_data_AnaTuple_run00025032_Playlist.root	0.0	105525689241476.36	1	0		
RHC	data	6C	data25033	root://fndcadoor.fnal.gov:1095/pnfs/fnal.gov/usr/minerva/persistent/OpenData/MediumEnergy_RHC/Data/Playlist6C/MasterAnaDev_data_AnaTuple_run00025033_Playlist.root	690374992370605.5	1.3320290114826664e+17	1	8		
RHC	data	6C	data25034	root://fndcadoor.fnal.gov:1095/pnfs/fnal.gov/usr/minerva/persistent/OpenData/MediumEnergy_RHC/Data/Playlist6C/MasterAnaDev_data_AnaTuple_run00025034_Playlist.root	6.002090407295228e+17	8.295347932625819e+17	1	9528		
RHC	data	6C	data25035	root://fndcadoor.fnal.gov:1095/pnfs/fnal.gov/usr/minerva/persistent/OpenData/MediumEnergy_RHC/Data/Playlist6C/MasterAnaDev_data_AnaTuple_run00025035_Playlist.root	2.1051444129514698e+17	5.4268868446707034e+17	1	3352		
RHC	data	6C	data25036	root://fndcadoor.fnal.gov:1095/pnfs/fnal.gov/usr/minerva/persistent/OpenData/MediumEnergy_RHC/Data/Playlist6C/MasterAnaDev_data_AnaTuple_run00025036_Playlist.root	1.8221830747485162e+17	1.838489250850999e+17	1	2835		
RHC	data	6C	data25038	root://fndcadoor.fnal.gov:1095/pnfs/fnal.gov/usr/minerva/persistent/OpenData/MediumEnergy_RHC/Data/Playlist6C/MasterAnaDev_data_AnaTuple_run00025038_Playlist.root	1360852443695068.2	2.4311054673284292e+16	1	27		
RHC	data	6C	data25039	root://fndcadoor.fnal.gov:1095/pnfs/fnal.gov/usr/minerva/persistent/OpenData/MediumEnergy_RHC/Data/Playlist6C/MasterAnaDev_data_AnaTuple_run00025039_Playlist.root	8.354175590929983e+17	9.1803275452092e+17	1	13053		
RHC	data	6C	data25040	root://fndcadoor.fnal.gov:1095/pnfs/fnal.gov/usr/minerva/persistent/OpenData/MediumEnergy_RHC/Data/Playlist6C/MasterAnaDev_data_AnaTuple_run00025040_Playlist.root	7.900598072947862e+17	8.252097524508741e+17	1	12389		
RHC	data	6C	data25041	root://fndcadoor.fnal.gov:1095/pnfs/fnal.gov/usr/minerva/persistent/OpenData/MediumEnergy_RHC/Data/Playlist6C/MasterAnaDev_data_AnaTuple_run00025041_Playlist.root	7.610123116819264e+17	8.130396724541221e+17	1	11928		
RHC	data	6C	data25042	root://fndcadoor.fnal.gov:1095/pnfs/fnal.gov/usr/minerva/persistent/OpenData/MediumEnergy_RHC/Data/Playlist6C/MasterAnaDev_data_AnaTuple_run00025042_Playlist.root	7.637331589097976e+17	7.849089224112169e+17	1	11947		
RHC	data	6C	data25043	root://fndcadoor.fnal.gov:1095/pnfs/fnal.gov/usr/minerva/persistent/OpenData/MediumEnergy_RHC/Data/Playlist6C/MasterAnaDev_data_AnaTuple_run00025043_Playlist.root	1.937567542228699e+17	1.938584781995737e+17	1	2970		
RHC	data	6C	data25044	root://fndcadoor.fnal.gov:1095/pnfs/fnal.gov/usr/minerva/persistent/OpenData/MediumEnergy_RHC/Data/Playlist6C/MasterAnaDev_data_AnaTuple_run00025044_Playlist.root	7.702253458409312e+17	8.051720850002586e+17	1	11976		
RHC	data	6C	data25045	root://fndcadoor.fnal.gov:1095/pnfs/fnal.gov/usr/minerva/persistent/OpenData/MediumEnergy_RHC/Data/Playlist6C/MasterAnaDev_data_AnaTuple_run00025045_Playlist.root	8.005304885749819e+17	1.0092890869281796e+18	1	12420		
RHC	data	6C	data25046	root://fndcadoor.fnal.gov:1095/pnfs/fnal.gov/usr/minerva/persistent/OpenData/MediumEnergy_RHC/Data/Playlist6C/MasterAnaDev_data_AnaTuple_run00025046_Playlist.root	1.0896876165286305e+18	1.0900155289014556e+18	1	16866		
RHC	data	6C	data25047	root://fndcadoor.fnal.gov:1095/pnfs/fnal.gov/usr/minerva/persistent/OpenData/MediumEnergy_RHC/Data/Playlist6C/MasterAnaDev_data_AnaTuple_run00025047_Playlist.root	9.88260616431892e+17	1.0851917349303099e+18	1	15450		
RHC	data	6C	data25048	root://fndcadoor.fnal.gov:1095/pnfs/fnal.gov/usr/minerva/persistent/OpenData/MediumEnergy_RHC/Data/Playlist6C/MasterAnaDev_data_AnaTuple_run00025048_Playlist.root	1.1544087621798518e+18	1.1545860106709647e+18	1	17849		
RHC	data	6C	data25049	root://fndcadoor.fnal.gov:1095/pnfs/fnal.gov/usr/minerva/persistent/OpenData/MediumEnergy_RHC/Data/Playlist6C/MasterAnaDev_data_AnaTuple_run00025049_Playlist.root	1.5567134329318998e+17	9.413949476434016e+17	1	2360		
RHC	data	6C	data25050	root://fndcadoor.fnal.gov:1095/pnfs/fnal.gov/usr/minerva/persistent/OpenData/MediumEnergy_RHC/Data/Playlist6C/MasterAnaDev_data_AnaTuple_run00025050_Playlist.root	0.0	9584024252528790.0	1	0		
RHC	data	6C	data25060	root://fndcadoor.fnal.gov:1095/pnfs/fnal.gov/usr/minerva/persistent/OpenData/MediumEnergy_RHC/Data/Playlist6C/MasterAnaDev_data_AnaTuple_run00025060_Playlist.root	0.0	1.1901063464697994e+18	1	0		
RHC	data	6C	data25061	root://fndcadoor.fnal.gov:1095/pnfs/fnal.gov/usr/minerva/persistent/OpenData/MediumEnergy_RHC/Data/Playlist6C/MasterAnaDev_data_AnaTuple_run00025061_Playlist.root	0.0	2.959860113234869e+17	1	0		
RHC	data	6C	data25074	root://fndcadoor.fnal.gov:1095/pnfs/fnal.gov/usr/minerva/persistent/OpenData/MediumEnergy_RHC/Data/Playlist6C/MasterAnaDev_data_AnaTuple_run00025074_Playlist.root	7824827626228332.0	7824302956537809.0	1	132		
RHC	data	6C	data25075	root://fndcadoor.fnal.gov:1095/pnfs/fnal.gov/usr/minerva/persistent/OpenData/MediumEnergy_RHC/Data/Playlist6C/MasterAnaDev_data_AnaTuple_run00025075_Playlist.root	8.817780617887974e+17	9.045302620699858e+17	1	13735		
RHC	data	6C	data25076	root://fndcadoor.fnal.gov:1095/pnfs/fnal.gov/usr/minerva/persistent/OpenData/MediumEnergy_RHC/Data/Playlist6C/MasterAnaDev_data_AnaTuple_run00025076_Playlist.root	1.1097097492433192e+18	1.1100522396386522e+18	1	17345		
RHC	data	6C	data25077	root://fndcadoor.fnal.gov:1095/pnfs/fnal.gov/usr/minerva/persistent/OpenData/MediumEnergy_RHC/Data/Playlist6C/MasterAnaDev_data_AnaTuple_run00025077_Playlist.root	1.2088511652929784e+18	1.2167359840979044e+18	1	18547		
RHC	data	6C	data25078	root://fndcadoor.fnal.gov:1095/pnfs/fnal.gov/usr/minerva/persistent/OpenData/MediumEnergy_RHC/Data/Playlist6C/MasterAnaDev_data_AnaTuple_run00025078_Playlist.root	1.1564080995714665e+18	1.156718833669174e+18	1	17903		
RHC	data	6C	data25079	root://fndcadoor.fnal.gov:1095/pnfs/fnal.gov/usr/minerva/persistent/OpenData/MediumEnergy_RHC/Data/Playlist6C/MasterAnaDev_data_AnaTuple_run00025079_Playlist.root	6.796551930406093e+17	1.2070234462551107e+18	1	10573		
RHC	data	6C	data25080	root://fndcadoor.fnal.gov:1095/pnfs/fnal.gov/usr/minerva/persistent/OpenData/MediumEnergy_RHC/Data/Playlist6C/MasterAnaDev_data_AnaTuple_run00025080_Playlist.root	1.0836832056727409e+18	1.243816979677029e+18	1	16735		
RHC	data	6C	data25081	root://fndcadoor.fnal.gov:1095/pnfs/fnal.gov/usr/minerva/persistent/OpenData/MediumEnergy_RHC/Data/Playlist6C/MasterAnaDev_data_AnaTuple_run00025081_Playlist.root	1.1048977528222202e+18	1.1126335106590533e+18	1	17248		
RHC	data	6C	data25082	root://fndcadoor.fnal.gov:1095/pnfs/fnal.gov/usr/minerva/persistent/OpenData/MediumEnergy_RHC/Data/Playlist6C/MasterAnaDev_data_AnaTuple_run00025082_Playlist.root	8.720222853846552e+17	1.0519541869914405e+18	1	13341		
RHC	data	6C	data25083	root://fndcadoor.fnal.gov:1095/pnfs/fnal.gov/usr/minerva/persistent/OpenData/MediumEnergy_RHC/Data/Playlist6C/MasterAnaDev_data_AnaTuple_run00025083_Playlist.root	9.26078762123585e+17	9.260733682289507e+17	1	14447		
RHC	data	6C	data25084	root://fndcadoor.fnal.gov:1095/pnfs/fnal.gov/usr/minerva/persistent/OpenData/MediumEnergy_RHC/Data/Playlist6C/MasterAnaDev_data_AnaTuple_run00025084_Playlist.root	1.1919447104520796e+18	1.2067341662696758e+18	1	18481		
RHC	data	6C	data25085	root://fndcadoor.fnal.gov:1095/pnfs/fnal.gov/usr/minerva/persistent/OpenData/MediumEnergy_RHC/Data/Playlist6C/MasterAnaDev_data_AnaTuple_run00025085_Playlist.root	1.2006700853400228e+18	1.2010037382403663e+18	1	18708		
RHC	data	6C	data25086	root://fndcadoor.fnal.gov:1095/pnfs/fnal.gov/usr/minerva/persistent/OpenData/MediumEnergy_RHC/Data/Playlist6C/MasterAnaDev_data_AnaTuple_run00025086_Playlist.root	6.534591472864151e+17	1.2342490517335939e+18	1	10107		
RHC	data	6C	data25087	root://fndcadoor.fnal.gov:1095/pnfs/fnal.gov/usr/minerva/persistent/OpenData/MediumEnergy_RHC/Data/Playlist6C/MasterAnaDev_data_AnaTuple_run00025087_Playlist.root	5.630322082912922e+17	1.2491256113600123e+18	1	8744		
RHC	data	6C	data25088	root://fndcadoor.fnal.gov:1095/pnfs/fnal.gov/usr/minerva/persistent/OpenData/MediumEnergy_RHC/Data/Playlist6C/MasterAnaDev_data_AnaTuple_run00025088_Playlist.root	1.2065210246834755e+18	1.2469914410516797e+18	1	18684		
RHC	data	6C	data25089	root://fndcadoor.fnal.gov:1095/pnfs/fnal.gov/usr/minerva/persistent/OpenData/MediumEnergy_RHC/Data/Playlist6C/MasterAnaDev_data_AnaTuple_run00025089_Playlist.root	1.2683144141914844e+18	1.2685901404277806e+18	1	19330		
RHC	data	6C	data25090	root://fndcadoor.fnal.gov:1095/pnfs/fnal.gov/usr/minerva/persistent/OpenData/MediumEnergy_RHC/Data/Playlist6C/MasterAnaDev_data_AnaTuple_run00025090_Playlist.root	1.2362023747868536e+18	1.2434454473449638e+18	1	19125		
RHC	data	6C	data25091	root://fndcadoor.fnal.gov:1095/pnfs/fnal.gov/usr/minerva/persistent/OpenData/MediumEnergy_RHC/Data/Playlist6C/MasterAnaDev_data_AnaTuple_run00025091_Playlist.root	1.3412688705897334e+18	1.341709877663636e+18	1	20750		
RHC	data	6C	data25092	root://fndcadoor.fnal.gov:1095/pnfs/fnal.gov/usr/minerva/persistent/OpenData/MediumEnergy_RHC/Data/Playlist6C/MasterAnaDev_data_AnaTuple_run00025092_Playlist.root	1.3175247706157563e+18	1.325563012422535e+18	1	20377		
RHC	data	6C	data25093	root://fndcadoor.fnal.gov:1095/pnfs/fnal.gov/usr/minerva/persistent/OpenData/MediumEnergy_RHC/Data/Playlist6C/MasterAnaDev_data_AnaTuple_run00025093_Playlist.root	1.3261600399351122e+18	1.326646006425644e+18	1	20620		
RHC	data	6C	data25094	root://fndcadoor.fnal.gov:1095/pnfs/fnal.gov/usr/minerva/persistent/OpenData/MediumEnergy_RHC/Data/Playlist6C/MasterAnaDev_data_AnaTuple_run00025094_Playlist.root	1.3320960458009843e+18	1.340069431628927e+18	1	20551		
RHC	data	6C	data25095	root://fndcadoor.fnal.gov:1095/pnfs/fnal.gov/usr/minerva/persistent/OpenData/MediumEnergy_RHC/Data/Playlist6C/MasterAnaDev_data_AnaTuple_run00025095_Playlist.root	1.3167107441058163e+18	1.3172464455497828e+18	1	20417		
RHC	data	6C	data25096	root://fndcadoor.fnal.gov:1095/pnfs/fnal.gov/usr/minerva/persistent/OpenData/MediumEnergy_RHC/Data/Playlist6C/MasterAnaDev_data_AnaTuple_run00025096_Playlist.root	1.3336600576791764e+18	1.3415325314440384e+18	1	20704		
RHC	data	6C	data25097	root://fndcadoor.fnal.gov:1095/pnfs/fnal.gov/usr/minerva/persistent/OpenData/MediumEnergy_RHC/Data/Playlist6C/MasterAnaDev_data_AnaTuple_run00025097_Playlist.root	1.0120969603005645e+18	1.012288757296328e+18	1	15616		
RHC	data	6C	data25098	root://fndcadoor.fnal.gov:1095/pnfs/fnal.gov/usr/minerva/persistent/OpenData/MediumEnergy_RHC/Data/Playlist6C/MasterAnaDev_data_AnaTuple_run00025098_Playlist.root	6.731715104897021e+17	6.734324569987946e+17	1	10583		
RHC	data	6C	data25099	root://fndcadoor.fnal.gov:1095/pnfs/fnal.gov/usr/minerva/persistent/OpenData/MediumEnergy_RHC/Data/Playlist6C/MasterAnaDev_data_AnaTuple_run00025099_Playlist.root	8.061024195723534e+17	8.10528442985976e+17	1	12513		
RHC	data	6C	data25100	root://fndcadoor.fnal.gov:1095/pnfs/fnal.gov/usr/minerva/persistent/OpenData/MediumEnergy_RHC/Data/Playlist6C/MasterAnaDev_data_AnaTuple_run00025100_Playlist.root	1.1813638340293765e+18	1.181549973280888e+18	1	18309		
RHC	data	6C	data25101	root://fndcadoor.fnal.gov:1095/pnfs/fnal.gov/usr/minerva/persistent/OpenData/MediumEnergy_RHC/Data/Playlist6C/MasterAnaDev_data_AnaTuple_run00025101_Playlist.root	7.820857146237495e+17	7.83584444525844e+17	1	12190		
RHC	data	6C	data25102	root://fndcadoor.fnal.gov:1095/pnfs/fnal.gov/usr/minerva/persistent/OpenData/MediumEnergy_RHC/Data/Playlist6C/MasterAnaDev_data_AnaTuple_run00025102_Playlist.root	8.972738161802293e+16	8.972707320072454e+16	1	1460		
RHC	data	6C	data25103	root://fndcadoor.fnal.gov:1095/pnfs/fnal.gov/usr/minerva/persistent/OpenData/MediumEnergy_RHC/Data/Playlist6C/MasterAnaDev_data_AnaTuple_run00025103_Playlist.root	6.968280806140899e+17	6.97588600737198e+17	1	11157		
RHC	data	6C	data25104	root://fndcadoor.fnal.gov:1095/pnfs/fnal.gov/usr/minerva/persistent/OpenData/MediumEnergy_RHC/Data/Playlist6C/MasterAnaDev_data_AnaTuple_run00025104_Playlist.root	5.321890836315156e+17	5.333652617094355e+17	1	8625		
RHC	data	6C	data25105	root://fndcadoor.fnal.gov:1095/pnfs/fnal.gov/usr/minerva/persistent/OpenData/MediumEnergy_RHC/Data/Playlist6C/MasterAnaDev_data_AnaTuple_run00025105_Playlist.root	7.020890716309548e+17	7.021759797843689e+17	1	11071		
RHC	data	6C	data25106	root://fndcadoor.fnal.gov:1095/pnfs/fnal.gov/usr/minerva/persistent/OpenData/MediumEnergy_RHC/Data/Playlist6C/MasterAnaDev_data_AnaTuple_run00025106_Playlist.root	9.527259894924164e+17	9.574390896222048e+17	1	14841		
RHC	data	6C	data25107	root://fndcadoor.fnal.gov:1095/pnfs/fnal.gov/usr/minerva/persistent/OpenData/MediumEnergy_RHC/Data/Playlist6C/MasterAnaDev_data_AnaTuple_run00025107_Playlist.root	6.592698084049225e+17	1.289425110356847e+18	1	10221		
RHC	data	6C	data25108	root://fndcadoor.fnal.gov:1095/pnfs/fnal.gov/usr/minerva/persistent/OpenData/MediumEnergy_RHC/Data/Playlist6C/MasterAnaDev_data_AnaTuple_run00025108_Playlist.root	2.6760541450500486e+17	9.980385899896869e+17	1	4190		
RHC	data	6C	data25109	root://fndcadoor.fnal.gov:1095/pnfs/fnal.gov/usr/minerva/persistent/OpenData/MediumEnergy_RHC/Data/Playlist6C/MasterAnaDev_data_AnaTuple_run00025109_Playlist.root	1.106958478140831e+18	1.107281544079153e+18	1	17232		
RHC	data	6C	data25110	root://fndcadoor.fnal.gov:1095/pnfs/fnal.gov/usr/minerva/persistent/OpenData/MediumEnergy_RHC/Data/Playlist6C/MasterAnaDev_data_AnaTuple_run00025110_Playlist.root	1.2133147362451556e+18	1.220839779548971e+18	1	18718		
RHC	data	6C	data25111	root://fndcadoor.fnal.gov:1095/pnfs/fnal.gov/usr/minerva/persistent/OpenData/MediumEnergy_RHC/Data/Playlist6C/MasterAnaDev_data_AnaTuple_run00025111_Playlist.root	1.2994369380829335e+18	1.2998228893798264e+18	1	20097		
RHC	data	6C	data25112	root://fndcadoor.fnal.gov:1095/pnfs/fnal.gov/usr/minerva/persistent/OpenData/MediumEnergy_RHC/Data/Playlist6C/MasterAnaDev_data_AnaTuple_run00025112_Playlist.root	9.135857876987459e+17	9.333452340464242e+17	1	14176		
RHC	data	6C	data25113	root://fndcadoor.fnal.gov:1095/pnfs/fnal.gov/usr/minerva/persistent/OpenData/MediumEnergy_RHC/Data/Playlist6C/MasterAnaDev_data_AnaTuple_run00025113_Playlist.root	8.328764315650463e+17	8.330466969806505e+17	1	12687		
RHC	data	6C	data25114	root://fndcadoor.fnal.gov:1095/pnfs/fnal.gov/usr/minerva/persistent/OpenData/MediumEnergy_RHC/Data/Playlist6C/MasterAnaDev_data_AnaTuple_run00025114_Playlist.root	1.3338338201072215e+18	1.34136929533389e+18	1	20769		
RHC	data	6C	data25115	root://fndcadoor.fnal.gov:1095/pnfs/fnal.gov/usr/minerva/persistent/OpenData/MediumEnergy_RHC/Data/Playlist6C/MasterAnaDev_data_AnaTuple_run00025115_Playlist.root	1.2977415139172076e+18	1.2980823619283139e+18	1	19783		
RHC	data	6C	data25116	root://fndcadoor.fnal.gov:1095/pnfs/fnal.gov/usr/minerva/persistent/OpenData/MediumEnergy_RHC/Data/Playlist6C/MasterAnaDev_data_AnaTuple_run00025116_Playlist.root	1.312930304703474e+18	1.319973448712177e+18	1	20166		
RHC	data	6C	data25117	root://fndcadoor.fnal.gov:1095/pnfs/fnal.gov/usr/minerva/persistent/OpenData/MediumEnergy_RHC/Data/Playlist6C/MasterAnaDev_data_AnaTuple_run00025117_Playlist.root	1.3022007687671183e+18	1.3025450938872852e+18	1	19888		
RHC	data	6C	data25118	root://fndcadoor.fnal.gov:1095/pnfs/fnal.gov/usr/minerva/persistent/OpenData/MediumEnergy_RHC/Data/Playlist6C/MasterAnaDev_data_AnaTuple_run00025118_Playlist.root	1.1949204087545277e+18	1.2022810398562588e+18	1	18428		
RHC	data	6C	data25119	root://fndcadoor.fnal.gov:1095/pnfs/fnal.gov/usr/minerva/persistent/OpenData/MediumEnergy_RHC/Data/Playlist6C/MasterAnaDev_data_AnaTuple_run00025119_Playlist.root	1.2772879556081298e+18	1.277717675360952e+18	1	19529		
RHC	data	6C	data25120	root://fndcadoor.fnal.gov:1095/pnfs/fnal.gov/usr/minerva/persistent/OpenData/MediumEnergy_RHC/Data/Playlist6C/MasterAnaDev_data_AnaTuple_run00025120_Playlist.root	1.3075492616734508e+18	1.3149326783356682e+18	1	20390		
RHC	data	6C	data25121	root://fndcadoor.fnal.gov:1095/pnfs/fnal.gov/usr/minerva/persistent/OpenData/MediumEnergy_RHC/Data/Playlist6C/MasterAnaDev_data_AnaTuple_run00025121_Playlist.root	1.3056533890118e+18	1.3060659930007596e+18	1	20021		
RHC	data	6C	data25122	root://fndcadoor.fnal.gov:1095/pnfs/fnal.gov/usr/minerva/persistent/OpenData/MediumEnergy_RHC/Data/Playlist6C/MasterAnaDev_data_AnaTuple_run00025122_Playlist.root	1.3075657333476544e+18	1.3152532426167288e+18	1	20142		
RHC	data	6C	data25123	root://fndcadoor.fnal.gov:1095/pnfs/fnal.gov/usr/minerva/persistent/OpenData/MediumEnergy_RHC/Data/Playlist6C/MasterAnaDev_data_AnaTuple_run00025123_Playlist.root	1.069816913022995e+18	1.1543505521846308e+18	1	16426		
RHC	data	6C	data25124	root://fndcadoor.fnal.gov:1095/pnfs/fnal.gov/usr/minerva/persistent/OpenData/MediumEnergy_RHC/Data/Playlist6C/MasterAnaDev_data_AnaTuple_run00025124_Playlist.root	1.1268156108148692e+18	1.1319652422827816e+18	1	17219		
RHC	data	6C	data25125	root://fndcadoor.fnal.gov:1095/pnfs/fnal.gov/usr/minerva/persistent/OpenData/MediumEnergy_RHC/Data/Playlist6C/MasterAnaDev_data_AnaTuple_run00025125_Playlist.root	1.163103662958264e+18	1.163191423838825e+18	1	18271		
RHC	data	6C	data25126	root://fndcadoor.fnal.gov:1095/pnfs/fnal.gov/usr/minerva/persistent/OpenData/MediumEnergy_RHC/Data/Playlist6C/MasterAnaDev_data_AnaTuple_run00025126_Playlist.root	1.0844837329179046e+18	1.0872876240717398e+18	1	16888		
RHC	data	6C	data25127	root://fndcadoor.fnal.gov:1095/pnfs/fnal.gov/usr/minerva/persistent/OpenData/MediumEnergy_RHC/Data/Playlist6C/MasterAnaDev_data_AnaTuple_run00025127_Playlist.root	1.161988541182995e+18	1.162182439695696e+18	1	18174		
RHC	data	6C	data25128	root://fndcadoor.fnal.gov:1095/pnfs/fnal.gov/usr/minerva/persistent/OpenData/MediumEnergy_RHC/Data/Playlist6C/MasterAnaDev_data_AnaTuple_run00025128_Playlist.root	1.2615557558470367e+18	1.2665643752689467e+18	1	19350		
RHC	data	6C	data25129	root://fndcadoor.fnal.gov:1095/pnfs/fnal.gov/usr/minerva/persistent/OpenData/MediumEnergy_RHC/Data/Playlist6C/MasterAnaDev_data_AnaTuple_run00025129_Playlist.root	1.3533955494930744e+18	1.3537858683936852e+18	1	20933		
RHC	data	6C	data25130	root://fndcadoor.fnal.gov:1095/pnfs/fnal.gov/usr/minerva/persistent/OpenData/MediumEnergy_RHC/Data/Playlist6C/MasterAnaDev_data_AnaTuple_run00025130_Playlist.root	1.3271244537081715e+18	1.350285132850842e+18	1	20450		
RHC	data	6C	data25131	root://fndcadoor.fnal.gov:1095/pnfs/fnal.gov/usr/minerva/persistent/OpenData/MediumEnergy_RHC/Data/Playlist6C/MasterAnaDev_data_AnaTuple_run00025131_Playlist.root	1.2529367460615636e+18	1.3369095976027228e+18	1	19313		
RHC	data	6C	data25132	root://fndcadoor.fnal.gov:1095/pnfs/fnal.gov/usr/minerva/persistent/OpenData/MediumEnergy_RHC/Data/Playlist6C/MasterAnaDev_data_AnaTuple_run00025132_Playlist.root	1.22052014699018e+18	1.2208622958268442e+18	1	19062		
RHC	data	6C	data25133	root://fndcadoor.fnal.gov:1095/pnfs/fnal.gov/usr/minerva/persistent/OpenData/MediumEnergy_RHC/Data/Playlist6C/MasterAnaDev_data_AnaTuple_run00025133_Playlist.root	1.178149232653618e+18	1.1853814910893606e+18	1	18301		
RHC	data	6C	data25134	root://fndcadoor.fnal.gov:1095/pnfs/fnal.gov/usr/minerva/persistent/OpenData/MediumEnergy_RHC/Data/Playlist6C/MasterAnaDev_data_AnaTuple_run00025134_Playlist.root	1.332412253059149e+18	1.3325112304705037e+18	1	20651		
RHC	data	6C	data25135	root://fndcadoor.fnal.gov:1095/pnfs/fnal.gov/usr/minerva/persistent/OpenData/MediumEnergy_RHC/Data/Playlist6C/MasterAnaDev_data_AnaTuple_run00025135_Playlist.root	1.2623113101000783e+18	1.2694361893595858e+18	1	19539		
RHC	data	6C	data25136	root://fndcadoor.fnal.gov:1095/pnfs/fnal.gov/usr/minerva/persistent/OpenData/MediumEnergy_RHC/Data/Playlist6C/MasterAnaDev_data_AnaTuple_run00025136_Playlist.root	7.13637267674923e+17	1.3576923512337615e+18	1	11026		
RHC	data	6C	data25137	root://fndcadoor.fnal.gov:1095/pnfs/fnal.gov/usr/minerva/persistent/OpenData/MediumEnergy_RHC/Data/Playlist6C/MasterAnaDev_data_AnaTuple_run00025137_Playlist.root	1.2939496524379254e+18	1.34218742672303e+18	1	19851		
RHC	data	6C	data25138	root://fndcadoor.fnal.gov:1095/pnfs/fnal.gov/usr/minerva/persistent/OpenData/MediumEnergy_RHC/Data/Playlist6C/MasterAnaDev_data_AnaTuple_run00025138_Playlist.root	1.3180608346704243e+18	1.318350104886437e+18	1	20191		
RHC	data	6C	data25139	root://fndcadoor.fnal.gov:1095/pnfs/fnal.gov/usr/minerva/persistent/OpenData/MediumEnergy_RHC/Data/Playlist6C/MasterAnaDev_data_AnaTuple_run00025139_Playlist.root	1.265147300197601e+18	1.2726869412770399e+18	1	19557		
RHC	data	6C	data25140	root://fndcadoor.fnal.gov:1095/pnfs/fnal.gov/usr/minerva/persistent/OpenData/MediumEnergy_RHC/Data/Playlist6C/MasterAnaDev_data_AnaTuple_run00025140_Playlist.root	5.379855110435486e+17	5.4633268279091085e+17	1	8265		
RHC	data	6C	data25150	root://fndcadoor.fnal.gov:1095/pnfs/fnal.gov/usr/minerva/persistent/OpenData/MediumEnergy_RHC/Data/Playlist6C/MasterAnaDev_data_AnaTuple_run00025150_Playlist.root	1.3376389089040758e+18	1.3452042399303798e+18	1	20657		
RHC	data	6C	data25151	root://fndcadoor.fnal.gov:1095/pnfs/fnal.gov/usr/minerva/persistent/OpenData/MediumEnergy_RHC/Data/Playlist6C/MasterAnaDev_data_AnaTuple_run00025151_Playlist.root	2.6629927993059155e+17	2.6629995669560742e+17	1	4098		
RHC	data	6C	data25161	root://fndcadoor.fnal.gov:1095/pnfs/fnal.gov/usr/minerva/persistent/OpenData/MediumEnergy_RHC/Data/Playlist6C/MasterAnaDev_data_AnaTuple_run00025161_Playlist.root	1.1841713533849718e+18	1.1845651135565194e+18	1	18283		
RHC	data	6C	data25162	root://fndcadoor.fnal.gov:1095/pnfs/fnal.gov/usr/minerva/persistent/OpenData/MediumEnergy_RHC/Data/Playlist6C/MasterAnaDev_data_AnaTuple_run00025162_Playlist.root	1.2241325189790723e+18	1.2311281558075016e+18	1	19087		
RHC	data	6C	data25163	root://fndcadoor.fnal.gov:1095/pnfs/fnal.gov/usr/minerva/persistent/OpenData/MediumEnergy_RHC/Data/Playlist6C/MasterAnaDev_data_AnaTuple_run00025163_Playlist.root	1.3213764488958118e+18	1.3217214768985357e+18	1	20241		
RHC	data	6C	data25164	root://fndcadoor.fnal.gov:1095/pnfs/fnal.gov/usr/minerva/persistent/OpenData/MediumEnergy_RHC/Data/Playlist6C/MasterAnaDev_data_AnaTuple_run00025164_Playlist.root	1.2792791312360765e+18	1.2869849060232374e+18	1	19703		
RHC	data	6C	data25165	root://fndcadoor.fnal.gov:1095/pnfs/fnal.gov/usr/minerva/persistent/OpenData/MediumEnergy_RHC/Data/Playlist6C/MasterAnaDev_data_AnaTuple_run00025165_Playlist.root	1.3721016901044844e+18	1.3722987434986202e+18	1	21248		
RHC	data	6C	data25166	root://fndcadoor.fnal.gov:1095/pnfs/fnal.gov/usr/minerva/persistent/OpenData/MediumEnergy_RHC/Data/Playlist6C/MasterAnaDev_data_AnaTuple_run00025166_Playlist.root	1.2728435948193075e+18	1.2730412082070894e+18	1	19760		
RHC	data	6C	data25167	root://fndcadoor.fnal.gov:1095/pnfs/fnal.gov/usr/minerva/persistent/OpenData/MediumEnergy_RHC/Data/Playlist6C/MasterAnaDev_data_AnaTuple_run00025167_Playlist.root	1.2673840386714934e+18	1.2718341152814976e+18	1	19403		
RHC	data	6C	data25168	root://fndcadoor.fnal.gov:1095/pnfs/fnal.gov/usr/minerva/persistent/OpenData/MediumEnergy_RHC/Data/Playlist6C/MasterAnaDev_data_AnaTuple_run00025168_Playlist.root	1.383841267307282e+18	1.3918010038335521e+18	1	21296		
RHC	data	6C	data25169	root://fndcadoor.fnal.gov:1095/pnfs/fnal.gov/usr/minerva/persistent/OpenData/MediumEnergy_RHC/Data/Playlist6C/MasterAnaDev_data_AnaTuple_run00025169_Playlist.root	1.410310968585014e+18	1.4204026113864812e+18	1	21749		
RHC	data	6C	data25170	root://fndcadoor.fnal.gov:1095/pnfs/fnal.gov/usr/minerva/persistent/OpenData/MediumEnergy_RHC/Data/Playlist6C/MasterAnaDev_data_AnaTuple_run00025170_Playlist.root	1.4024964062328338e+18	1.40289480010657e+18	1	21713		
RHC	data	6C	data25171	root://fndcadoor.fnal.gov:1095/pnfs/fnal.gov/usr/minerva/persistent/OpenData/MediumEnergy_RHC/Data/Playlist6C/MasterAnaDev_data_AnaTuple_run00025171_Playlist.root	1.3467746170716288e+18	1.3469714204260984e+18	1	20548		
RHC	data	6C	data25172	root://fndcadoor.fnal.gov:1095/pnfs/fnal.gov/usr/minerva/persistent/OpenData/MediumEnergy_RHC/Data/Playlist6C/MasterAnaDev_data_AnaTuple_run00025172_Playlist.root	1.3066812106797696e+18	1.3153555155847483e+18	1	20191		
RHC	data	6C	data25173	root://fndcadoor.fnal.gov:1095/pnfs/fnal.gov/usr/minerva/persistent/OpenData/MediumEnergy_RHC/Data/Playlist6C/MasterAnaDev_data_AnaTuple_run00025173_Playlist.root	1.226175412979603e+18	1.226571590397034e+18	1	18952		
RHC	data	6D	data25174	root://fndcadoor.fnal.gov:1095/pnfs/fnal.gov/usr/minerva/persistent/OpenData/MediumEnergy_RHC/Data/Playlist6D/MasterAnaDev_data_AnaTuple_run00025174_Playlist.root	1.36685083934021e+18	1.3738281081028375e+18	1	21185		
RHC	data	6D	data25175	root://fndcadoor.fnal.gov:1095/pnfs/fnal.gov/usr/minerva/persistent/OpenData/MediumEnergy_RHC/Data/Playlist6D/MasterAnaDev_data_AnaTuple_run00025175_Playlist.root	1.2867792561731336e+18	1.2871272814699325e+18	1	19651		
RHC	data	6D	data25176	root://fndcadoor.fnal.gov:1095/pnfs/fnal.gov/usr/minerva/persistent/OpenData/MediumEnergy_RHC/Data/Playlist6D/MasterAnaDev_data_AnaTuple_run00025176_Playlist.root	1.2432377724211218e+18	1.2518301715469437e+18	1	19314		
RHC	data	6D	data25177	root://fndcadoor.fnal.gov:1095/pnfs/fnal.gov/usr/minerva/persistent/OpenData/MediumEnergy_RHC/Data/Playlist6D/MasterAnaDev_data_AnaTuple_run00025177_Playlist.root	1.309141957567692e+18	1.3095307279766707e+18	1	20264		
RHC	data	6D	data25178	root://fndcadoor.fnal.gov:1095/pnfs/fnal.gov/usr/minerva/persistent/OpenData/MediumEnergy_RHC/Data/Playlist6D/MasterAnaDev_data_AnaTuple_run00025178_Playlist.root	5.798860940361023e+17	1.3830286067779249e+18	1	9020		
RHC	data	6D	data25179	root://fndcadoor.fnal.gov:1095/pnfs/fnal.gov/usr/minerva/persistent/OpenData/MediumEnergy_RHC/Data/Playlist6D/MasterAnaDev_data_AnaTuple_run00025179_Playlist.root	1.3601512997446057e+18	1.3602974315434934e+18	1	20924		
RHC	data	6D	data25180	root://fndcadoor.fnal.gov:1095/pnfs/fnal.gov/usr/minerva/persistent/OpenData/MediumEnergy_RHC/Data/Playlist6D/MasterAnaDev_data_AnaTuple_run00025180_Playlist.root	8.558218196496961e+17	8.59150337616479e+17	1	13564		
RHC	data	6D	data25181	root://fndcadoor.fnal.gov:1095/pnfs/fnal.gov/usr/minerva/persistent/OpenData/MediumEnergy_RHC/Data/Playlist6D/MasterAnaDev_data_AnaTuple_run00025181_Playlist.root	7.986797176682949e+17	7.989453027574244e+17	1	12623		
RHC	data	6D	data25182	root://fndcadoor.fnal.gov:1095/pnfs/fnal.gov/usr/minerva/persistent/OpenData/MediumEnergy_RHC/Data/Playlist6D/MasterAnaDev_data_AnaTuple_run00025182_Playlist.root	1.1132266740034222e+18	1.1205854174628737e+18	1	17328		
RHC	data	6D	data25183	root://fndcadoor.fnal.gov:1095/pnfs/fnal.gov/usr/minerva/persistent/OpenData/MediumEnergy_RHC/Data/Playlist6D/MasterAnaDev_data_AnaTuple_run00025183_Playlist.root	1.3000372889213565e+18	1.324448567244533e+18	1	20148		
RHC	data	6D	data25184	root://fndcadoor.fnal.gov:1095/pnfs/fnal.gov/usr/minerva/persistent/OpenData/MediumEnergy_RHC/Data/Playlist6D/MasterAnaDev_data_AnaTuple_run00025184_Playlist.root	1.1672196925061345e+18	1.1750565622952924e+18	1	18037		
RHC	data	6D	data25185	root://fndcadoor.fnal.gov:1095/pnfs/fnal.gov/usr/minerva/persistent/OpenData/MediumEnergy_RHC/Data/Playlist6D/MasterAnaDev_data_AnaTuple_run00025185_Playlist.root	1.2214293282914163e+18	1.221712632049545e+18	1	18750		
RHC	data	6D	data25186	root://fndcadoor.fnal.gov:1095/pnfs/fnal.gov/usr/minerva/persistent/OpenData/MediumEnergy_RHC/Data/Playlist6D/MasterAnaDev_data_AnaTuple_run00025186_Playlist.root	1.306769098576546e+18	1.314397825208542e+18	1	20124		
RHC	data	6D	data25187	root://fndcadoor.fnal.gov:1095/pnfs/fnal.gov/usr/minerva/persistent/OpenData/MediumEnergy_RHC/Data/Playlist6D/MasterAnaDev_data_AnaTuple_run00025187_Playlist.root	1.3953855970726016e+18	1.3957330550621737e+18	1	21446		
RHC	data	6D	data25188	root://fndcadoor.fnal.gov:1095/pnfs/fnal.gov/usr/minerva/persistent/OpenData/MediumEnergy_RHC/Data/Playlist6D/MasterAnaDev_data_AnaTuple_run00025188_Playlist.root	1.3810476659889219e+18	1.381343552913166e+18	1	21105		
RHC	data	6D	data25189	root://fndcadoor.fnal.gov:1095/pnfs/fnal.gov/usr/minerva/persistent/OpenData/MediumEnergy_RHC/Data/Playlist6D/MasterAnaDev_data_AnaTuple_run00025189_Playlist.root	6.452064861297608e+16	1.0655170813276944e+17	1	997		
RHC	data	6D	data25190	root://fndcadoor.fnal.gov:1095/pnfs/fnal.gov/usr/minerva/persistent/OpenData/MediumEnergy_RHC/Data/Playlist6D/MasterAnaDev_data_AnaTuple_run00025190_Playlist.root	1.3168444196372032e+18	1.3172355228824658e+18	1	20088		
RHC	data	6D	data25191	root://fndcadoor.fnal.gov:1095/pnfs/fnal.gov/usr/minerva/persistent/OpenData/MediumEnergy_RHC/Data/Playlist6D/MasterAnaDev_data_AnaTuple_run00025191_Playlist.root	1.2735313456602094e+18	1.3327111688825362e+18	1	19442		
RHC	data	6D	data25192	root://fndcadoor.fnal.gov:1095/pnfs/fnal.gov/usr/minerva/persistent/OpenData/MediumEnergy_RHC/Data/Playlist6D/MasterAnaDev_data_AnaTuple_run00025192_Playlist.root	1.2782998926892283e+18	1.286237099369783e+18	1	19704		
RHC	data	6D	data25193	root://fndcadoor.fnal.gov:1095/pnfs/fnal.gov/usr/minerva/persistent/OpenData/MediumEnergy_RHC/Data/Playlist6D/MasterAnaDev_data_AnaTuple_run00025193_Playlist.root	1.2950776602325437e+18	1.295514374773087e+18	1	19945		
RHC	data	6D	data25194	root://fndcadoor.fnal.gov:1095/pnfs/fnal.gov/usr/minerva/persistent/OpenData/MediumEnergy_RHC/Data/Playlist6D/MasterAnaDev_data_AnaTuple_run00025194_Playlist.root	1.3009530993318556e+18	1.3096259238042112e+18	1	19992		
RHC	data	6D	data25195	root://fndcadoor.fnal.gov:1095/pnfs/fnal.gov/usr/minerva/persistent/OpenData/MediumEnergy_RHC/Data/Playlist6D/MasterAnaDev_data_AnaTuple_run00025195_Playlist.root	1.2611098450012206e+18	1.293968589726417e+18	1	19244		
RHC	data	6D	data25196	root://fndcadoor.fnal.gov:1095/pnfs/fnal.gov/usr/minerva/persistent/OpenData/MediumEnergy_RHC/Data/Playlist6D/MasterAnaDev_data_AnaTuple_run00025196_Playlist.root	1.3529536790480614e+18	1.361625924344806e+18	1	20774		
RHC	data	6D	data25197	root://fndcadoor.fnal.gov:1095/pnfs/fnal.gov/usr/minerva/persistent/OpenData/MediumEnergy_RHC/Data/Playlist6D/MasterAnaDev_data_AnaTuple_run00025197_Playlist.root	1.3733250032920832e+18	1.373811699135577e+18	1	21089		
RHC	data	6D	data25198	root://fndcadoor.fnal.gov:1095/pnfs/fnal.gov/usr/minerva/persistent/OpenData/MediumEnergy_RHC/Data/Playlist6D/MasterAnaDev_data_AnaTuple_run00025198_Playlist.root	1.2858285365673897e+18	1.2942368346171474e+18	1	19985		
RHC	data	6D	data25199	root://fndcadoor.fnal.gov:1095/pnfs/fnal.gov/usr/minerva/persistent/OpenData/MediumEnergy_RHC/Data/Playlist6D/MasterAnaDev_data_AnaTuple_run00025199_Playlist.root	1.3354093246470093e+18	1.3358005920535212e+18	1	20531		
RHC	data	6D	data25200	root://fndcadoor.fnal.gov:1095/pnfs/fnal.gov/usr/minerva/persistent/OpenData/MediumEnergy_RHC/Data/Playlist6D/MasterAnaDev_data_AnaTuple_run00025200_Playlist.root	1.3554455205419064e+18	1.370952484441085e+18	1	20981		
RHC	data	6D	data25201	root://fndcadoor.fnal.gov:1095/pnfs/fnal.gov/usr/minerva/persistent/OpenData/MediumEnergy_RHC/Data/Playlist6D/MasterAnaDev_data_AnaTuple_run00025201_Playlist.root	1.383689979005575e+18	1.3839878389149978e+18	1	21193		
RHC	data	6D	data25202	root://fndcadoor.fnal.gov:1095/pnfs/fnal.gov/usr/minerva/persistent/OpenData/MediumEnergy_RHC/Data/Playlist6D/MasterAnaDev_data_AnaTuple_run00025202_Playlist.root	1.351097112199784e+18	1.351542466612742e+18	1	20648		
RHC	data	6D	data25203	root://fndcadoor.fnal.gov:1095/pnfs/fnal.gov/usr/minerva/persistent/OpenData/MediumEnergy_RHC/Data/Playlist6D/MasterAnaDev_data_AnaTuple_run00025203_Playlist.root	1.3101102517335414e+18	1.3179195321233362e+18	1	20012		
RHC	data	6D	data25204	root://fndcadoor.fnal.gov:1095/pnfs/fnal.gov/usr/minerva/persistent/OpenData/MediumEnergy_RHC/Data/Playlist6D/MasterAnaDev_data_AnaTuple_run00025204_Playlist.root	1.3245586333417892e+18	1.3248092143963784e+18	1	20398		
RHC	data	6D	data25205	root://fndcadoor.fnal.gov:1095/pnfs/fnal.gov/usr/minerva/persistent/OpenData/MediumEnergy_RHC/Data/Playlist6D/MasterAnaDev_data_AnaTuple_run00025205_Playlist.root	1.2627832536864282e+18	1.3684271543415068e+18	1	19590		
RHC	data	6D	data25206	root://fndcadoor.fnal.gov:1095/pnfs/fnal.gov/usr/minerva/persistent/OpenData/MediumEnergy_RHC/Data/Playlist6D/MasterAnaDev_data_AnaTuple_run00025206_Playlist.root	1.368709861049533e+18	1.4008266987573087e+18	1	21033		
RHC	data	6D	data25207	root://fndcadoor.fnal.gov:1095/pnfs/fnal.gov/usr/minerva/persistent/OpenData/MediumEnergy_RHC/Data/Playlist6D/MasterAnaDev_data_AnaTuple_run00025207_Playlist.root	1.3039950194501878e+18	1.306591345546414e+18	1	19933		
RHC	data	6D	data25208	root://fndcadoor.fnal.gov:1095/pnfs/fnal.gov/usr/minerva/persistent/OpenData/MediumEnergy_RHC/Data/Playlist6D/MasterAnaDev_data_AnaTuple_run00025208_Playlist.root	1.2873239114418033e+18	1.3484465927516854e+18	1	19716		
RHC	data	6D	data25209	root://fndcadoor.fnal.gov:1095/pnfs/fnal.gov/usr/minerva/persistent/OpenData/MediumEnergy_RHC/Data/Playlist6D/MasterAnaDev_data_AnaTuple_run00025209_Playlist.root	1.37584427411747e+18	1.3762984985327183e+18	1	21144		
RHC	data	6D	data25210	root://fndcadoor.fnal.gov:1095/pnfs/fnal.gov/usr/minerva/persistent/OpenData/MediumEnergy_RHC/Data/Playlist6D/MasterAnaDev_data_AnaTuple_run00025210_Playlist.root	1.3416742207870482e+18	1.3494212466321508e+18	1	20564		
RHC	data	6D	data25211	root://fndcadoor.fnal.gov:1095/pnfs/fnal.gov/usr/minerva/persistent/OpenData/MediumEnergy_RHC/Data/Playlist6D/MasterAnaDev_data_AnaTuple_run00025211_Playlist.root	1.3939017751438615e+18	1.39409815774993e+18	1	21416		
RHC	data	6D	data25212	root://fndcadoor.fnal.gov:1095/pnfs/fnal.gov/usr/minerva/persistent/OpenData/MediumEnergy_RHC/Data/Playlist6D/MasterAnaDev_data_AnaTuple_run00025212_Playlist.root	1.0634972369132042e+18	1.0669447229345321e+18	1	16522		
RHC	data	6D	data25213	root://fndcadoor.fnal.gov:1095/pnfs/fnal.gov/usr/minerva/persistent/OpenData/MediumEnergy_RHC/Data/Playlist6D/MasterAnaDev_data_AnaTuple_run00025213_Playlist.root	1.3496485617698435e+18	1.353857498928694e+18	1	20828		
RHC	data	6D	data25214	root://fndcadoor.fnal.gov:1095/pnfs/fnal.gov/usr/minerva/persistent/OpenData/MediumEnergy_RHC/Data/Playlist6D/MasterAnaDev_data_AnaTuple_run00025214_Playlist.root	1.3594868139066698e+18	1.3599233244910804e+18	1	20928		
RHC	data	6D	data25215	root://fndcadoor.fnal.gov:1095/pnfs/fnal.gov/usr/minerva/persistent/OpenData/MediumEnergy_RHC/Data/Playlist6D/MasterAnaDev_data_AnaTuple_run00025215_Playlist.root	1.2774533822293878e+18	1.2820883502462461e+18	1	19433		
RHC	data	6D	data25216	root://fndcadoor.fnal.gov:1095/pnfs/fnal.gov/usr/minerva/persistent/OpenData/MediumEnergy_RHC/Data/Playlist6D/MasterAnaDev_data_AnaTuple_run00025216_Playlist.root	1.3839601348962783e+18	1.384406047711134e+18	1	21121		
RHC	data	6D	data25217	root://fndcadoor.fnal.gov:1095/pnfs/fnal.gov/usr/minerva/persistent/OpenData/MediumEnergy_RHC/Data/Playlist6D/MasterAnaDev_data_AnaTuple_run00025217_Playlist.root	9.481698345230816e+17	9.566701426035877e+17	1	14564		
RHC	data	6D	data25218	root://fndcadoor.fnal.gov:1095/pnfs/fnal.gov/usr/minerva/persistent/OpenData/MediumEnergy_RHC/Data/Playlist6D/MasterAnaDev_data_AnaTuple_run00025218_Playlist.root	1.3355810067865848e+18	1.3359235982000003e+18	1	20565		
RHC	data	6D	data25219	root://fndcadoor.fnal.gov:1095/pnfs/fnal.gov/usr/minerva/persistent/OpenData/MediumEnergy_RHC/Data/Playlist6D/MasterAnaDev_data_AnaTuple_run00025219_Playlist.root	1.2815617622954844e+18	1.2898329887383716e+18	1	19860		
RHC	data	6D	data25220	root://fndcadoor.fnal.gov:1095/pnfs/fnal.gov/usr/minerva/persistent/OpenData/MediumEnergy_RHC/Data/Playlist6D/MasterAnaDev_data_AnaTuple_run00025220_Playlist.root	1.1027150425408485e+18	1.1028590527462193e+18	1	16885		
RHC	data	6D	data25222	root://fndcadoor.fnal.gov:1095/pnfs/fnal.gov/usr/minerva/persistent/OpenData/MediumEnergy_RHC/Data/Playlist6D/MasterAnaDev_data_AnaTuple_run00025222_Playlist.root	1.26854198015219e+18	1.2773220826994637e+18	1	19623		
RHC	data	6D	data25223	root://fndcadoor.fnal.gov:1095/pnfs/fnal.gov/usr/minerva/persistent/OpenData/MediumEnergy_RHC/Data/Playlist6D/MasterAnaDev_data_AnaTuple_run00025223_Playlist.root	1.3042433839359283e+18	1.3046345215243535e+18	1	19791		
RHC	data	6D	data25224	root://fndcadoor.fnal.gov:1095/pnfs/fnal.gov/usr/minerva/persistent/OpenData/MediumEnergy_RHC/Data/Playlist6D/MasterAnaDev_data_AnaTuple_run00025224_Playlist.root	1.3377877822122578e+18	1.3552479182317512e+18	1	20703		
RHC	data	6D	data25225	root://fndcadoor.fnal.gov:1095/pnfs/fnal.gov/usr/minerva/persistent/OpenData/MediumEnergy_RHC/Data/Playlist6D/MasterAnaDev_data_AnaTuple_run00025225_Playlist.root	1.310690834463954e+18	1.334783448579319e+18	1	20379		
RHC	data	6D	data25226	root://fndcadoor.fnal.gov:1095/pnfs/fnal.gov/usr/minerva/persistent/OpenData/MediumEnergy_RHC/Data/Playlist6D/MasterAnaDev_data_AnaTuple_run00025226_Playlist.root	1.351879676074982e+18	1.3782004787270047e+18	1	20695		
RHC	data	6D	data25227	root://fndcadoor.fnal.gov:1095/pnfs/fnal.gov/usr/minerva/persistent/OpenData/MediumEnergy_RHC/Data/Playlist6D/MasterAnaDev_data_AnaTuple_run00025227_Playlist.root	1.3112514072849748e+18	1.3116484361217454e+18	1	20416		
RHC	data	6D	data25228	root://fndcadoor.fnal.gov:1095/pnfs/fnal.gov/usr/minerva/persistent/OpenData/MediumEnergy_RHC/Data/Playlist6D/MasterAnaDev_data_AnaTuple_run00025228_Playlist.root	1.3321612890920632e+18	1.340782935087866e+18	1	20459		
RHC	data	6D	data25229	root://fndcadoor.fnal.gov:1095/pnfs/fnal.gov/usr/minerva/persistent/OpenData/MediumEnergy_RHC/Data/Playlist6D/MasterAnaDev_data_AnaTuple_run00025229_Playlist.root	1.380090781041145e+18	1.38028741602833e+18	1	21050		
RHC	data	6D	data25230	root://fndcadoor.fnal.gov:1095/pnfs/fnal.gov/usr/minerva/persistent/OpenData/MediumEnergy_RHC/Data/Playlist6D/MasterAnaDev_data_AnaTuple_run00025230_Playlist.root	1.371415860273838e+18	1.3795620888703926e+18	1	20994		
RHC	data	6D	data25231	root://fndcadoor.fnal.gov:1095/pnfs/fnal.gov/usr/minerva/persistent/OpenData/MediumEnergy_RHC/Data/Playlist6D/MasterAnaDev_data_AnaTuple_run00025231_Playlist.root	1.3108418288289308e+18	1.3111890913478164e+18	1	20212		
RHC	data	6D	data25232	root://fndcadoor.fnal.gov:1095/pnfs/fnal.gov/usr/minerva/persistent/OpenData/MediumEnergy_RHC/Data/Playlist6D/MasterAnaDev_data_AnaTuple_run00025232_Playlist.root	9.278648502635955e+17	1.3426440008206464e+18	1	14174		
RHC	data	6D	data25233	root://fndcadoor.fnal.gov:1095/pnfs/fnal.gov/usr/minerva/persistent/OpenData/MediumEnergy_RHC/Data/Playlist6D/MasterAnaDev_data_AnaTuple_run00025233_Playlist.root	1.3692612702555663e+18	1.3696075899611395e+18	1	21143		
RHC	data	6D	data25234	root://fndcadoor.fnal.gov:1095/pnfs/fnal.gov/usr/minerva/persistent/OpenData/MediumEnergy_RHC/Data/Playlist6D/MasterAnaDev_data_AnaTuple_run00025234_Playlist.root	1.269117799212456e+18	1.2776575423793308e+18	1	19468		
RHC	data	6D	data25235	root://fndcadoor.fnal.gov:1095/pnfs/fnal.gov/usr/minerva/persistent/OpenData/MediumEnergy_RHC/Data/Playlist6D/MasterAnaDev_data_AnaTuple_run00025235_Playlist.root	1.3319768091697687e+18	1.3323220591216765e+18	1	20174		
RHC	data	6D	data25236	root://fndcadoor.fnal.gov:1095/pnfs/fnal.gov/usr/minerva/persistent/OpenData/MediumEnergy_RHC/Data/Playlist6D/MasterAnaDev_data_AnaTuple_run00025236_Playlist.root	1.2304904574391841e+18	1.2389870435178248e+18	1	18965		
RHC	data	6D	data25237	root://fndcadoor.fnal.gov:1095/pnfs/fnal.gov/usr/minerva/persistent/OpenData/MediumEnergy_RHC/Data/Playlist6D/MasterAnaDev_data_AnaTuple_run00025237_Playlist.root	1.3068010009245873e+18	1.338587347049763e+18	1	19937		
RHC	data	6D	data25238	root://fndcadoor.fnal.gov:1095/pnfs/fnal.gov/usr/minerva/persistent/OpenData/MediumEnergy_RHC/Data/Playlist6D/MasterAnaDev_data_AnaTuple_run00025238_Playlist.root	1.5609276281476022e+17	1.5629231149038534e+17	1	2355		
RHC	data	6D	data25239	root://fndcadoor.fnal.gov:1095/pnfs/fnal.gov/usr/minerva/persistent/OpenData/MediumEnergy_RHC/Data/Playlist6D/MasterAnaDev_data_AnaTuple_run00025239_Playlist.root	1.2873204725332262e+18	1.287496912391009e+18	1	20009		
RHC	data	6D	data25240	root://fndcadoor.fnal.gov:1095/pnfs/fnal.gov/usr/minerva/persistent/OpenData/MediumEnergy_RHC/Data/Playlist6D/MasterAnaDev_data_AnaTuple_run00025240_Playlist.root	7.66300281311989e+17	7.744306445236264e+17	1	11720		
RHC	data	6D	data25241	root://fndcadoor.fnal.gov:1095/pnfs/fnal.gov/usr/minerva/persistent/OpenData/MediumEnergy_RHC/Data/Playlist6D/MasterAnaDev_data_AnaTuple_run00025241_Playlist.root	1.339605546284199e+18	1.3398020332699384e+18	1	20328		
RHC	data	6D	data25242	root://fndcadoor.fnal.gov:1095/pnfs/fnal.gov/usr/minerva/persistent/OpenData/MediumEnergy_RHC/Data/Playlist6D/MasterAnaDev_data_AnaTuple_run00025242_Playlist.root	9.940304972021577e+17	9.942832511788408e+17	1	15464		
RHC	data	6D	data25243	root://fndcadoor.fnal.gov:1095/pnfs/fnal.gov/usr/minerva/persistent/OpenData/MediumEnergy_RHC/Data/Playlist6D/MasterAnaDev_data_AnaTuple_run00025243_Playlist.root	1.2284571128163333e+18	1.2561330977179694e+18	1	19023		
RHC	data	6D	data25244	root://fndcadoor.fnal.gov:1095/pnfs/fnal.gov/usr/minerva/persistent/OpenData/MediumEnergy_RHC/Data/Playlist6D/MasterAnaDev_data_AnaTuple_run00025244_Playlist.root	1.2439590093172787e+18	1.2442458258831613e+18	1	19298		
RHC	data	6D	data25245	root://fndcadoor.fnal.gov:1095/pnfs/fnal.gov/usr/minerva/persistent/OpenData/MediumEnergy_RHC/Data/Playlist6D/MasterAnaDev_data_AnaTuple_run00025245_Playlist.root	1.2975788273103237e+18	1.3053206821122683e+18	1	20023		
RHC	data	6D	data25246	root://fndcadoor.fnal.gov:1095/pnfs/fnal.gov/usr/minerva/persistent/OpenData/MediumEnergy_RHC/Data/Playlist6D/MasterAnaDev_data_AnaTuple_run00025246_Playlist.root	1.3773491804107428e+18	1.3777883112037596e+18	1	21415		
RHC	data	6D	data25247	root://fndcadoor.fnal.gov:1095/pnfs/fnal.gov/usr/minerva/persistent/OpenData/MediumEnergy_RHC/Data/Playlist6D/MasterAnaDev_data_AnaTuple_run00025247_Playlist.root	9.95559740323901e+17	1.0025099751112703e+18	1	15413		
RHC	data	6D	data25248	root://fndcadoor.fnal.gov:1095/pnfs/fnal.gov/usr/minerva/persistent/OpenData/MediumEnergy_RHC/Data/Playlist6D/MasterAnaDev_data_AnaTuple_run00025248_Playlist.root	1.3600144958462715e+18	1.3607636979032955e+18	1	20717		
RHC	data	6D	data25249	root://fndcadoor.fnal.gov:1095/pnfs/fnal.gov/usr/minerva/persistent/OpenData/MediumEnergy_RHC/Data/Playlist6D/MasterAnaDev_data_AnaTuple_run00025249_Playlist.root	1.2015217213850022e+18	1.209108777563327e+18	1	18545		
RHC	data	6D	data25250	root://fndcadoor.fnal.gov:1095/pnfs/fnal.gov/usr/minerva/persistent/OpenData/MediumEnergy_RHC/Data/Playlist6D/MasterAnaDev_data_AnaTuple_run00025250_Playlist.root	1.2728714392790797e+18	1.2733184693799754e+18	1	19399		
RHC	data	6D	data25251	root://fndcadoor.fnal.gov:1095/pnfs/fnal.gov/usr/minerva/persistent/OpenData/MediumEnergy_RHC/Data/Playlist6D/MasterAnaDev_data_AnaTuple_run00025251_Playlist.root	1.377077059597015e+18	1.384813476794618e+18	1	21368		
RHC	data	6D	data25252	root://fndcadoor.fnal.gov:1095/pnfs/fnal.gov/usr/minerva/persistent/OpenData/MediumEnergy_RHC/Data/Playlist6D/MasterAnaDev_data_AnaTuple_run00025252_Playlist.root	1.369508771932602e+18	1.3699467711041815e+18	1	21192		
RHC	data	6D	data25253	root://fndcadoor.fnal.gov:1095/pnfs/fnal.gov/usr/minerva/persistent/OpenData/MediumEnergy_RHC/Data/Playlist6D/MasterAnaDev_data_AnaTuple_run00025253_Playlist.root	9.256035438261034e+17	9.341137943324088e+17	1	14253		
RHC	data	6D	data25254	root://fndcadoor.fnal.gov:1095/pnfs/fnal.gov/usr/minerva/persistent/OpenData/MediumEnergy_RHC/Data/Playlist6D/MasterAnaDev_data_AnaTuple_run00025254_Playlist.root	1.270907850115776e+18	1.2712492042664233e+18	1	19382		
RHC	data	6D	data25255	root://fndcadoor.fnal.gov:1095/pnfs/fnal.gov/usr/minerva/persistent/OpenData/MediumEnergy_RHC/Data/Playlist6D/MasterAnaDev_data_AnaTuple_run00025255_Playlist.root	1.2935442901306156e+18	1.3013588906758223e+18	1	20053		
RHC	data	6D	data25256	root://fndcadoor.fnal.gov:1095/pnfs/fnal.gov/usr/minerva/persistent/OpenData/MediumEnergy_RHC/Data/Playlist6D/MasterAnaDev_data_AnaTuple_run00025256_Playlist.root	1.2931013658566477e+18	1.293341722639344e+18	1	19810		
RHC	data	6D	data25257	root://fndcadoor.fnal.gov:1095/pnfs/fnal.gov/usr/minerva/persistent/OpenData/MediumEnergy_RHC/Data/Playlist6D/MasterAnaDev_data_AnaTuple_run00025257_Playlist.root	1.363227064682007e+18	1.371024387821694e+18	1	20885		
RHC	data	6D	data25258	root://fndcadoor.fnal.gov:1095/pnfs/fnal.gov/usr/minerva/persistent/OpenData/MediumEnergy_RHC/Data/Playlist6D/MasterAnaDev_data_AnaTuple_run00025258_Playlist.root	1.3432555077819825e+18	1.3436939244646252e+18	1	20582		
RHC	data	6D	data25259	root://fndcadoor.fnal.gov:1095/pnfs/fnal.gov/usr/minerva/persistent/OpenData/MediumEnergy_RHC/Data/Playlist6D/MasterAnaDev_data_AnaTuple_run00025259_Playlist.root	9.06080340013504e+16	9.06080794692803e+16	1	1379		
RHC	data	6D	data25260	root://fndcadoor.fnal.gov:1095/pnfs/fnal.gov/usr/minerva/persistent/OpenData/MediumEnergy_RHC/Data/Playlist6D/MasterAnaDev_data_AnaTuple_run00025260_Playlist.root	2.3138493427276612e+16	2.3138493427276612e+16	1	333		
RHC	data	6D	data25261	root://fndcadoor.fnal.gov:1095/pnfs/fnal.gov/usr/minerva/persistent/OpenData/MediumEnergy_RHC/Data/Playlist6D/MasterAnaDev_data_AnaTuple_run00025261_Playlist.root	1.1866261779823304e+18	1.2042177665163284e+18	1	18451		
RHC	data	6D	data25265	root://fndcadoor.fnal.gov:1095/pnfs/fnal.gov/usr/minerva/persistent/OpenData/MediumEnergy_RHC/Data/Playlist6D/MasterAnaDev_data_AnaTuple_run00025265_Playlist.root	1.2894518553545477e+18	1.2897467066817562e+18	1	19909		
RHC	data	6D	data25276	root://fndcadoor.fnal.gov:1095/pnfs/fnal.gov/usr/minerva/persistent/OpenData/MediumEnergy_RHC/Data/Playlist6D/MasterAnaDev_data_AnaTuple_run00025276_Playlist.root	1.27406844493103e+18	1.3433549169159685e+18	1	19850		
RHC	data	6D	data25277	root://fndcadoor.fnal.gov:1095/pnfs/fnal.gov/usr/minerva/persistent/OpenData/MediumEnergy_RHC/Data/Playlist6D/MasterAnaDev_data_AnaTuple_run00025277_Playlist.root	1.375992169793129e+18	1.376385575621778e+18	1	20930		
RHC	data	6D	data25278	root://fndcadoor.fnal.gov:1095/pnfs/fnal.gov/usr/minerva/persistent/OpenData/MediumEnergy_RHC/Data/Playlist6D/MasterAnaDev_data_AnaTuple_run00025278_Playlist.root	1.2824560933337213e+18	1.290337798913023e+18	1	19758		
RHC	data	6D	data25279	root://fndcadoor.fnal.gov:1095/pnfs/fnal.gov/usr/minerva/persistent/OpenData/MediumEnergy_RHC/Data/Playlist6D/MasterAnaDev_data_AnaTuple_run00025279_Playlist.root	1.386200569368362e+18	1.3887856526761175e+18	1	21284		
RHC	data	6D	data25280	root://fndcadoor.fnal.gov:1095/pnfs/fnal.gov/usr/minerva/persistent/OpenData/MediumEnergy_RHC/Data/Playlist6D/MasterAnaDev_data_AnaTuple_run00025280_Playlist.root	1.3737149854811433e+18	1.3826954934224983e+18	1	20739		
RHC	data	6D	data25281	root://fndcadoor.fnal.gov:1095/pnfs/fnal.gov/usr/minerva/persistent/OpenData/MediumEnergy_RHC/Data/Playlist6D/MasterAnaDev_data_AnaTuple_run00025281_Playlist.root	1.322818884152412e+18	1.3234149192684792e+18	1	20367		
RHC	data	6D	data25282	root://fndcadoor.fnal.gov:1095/pnfs/fnal.gov/usr/minerva/persistent/OpenData/MediumEnergy_RHC/Data/Playlist6D/MasterAnaDev_data_AnaTuple_run00025282_Playlist.root	1.3531570468017457e+18	1.3610836916238144e+18	1	20673		
RHC	data	6E	data25283	root://fndcadoor.fnal.gov:1095/pnfs/fnal.gov/usr/minerva/persistent/OpenData/MediumEnergy_RHC/Data/Playlist6E/MasterAnaDev_data_AnaTuple_run00025283_Playlist.root	1.3599195839192865e+18	1.360307444118256e+18	1	20703		
RHC	data	6E	data25284	root://fndcadoor.fnal.gov:1095/pnfs/fnal.gov/usr/minerva/persistent/OpenData/MediumEnergy_RHC/Data/Playlist6E/MasterAnaDev_data_AnaTuple_run00025284_Playlist.root	1.4002847556896205e+18	1.4072978706959654e+18	1	21471		
RHC	data	6E	data25285	root://fndcadoor.fnal.gov:1095/pnfs/fnal.gov/usr/minerva/persistent/OpenData/MediumEnergy_RHC/Data/Playlist6E/MasterAnaDev_data_AnaTuple_run00025285_Playlist.root	1.343522319737435e+18	1.3439211783455278e+18	1	20681		
RHC	data	6E	data25286	root://fndcadoor.fnal.gov:1095/pnfs/fnal.gov/usr/minerva/persistent/OpenData/MediumEnergy_RHC/Data/Playlist6E/MasterAnaDev_data_AnaTuple_run00025286_Playlist.root	1.3773705865302085e+18	1.3854764207119176e+18	1	21243		
RHC	data	6E	data25287	root://fndcadoor.fnal.gov:1095/pnfs/fnal.gov/usr/minerva/persistent/OpenData/MediumEnergy_RHC/Data/Playlist6E/MasterAnaDev_data_AnaTuple_run00025287_Playlist.root	1.4354705522785185e+18	1.435671799681801e+18	1	22028		
RHC	data	6E	data25288	root://fndcadoor.fnal.gov:1095/pnfs/fnal.gov/usr/minerva/persistent/OpenData/MediumEnergy_RHC/Data/Playlist6E/MasterAnaDev_data_AnaTuple_run00025288_Playlist.root	1.380415093638897e+18	1.3885257685234588e+18	1	21137		
RHC	data	6E	data25289	root://fndcadoor.fnal.gov:1095/pnfs/fnal.gov/usr/minerva/persistent/OpenData/MediumEnergy_RHC/Data/Playlist6E/MasterAnaDev_data_AnaTuple_run00025289_Playlist.root	1.4162665754680635e+18	1.416672507307589e+18	1	21811		
RHC	data	6E	data25290	root://fndcadoor.fnal.gov:1095/pnfs/fnal.gov/usr/minerva/persistent/OpenData/MediumEnergy_RHC/Data/Playlist6E/MasterAnaDev_data_AnaTuple_run00025290_Playlist.root	1.361563730993748e+18	1.3705627492008018e+18	1	21060		
RHC	data	6E	data25291	root://fndcadoor.fnal.gov:1095/pnfs/fnal.gov/usr/minerva/persistent/OpenData/MediumEnergy_RHC/Data/Playlist6E/MasterAnaDev_data_AnaTuple_run00025291_Playlist.root	1.2938285436601636e+18	1.2942259075063455e+18	1	19882		
RHC	data	6E	data25292	root://fndcadoor.fnal.gov:1095/pnfs/fnal.gov/usr/minerva/persistent/OpenData/MediumEnergy_RHC/Data/Playlist6E/MasterAnaDev_data_AnaTuple_run00025292_Playlist.root	1.3096154218516352e+18	1.3099098766201408e+18	1	20280		
RHC	data	6E	data25293	root://fndcadoor.fnal.gov:1095/pnfs/fnal.gov/usr/minerva/persistent/OpenData/MediumEnergy_RHC/Data/Playlist6E/MasterAnaDev_data_AnaTuple_run00025293_Playlist.root	1.3851062709264753e+18	1.3855065806471698e+18	1	21539		
RHC	data	6E	data25294	root://fndcadoor.fnal.gov:1095/pnfs/fnal.gov/usr/minerva/persistent/OpenData/MediumEnergy_RHC/Data/Playlist6E/MasterAnaDev_data_AnaTuple_run00025294_Playlist.root	1.1834897428159713e+18	1.1914501221777661e+18	1	18231		
RHC	data	6E	data25295	root://fndcadoor.fnal.gov:1095/pnfs/fnal.gov/usr/minerva/persistent/OpenData/MediumEnergy_RHC/Data/Playlist6E/MasterAnaDev_data_AnaTuple_run00025295_Playlist.root	1.3787176564931868e+18	1.3790579989879155e+18	1	21142		
RHC	data	6E	data25296	root://fndcadoor.fnal.gov:1095/pnfs/fnal.gov/usr/minerva/persistent/OpenData/MediumEnergy_RHC/Data/Playlist6E/MasterAnaDev_data_AnaTuple_run00025296_Playlist.root	1.297390902399063e+18	1.3437533895521787e+18	1	20082		
RHC	data	6E	data25297	root://fndcadoor.fnal.gov:1095/pnfs/fnal.gov/usr/minerva/persistent/OpenData/MediumEnergy_RHC/Data/Playlist6E/MasterAnaDev_data_AnaTuple_run00025297_Playlist.root	1.373372017169892e+18	1.4028363023545754e+18	1	21297		
RHC	data	6E	data25298	root://fndcadoor.fnal.gov:1095/pnfs/fnal.gov/usr/minerva/persistent/OpenData/MediumEnergy_RHC/Data/Playlist6E/MasterAnaDev_data_AnaTuple_run00025298_Playlist.root	1.3798762981681825e+18	1.387816562555157e+18	1	21000		
RHC	data	6E	data25299	root://fndcadoor.fnal.gov:1095/pnfs/fnal.gov/usr/minerva/persistent/OpenData/MediumEnergy_RHC/Data/Playlist6E/MasterAnaDev_data_AnaTuple_run00025299_Playlist.root	1.133020851343155e+18	1.1331680848152558e+18	1	17524		
RHC	data	6E	data25300	root://fndcadoor.fnal.gov:1095/pnfs/fnal.gov/usr/minerva/persistent/OpenData/MediumEnergy_RHC/Data/Playlist6E/MasterAnaDev_data_AnaTuple_run00025300_Playlist.root	1.3446492152819633e+18	1.352704756490774e+18	1	20691		
RHC	data	6E	data25301	root://fndcadoor.fnal.gov:1095/pnfs/fnal.gov/usr/minerva/persistent/OpenData/MediumEnergy_RHC/Data/Playlist6E/MasterAnaDev_data_AnaTuple_run00025301_Playlist.root	1.0206883810005187e+18	1.366379257286901e+18	1	15852		
RHC	data	6E	data25302	root://fndcadoor.fnal.gov:1095/pnfs/fnal.gov/usr/minerva/persistent/OpenData/MediumEnergy_RHC/Data/Playlist6E/MasterAnaDev_data_AnaTuple_run00025302_Playlist.root	9.524751439514159e+17	1.3744077047659318e+18	1	14562		
RHC	data	6E	data25303	root://fndcadoor.fnal.gov:1095/pnfs/fnal.gov/usr/minerva/persistent/OpenData/MediumEnergy_RHC/Data/Playlist6E/MasterAnaDev_data_AnaTuple_run00025303_Playlist.root	1.2149211743035318e+18	1.2151195037480486e+18	1	18543		
RHC	data	6E	data25304	root://fndcadoor.fnal.gov:1095/pnfs/fnal.gov/usr/minerva/persistent/OpenData/MediumEnergy_RHC/Data/Playlist6E/MasterAnaDev_data_AnaTuple_run00025304_Playlist.root	1.2234248613224028e+18	1.223847532427392e+18	1	19032		
RHC	data	6E	data25305	root://fndcadoor.fnal.gov:1095/pnfs/fnal.gov/usr/minerva/persistent/OpenData/MediumEnergy_RHC/Data/Playlist6E/MasterAnaDev_data_AnaTuple_run00025305_Playlist.root	1.2587967682065362e+18	1.2662649432451192e+18	1	19368		
RHC	data	6E	data25306	root://fndcadoor.fnal.gov:1095/pnfs/fnal.gov/usr/minerva/persistent/OpenData/MediumEnergy_RHC/Data/Playlist6E/MasterAnaDev_data_AnaTuple_run00025306_Playlist.root	1.3493500708141325e+18	1.3497990389110113e+18	1	20901		
RHC	data	6E	data25307	root://fndcadoor.fnal.gov:1095/pnfs/fnal.gov/usr/minerva/persistent/OpenData/MediumEnergy_RHC/Data/Playlist6E/MasterAnaDev_data_AnaTuple_run00025307_Playlist.root	1.3265794884073733e+18	1.335494910886193e+18	1	20260		
RHC	data	6E	data25308	root://fndcadoor.fnal.gov:1095/pnfs/fnal.gov/usr/minerva/persistent/OpenData/MediumEnergy_RHC/Data/Playlist6E/MasterAnaDev_data_AnaTuple_run00025308_Playlist.root	1.375055538581848e+18	1.3753944243197855e+18	1	21163		
RHC	data	6E	data25309	root://fndcadoor.fnal.gov:1095/pnfs/fnal.gov/usr/minerva/persistent/OpenData/MediumEnergy_RHC/Data/Playlist6E/MasterAnaDev_data_AnaTuple_run00025309_Playlist.root	1.2978924338879583e+18	1.305854936497966e+18	1	19892		
RHC	data	6E	data25310	root://fndcadoor.fnal.gov:1095/pnfs/fnal.gov/usr/minerva/persistent/OpenData/MediumEnergy_RHC/Data/Playlist6E/MasterAnaDev_data_AnaTuple_run00025310_Playlist.root	1.1693582543640138e+18	1.3863767448027548e+18	1	18171		
RHC	data	6E	data25311	root://fndcadoor.fnal.gov:1095/pnfs/fnal.gov/usr/minerva/persistent/OpenData/MediumEnergy_RHC/Data/Playlist6E/MasterAnaDev_data_AnaTuple_run00025311_Playlist.root	1.2491779506106376e+18	1.2826989944420388e+18	1	19327		
RHC	data	6E	data25312	root://fndcadoor.fnal.gov:1095/pnfs/fnal.gov/usr/minerva/persistent/OpenData/MediumEnergy_RHC/Data/Playlist6E/MasterAnaDev_data_AnaTuple_run00025312_Playlist.root	1.2754704223411082e+18	1.3614819240125893e+18	1	19423		
RHC	data	6E	data25313	root://fndcadoor.fnal.gov:1095/pnfs/fnal.gov/usr/minerva/persistent/OpenData/MediumEnergy_RHC/Data/Playlist6E/MasterAnaDev_data_AnaTuple_run00025313_Playlist.root	7.58989259159088e+17	7.59384785045674e+17	1	11754		
RHC	data	6E	data25316	root://fndcadoor.fnal.gov:1095/pnfs/fnal.gov/usr/minerva/persistent/OpenData/MediumEnergy_RHC/Data/Playlist6E/MasterAnaDev_data_AnaTuple_run00025316_Playlist.root	1.3066456744155889e+18	1.314272728474293e+18	1	20407		
RHC	data	6E	data25317	root://fndcadoor.fnal.gov:1095/pnfs/fnal.gov/usr/minerva/persistent/OpenData/MediumEnergy_RHC/Data/Playlist6E/MasterAnaDev_data_AnaTuple_run00025317_Playlist.root	1.0177751810979846e+18	1.367531556136767e+18	1	15825		
RHC	data	6E	data25318	root://fndcadoor.fnal.gov:1095/pnfs/fnal.gov/usr/minerva/persistent/OpenData/MediumEnergy_RHC/Data/Playlist6E/MasterAnaDev_data_AnaTuple_run00025318_Playlist.root	3.614109909057617e+17	5.434017680255906e+17	1	5592		
RHC	data	6E	data25319	root://fndcadoor.fnal.gov:1095/pnfs/fnal.gov/usr/minerva/persistent/OpenData/MediumEnergy_RHC/Data/Playlist6E/MasterAnaDev_data_AnaTuple_run00025319_Playlist.root	9.736755908985137e+17	1.397260092668229e+18	1	14962		
RHC	data	6E	data25320	root://fndcadoor.fnal.gov:1095/pnfs/fnal.gov/usr/minerva/persistent/OpenData/MediumEnergy_RHC/Data/Playlist6E/MasterAnaDev_data_AnaTuple_run00025320_Playlist.root	9.642144969695805e+17	1.295350921324624e+18	1	14834		
RHC	data	6E	data25321	root://fndcadoor.fnal.gov:1095/pnfs/fnal.gov/usr/minerva/persistent/OpenData/MediumEnergy_RHC/Data/Playlist6E/MasterAnaDev_data_AnaTuple_run00025321_Playlist.root	1.3414257688243395e+18	1.350496470618357e+18	1	20630		
RHC	data	6E	data25322	root://fndcadoor.fnal.gov:1095/pnfs/fnal.gov/usr/minerva/persistent/OpenData/MediumEnergy_RHC/Data/Playlist6E/MasterAnaDev_data_AnaTuple_run00025322_Playlist.root	1.0131436730558872e+18	1.0581376055022701e+18	1	15542		
RHC	data	6E	data25338	root://fndcadoor.fnal.gov:1095/pnfs/fnal.gov/usr/minerva/persistent/OpenData/MediumEnergy_RHC/Data/Playlist6E/MasterAnaDev_data_AnaTuple_run00025338_Playlist.root	1.0780308139705654e+18	1.0784496220587332e+18	1	16614		
RHC	data	6E	data25339	root://fndcadoor.fnal.gov:1095/pnfs/fnal.gov/usr/minerva/persistent/OpenData/MediumEnergy_RHC/Data/Playlist6E/MasterAnaDev_data_AnaTuple_run00025339_Playlist.root	1.3226954582195274e+18	1.323722306854968e+18	1	20140		
RHC	data	6E	data25340	root://fndcadoor.fnal.gov:1095/pnfs/fnal.gov/usr/minerva/persistent/OpenData/MediumEnergy_RHC/Data/Playlist6E/MasterAnaDev_data_AnaTuple_run00025340_Playlist.root	1.3236554899196623e+18	1.3240094498235382e+18	1	19988		
RHC	data	6E	data25341	root://fndcadoor.fnal.gov:1095/pnfs/fnal.gov/usr/minerva/persistent/OpenData/MediumEnergy_RHC/Data/Playlist6E/MasterAnaDev_data_AnaTuple_run00025341_Playlist.root	1.0498376471214296e+18	1.2873127345992558e+18	1	15932		
RHC	data	6E	data25342	root://fndcadoor.fnal.gov:1095/pnfs/fnal.gov/usr/minerva/persistent/OpenData/MediumEnergy_RHC/Data/Playlist6E/MasterAnaDev_data_AnaTuple_run00025342_Playlist.root	1.4136796374673846e+18	1.4141424816916908e+18	1	21852		
RHC	data	6E	data25343	root://fndcadoor.fnal.gov:1095/pnfs/fnal.gov/usr/minerva/persistent/OpenData/MediumEnergy_RHC/Data/Playlist6E/MasterAnaDev_data_AnaTuple_run00025343_Playlist.root	1.3737228974571226e+18	1.381362066347227e+18	1	21029		
RHC	data	6E	data25344	root://fndcadoor.fnal.gov:1095/pnfs/fnal.gov/usr/minerva/persistent/OpenData/MediumEnergy_RHC/Data/Playlist6E/MasterAnaDev_data_AnaTuple_run00025344_Playlist.root	1.3403121381785866e+18	1.3407059414836378e+18	1	20644		
RHC	data	6E	data25345	root://fndcadoor.fnal.gov:1095/pnfs/fnal.gov/usr/minerva/persistent/OpenData/MediumEnergy_RHC/Data/Playlist6E/MasterAnaDev_data_AnaTuple_run00025345_Playlist.root	1.3557321273422244e+18	1.3634544507663437e+18	1	20781		
RHC	data	6E	data25346	root://fndcadoor.fnal.gov:1095/pnfs/fnal.gov/usr/minerva/persistent/OpenData/MediumEnergy_RHC/Data/Playlist6E/MasterAnaDev_data_AnaTuple_run00025346_Playlist.root	1.4011959766919613e+18	1.401547346349525e+18	1	21870		
RHC	data	6E	data25347	root://fndcadoor.fnal.gov:1095/pnfs/fnal.gov/usr/minerva/persistent/OpenData/MediumEnergy_RHC/Data/Playlist6E/MasterAnaDev_data_AnaTuple_run00025347_Playlist.root	1.4176473272991178e+18	1.4258187038078612e+18	1	21665		
RHC	data	6E	data25348	root://fndcadoor.fnal.gov:1095/pnfs/fnal.gov/usr/minerva/persistent/OpenData/MediumEnergy_RHC/Data/Playlist6E/MasterAnaDev_data_AnaTuple_run00025348_Playlist.root	1.2743596038055419e+17	1.339355271927958e+18	1	1872		
RHC	data	6E	data25349	root://fndcadoor.fnal.gov:1095/pnfs/fnal.gov/usr/minerva/persistent/OpenData/MediumEnergy_RHC/Data/Playlist6E/MasterAnaDev_data_AnaTuple_run00025349_Playlist.root	1.0866495648574829e+17	7.326900591292588e+17	1	1689		
RHC	data	6E	data25350	root://fndcadoor.fnal.gov:1095/pnfs/fnal.gov/usr/minerva/persistent/OpenData/MediumEnergy_RHC/Data/Playlist6E/MasterAnaDev_data_AnaTuple_run00025350_Playlist.root	1.087172394924164e+18	1.3647813490125028e+18	1	16628		
RHC	data	6E	data25351	root://fndcadoor.fnal.gov:1095/pnfs/fnal.gov/usr/minerva/persistent/OpenData/MediumEnergy_RHC/Data/Playlist6E/MasterAnaDev_data_AnaTuple_run00025351_Playlist.root	1.4254570388183593e+18	1.4263723031757253e+18	1	21992		
RHC	data	6E	data25352	root://fndcadoor.fnal.gov:1095/pnfs/fnal.gov/usr/minerva/persistent/OpenData/MediumEnergy_RHC/Data/Playlist6E/MasterAnaDev_data_AnaTuple_run00025352_Playlist.root	1.3197938556795126e+18	1.3205063421831777e+18	1	20444		
RHC	data	6E	data25353	root://fndcadoor.fnal.gov:1095/pnfs/fnal.gov/usr/minerva/persistent/OpenData/MediumEnergy_RHC/Data/Playlist6E/MasterAnaDev_data_AnaTuple_run00025353_Playlist.root	1.382993878516197e+18	1.3840701673622897e+18	1	21273		
RHC	data	6E	data25354	root://fndcadoor.fnal.gov:1095/pnfs/fnal.gov/usr/minerva/persistent/OpenData/MediumEnergy_RHC/Data/Playlist6E/MasterAnaDev_data_AnaTuple_run00025354_Playlist.root	1.2498419658088684e+18	1.425807903460919e+18	1	19320		
RHC	data	6E	data25355	root://fndcadoor.fnal.gov:1095/pnfs/fnal.gov/usr/minerva/persistent/OpenData/MediumEnergy_RHC/Data/Playlist6E/MasterAnaDev_data_AnaTuple_run00025355_Playlist.root	1.2586791316022876e+18	1.29018965991196e+18	1	19360		
RHC	data	6E	data25356	root://fndcadoor.fnal.gov:1095/pnfs/fnal.gov/usr/minerva/persistent/OpenData/MediumEnergy_RHC/Data/Playlist6E/MasterAnaDev_data_AnaTuple_run00025356_Playlist.root	5.155105282802582e+17	5.1602563074343e+17	1	7895		
RHC	data	6E	data25358	root://fndcadoor.fnal.gov:1095/pnfs/fnal.gov/usr/minerva/persistent/OpenData/MediumEnergy_RHC/Data/Playlist6E/MasterAnaDev_data_AnaTuple_run00025358_Playlist.root	1.4070428247370724e+18	1.4151008748449746e+18	1	21341		
RHC	data	6E	data25359	root://fndcadoor.fnal.gov:1095/pnfs/fnal.gov/usr/minerva/persistent/OpenData/MediumEnergy_RHC/Data/Playlist6E/MasterAnaDev_data_AnaTuple_run00025359_Playlist.root	1.4636052025318144e+18	1.4747293542170473e+18	1	22412		
RHC	data	6E	data25360	root://fndcadoor.fnal.gov:1095/pnfs/fnal.gov/usr/minerva/persistent/OpenData/MediumEnergy_RHC/Data/Playlist6E/MasterAnaDev_data_AnaTuple_run00025360_Playlist.root	1.3311409208965307e+18	1.448467189411865e+18	1	20316		
RHC	data	6E	data25361	root://fndcadoor.fnal.gov:1095/pnfs/fnal.gov/usr/minerva/persistent/OpenData/MediumEnergy_RHC/Data/Playlist6E/MasterAnaDev_data_AnaTuple_run00025361_Playlist.root	1.3578734611604214e+18	1.3580236254872847e+18	1	20971		
RHC	data	6E	data25362	root://fndcadoor.fnal.gov:1095/pnfs/fnal.gov/usr/minerva/persistent/OpenData/MediumEnergy_RHC/Data/Playlist6E/MasterAnaDev_data_AnaTuple_run00025362_Playlist.root	1.4100284435448648e+18	1.417305054948748e+18	1	21771		
RHC	data	6E	data25363	root://fndcadoor.fnal.gov:1095/pnfs/fnal.gov/usr/minerva/persistent/OpenData/MediumEnergy_RHC/Data/Playlist6E/MasterAnaDev_data_AnaTuple_run00025363_Playlist.root	8.204999886159898e+17	8.224283952084792e+17	1	12454		
RHC	data	6E	data25364	root://fndcadoor.fnal.gov:1095/pnfs/fnal.gov/usr/minerva/persistent/OpenData/MediumEnergy_RHC/Data/Playlist6E/MasterAnaDev_data_AnaTuple_run00025364_Playlist.root	1.407188394399643e+18	1.4164402657373414e+18	1	21624		
RHC	data	6E	data25365	root://fndcadoor.fnal.gov:1095/pnfs/fnal.gov/usr/minerva/persistent/OpenData/MediumEnergy_RHC/Data/Playlist6E/MasterAnaDev_data_AnaTuple_run00025365_Playlist.root	1.34448215799284e+18	1.4202840017330068e+18	1	20627		
RHC	data	6E	data25366	root://fndcadoor.fnal.gov:1095/pnfs/fnal.gov/usr/minerva/persistent/OpenData/MediumEnergy_RHC/Data/Playlist6E/MasterAnaDev_data_AnaTuple_run00025366_Playlist.root	7.413999429249763e+17	1.4137030862159613e+18	1	11311		
RHC	data	6E	data25367	root://fndcadoor.fnal.gov:1095/pnfs/fnal.gov/usr/minerva/persistent/OpenData/MediumEnergy_RHC/Data/Playlist6E/MasterAnaDev_data_AnaTuple_run00025367_Playlist.root	1.419972066130638e+18	1.4203829526735734e+18	1	22109		
RHC	data	6E	data25368	root://fndcadoor.fnal.gov:1095/pnfs/fnal.gov/usr/minerva/persistent/OpenData/MediumEnergy_RHC/Data/Playlist6E/MasterAnaDev_data_AnaTuple_run00025368_Playlist.root	5.707261949815751e+17	5.707253120379946e+17	1	8655		
RHC	data	6E	data25370	root://fndcadoor.fnal.gov:1095/pnfs/fnal.gov/usr/minerva/persistent/OpenData/MediumEnergy_RHC/Data/Playlist6E/MasterAnaDev_data_AnaTuple_run00025370_Playlist.root	1.2862489359387156e+18	1.297208202011866e+18	1	19863		
RHC	data	6E	data25371	root://fndcadoor.fnal.gov:1095/pnfs/fnal.gov/usr/minerva/persistent/OpenData/MediumEnergy_RHC/Data/Playlist6E/MasterAnaDev_data_AnaTuple_run00025371_Playlist.root	1.2239308550920484e+18	1.2508575152328548e+18	1	18614		
RHC	data	6E	data25372	root://fndcadoor.fnal.gov:1095/pnfs/fnal.gov/usr/minerva/persistent/OpenData/MediumEnergy_RHC/Data/Playlist6E/MasterAnaDev_data_AnaTuple_run00025372_Playlist.root	1.155551390073299e+18	1.1559390386113667e+18	1	17700		
RHC	data	6E	data25373	root://fndcadoor.fnal.gov:1095/pnfs/fnal.gov/usr/minerva/persistent/OpenData/MediumEnergy_RHC/Data/Playlist6E/MasterAnaDev_data_AnaTuple_run00025373_Playlist.root	1.238127109957278e+18	1.2468223816453921e+18	1	19269		
RHC	data	6F	data25374	root://fndcadoor.fnal.gov:1095/pnfs/fnal.gov/usr/minerva/persistent/OpenData/MediumEnergy_RHC/Data/Playlist6F/MasterAnaDev_data_AnaTuple_run00025374_Playlist.root	1.3757635360002516e+18	1.376161110485682e+18	1	21177		
RHC	data	6F	data25375	root://fndcadoor.fnal.gov:1095/pnfs/fnal.gov/usr/minerva/persistent/OpenData/MediumEnergy_RHC/Data/Playlist6F/MasterAnaDev_data_AnaTuple_run00025375_Playlist.root	1.4034797364754675e+18	1.411688123330964e+18	1	21238		
RHC	data	6F	data25376	root://fndcadoor.fnal.gov:1095/pnfs/fnal.gov/usr/minerva/persistent/OpenData/MediumEnergy_RHC/Data/Playlist6F/MasterAnaDev_data_AnaTuple_run00025376_Playlist.root	1.2172608286827802e+18	1.2176674047678973e+18	1	18512		
RHC	data	6F	data25377	root://fndcadoor.fnal.gov:1095/pnfs/fnal.gov/usr/minerva/persistent/OpenData/MediumEnergy_RHC/Data/Playlist6F/MasterAnaDev_data_AnaTuple_run00025377_Playlist.root	1.4223227592582707e+18	1.4280235247273562e+18	1	21837		
RHC	data	6F	data25378	root://fndcadoor.fnal.gov:1095/pnfs/fnal.gov/usr/minerva/persistent/OpenData/MediumEnergy_RHC/Data/Playlist6F/MasterAnaDev_data_AnaTuple_run00025378_Playlist.root	1.4126247601852416e+18	1.4129308836661307e+18	1	21442		
RHC	data	6F	data25379	root://fndcadoor.fnal.gov:1095/pnfs/fnal.gov/usr/minerva/persistent/OpenData/MediumEnergy_RHC/Data/Playlist6F/MasterAnaDev_data_AnaTuple_run00025379_Playlist.root	1.1963750803270339e+18	1.2045653616854016e+18	1	18376		
RHC	data	6F	data25380	root://fndcadoor.fnal.gov:1095/pnfs/fnal.gov/usr/minerva/persistent/OpenData/MediumEnergy_RHC/Data/Playlist6F/MasterAnaDev_data_AnaTuple_run00025380_Playlist.root	1.4065589166984556e+18	1.4069574545622781e+18	1	21557		
RHC	data	6F	data25381	root://fndcadoor.fnal.gov:1095/pnfs/fnal.gov/usr/minerva/persistent/OpenData/MediumEnergy_RHC/Data/Playlist6F/MasterAnaDev_data_AnaTuple_run00025381_Playlist.root	1.3341519457437996e+18	1.3423338100034437e+18	1	20458		
RHC	data	6F	data25382	root://fndcadoor.fnal.gov:1095/pnfs/fnal.gov/usr/minerva/persistent/OpenData/MediumEnergy_RHC/Data/Playlist6F/MasterAnaDev_data_AnaTuple_run00025382_Playlist.root	7054458606719971.0	7105614048772492.0	1	88		
RHC	data	6F	data25383	root://fndcadoor.fnal.gov:1095/pnfs/fnal.gov/usr/minerva/persistent/OpenData/MediumEnergy_RHC/Data/Playlist6F/MasterAnaDev_data_AnaTuple_run00025383_Playlist.root	1.2319406393623352e+17	1.231926585881496e+17	1	1880		
RHC	data	6F	data25385	root://fndcadoor.fnal.gov:1095/pnfs/fnal.gov/usr/minerva/persistent/OpenData/MediumEnergy_RHC/Data/Playlist6F/MasterAnaDev_data_AnaTuple_run00025385_Playlist.root	1.1667773541936876e+18	1.294543410863969e+18	1	17999		
RHC	data	6F	data25386	root://fndcadoor.fnal.gov:1095/pnfs/fnal.gov/usr/minerva/persistent/OpenData/MediumEnergy_RHC/Data/Playlist6F/MasterAnaDev_data_AnaTuple_run00025386_Playlist.root	1.344131533172846e+18	1.3441297578583398e+18	1	20625		
RHC	data	6F	data25387	root://fndcadoor.fnal.gov:1095/pnfs/fnal.gov/usr/minerva/persistent/OpenData/MediumEnergy_RHC/Data/Playlist6F/MasterAnaDev_data_AnaTuple_run00025387_Playlist.root	1.3688743043136596e+18	1.3906119448543124e+18	1	21158		
RHC	data	6F	data25388	root://fndcadoor.fnal.gov:1095/pnfs/fnal.gov/usr/minerva/persistent/OpenData/MediumEnergy_RHC/Data/Playlist6F/MasterAnaDev_data_AnaTuple_run00025388_Playlist.root	1.4058691700105667e+18	1.4061742204451118e+18	1	21563		
RHC	data	6F	data25389	root://fndcadoor.fnal.gov:1095/pnfs/fnal.gov/usr/minerva/persistent/OpenData/MediumEnergy_RHC/Data/Playlist6F/MasterAnaDev_data_AnaTuple_run00025389_Playlist.root	1.3581210334362985e+18	1.3661118971576177e+18	1	21037		
RHC	data	6F	data25390	root://fndcadoor.fnal.gov:1095/pnfs/fnal.gov/usr/minerva/persistent/OpenData/MediumEnergy_RHC/Data/Playlist6F/MasterAnaDev_data_AnaTuple_run00025390_Playlist.root	1.325768852701187e+18	1.3538979775709773e+18	1	20492		
RHC	data	6F	data25391	root://fndcadoor.fnal.gov:1095/pnfs/fnal.gov/usr/minerva/persistent/OpenData/MediumEnergy_RHC/Data/Playlist6F/MasterAnaDev_data_AnaTuple_run00025391_Playlist.root	1.2588003887186048e+18	1.2660619148619973e+18	1	19338		
RHC	data	6F	data25392	root://fndcadoor.fnal.gov:1095/pnfs/fnal.gov/usr/minerva/persistent/OpenData/MediumEnergy_RHC/Data/Playlist6F/MasterAnaDev_data_AnaTuple_run00025392_Playlist.root	7.361444836096764e+17	7.364828835772095e+17	1	11371		
RHC	data	6F	data25393	root://fndcadoor.fnal.gov:1095/pnfs/fnal.gov/usr/minerva/persistent/OpenData/MediumEnergy_RHC/Data/Playlist6F/MasterAnaDev_data_AnaTuple_run00025393_Playlist.root	1.2482840628800397e+18	1.2484673062101606e+18	1	19260		
RHC	data	6F	data25394	root://fndcadoor.fnal.gov:1095/pnfs/fnal.gov/usr/minerva/persistent/OpenData/MediumEnergy_RHC/Data/Playlist6F/MasterAnaDev_data_AnaTuple_run00025394_Playlist.root	1.3720913392944335e+18	1.3800594751083914e+18	1	21090		
RHC	data	6F	data25395	root://fndcadoor.fnal.gov:1095/pnfs/fnal.gov/usr/minerva/persistent/OpenData/MediumEnergy_RHC/Data/Playlist6F/MasterAnaDev_data_AnaTuple_run00025395_Playlist.root	1.300359030308723e+18	1.300668382540889e+18	1	19958		
RHC	data	6F	data25396	root://fndcadoor.fnal.gov:1095/pnfs/fnal.gov/usr/minerva/persistent/OpenData/MediumEnergy_RHC/Data/Playlist6F/MasterAnaDev_data_AnaTuple_run00025396_Playlist.root	1.3766672462339397e+18	1.3850798395132644e+18	1	21213		
RHC	data	6F	data25397	root://fndcadoor.fnal.gov:1095/pnfs/fnal.gov/usr/minerva/persistent/OpenData/MediumEnergy_RHC/Data/Playlist6F/MasterAnaDev_data_AnaTuple_run00025397_Playlist.root	1.1462184858145715e+18	1.1464357121914828e+18	1	17570		
RHC	data	6F	data25398	root://fndcadoor.fnal.gov:1095/pnfs/fnal.gov/usr/minerva/persistent/OpenData/MediumEnergy_RHC/Data/Playlist6F/MasterAnaDev_data_AnaTuple_run00025398_Playlist.root	1.2105837942953106e+18	1.2397976881953247e+18	1	18791		
RHC	data	6F	data25399	root://fndcadoor.fnal.gov:1095/pnfs/fnal.gov/usr/minerva/persistent/OpenData/MediumEnergy_RHC/Data/Playlist6F/MasterAnaDev_data_AnaTuple_run00025399_Playlist.root	1.4115528854656223e+18	1.4119010472408294e+18	1	21543		
RHC	data	6F	data25400	root://fndcadoor.fnal.gov:1095/pnfs/fnal.gov/usr/minerva/persistent/OpenData/MediumEnergy_RHC/Data/Playlist6F/MasterAnaDev_data_AnaTuple_run00025400_Playlist.root	1.350210666424751e+18	1.356882835288462e+18	1	20623		
RHC	data	6F	data25401	root://fndcadoor.fnal.gov:1095/pnfs/fnal.gov/usr/minerva/persistent/OpenData/MediumEnergy_RHC/Data/Playlist6F/MasterAnaDev_data_AnaTuple_run00025401_Playlist.root	1.3956555591545106e+18	1.396009899771443e+18	1	21645		
RHC	data	6F	data25402	root://fndcadoor.fnal.gov:1095/pnfs/fnal.gov/usr/minerva/persistent/OpenData/MediumEnergy_RHC/Data/Playlist6F/MasterAnaDev_data_AnaTuple_run00025402_Playlist.root	1.2892924991059302e+18	1.2977063340788004e+18	1	19600		
RHC	data	6F	data25403	root://fndcadoor.fnal.gov:1095/pnfs/fnal.gov/usr/minerva/persistent/OpenData/MediumEnergy_RHC/Data/Playlist6F/MasterAnaDev_data_AnaTuple_run00025403_Playlist.root	1.407994973780632e+18	1.4157595166565926e+18	1	21437		
RHC	data	6F	data25404	root://fndcadoor.fnal.gov:1095/pnfs/fnal.gov/usr/minerva/persistent/OpenData/MediumEnergy_RHC/Data/Playlist6F/MasterAnaDev_data_AnaTuple_run00025404_Playlist.root	1.3718019826107023e+18	1.4013462298551094e+18	1	21029		
RHC	data	6F	data25405	root://fndcadoor.fnal.gov:1095/pnfs/fnal.gov/usr/minerva/persistent/OpenData/MediumEnergy_RHC/Data/Playlist6F/MasterAnaDev_data_AnaTuple_run00025405_Playlist.root	1.3646946399202345e+18	1.4012108909384957e+18	1	20940		
RHC	data	6F	data25406	root://fndcadoor.fnal.gov:1095/pnfs/fnal.gov/usr/minerva/persistent/OpenData/MediumEnergy_RHC/Data/Playlist6F/MasterAnaDev_data_AnaTuple_run00025406_Playlist.root	1.4292854120211602e+18	1.4296446641386504e+18	1	22009		
RHC	data	6F	data25407	root://fndcadoor.fnal.gov:1095/pnfs/fnal.gov/usr/minerva/persistent/OpenData/MediumEnergy_RHC/Data/Playlist6F/MasterAnaDev_data_AnaTuple_run00025407_Playlist.root	1.4177873208961482e+18	1.425647316610358e+18	1	21867		
RHC	data	6F	data25408	root://fndcadoor.fnal.gov:1095/pnfs/fnal.gov/usr/minerva/persistent/OpenData/MediumEnergy_RHC/Data/Playlist6F/MasterAnaDev_data_AnaTuple_run00025408_Playlist.root	2.2921864669799804e+16	1.4026512463152806e+18	1	374		
RHC	data	6F	data25409	root://fndcadoor.fnal.gov:1095/pnfs/fnal.gov/usr/minerva/persistent/OpenData/MediumEnergy_RHC/Data/Playlist6F/MasterAnaDev_data_AnaTuple_run00025409_Playlist.root	0.0	4.904057904135785e+17	1	0		
RHC	data	6F	data25500	root://fndcadoor.fnal.gov:1095/pnfs/fnal.gov/usr/minerva/persistent/OpenData/MediumEnergy_RHC/Data/Playlist6F/MasterAnaDev_data_AnaTuple_run00025500_Playlist.root	2.6143315811157228e+16	5.033391841844795e+17	1	388		
RHC	data	6F	data25510	root://fndcadoor.fnal.gov:1095/pnfs/fnal.gov/usr/minerva/persistent/OpenData/MediumEnergy_RHC/Data/Playlist6F/MasterAnaDev_data_AnaTuple_run00025510_Playlist.root	1.4189082347266673e+18	1.4266161185812134e+18	1	21817		
RHC	data	6F	data25511	root://fndcadoor.fnal.gov:1095/pnfs/fnal.gov/usr/minerva/persistent/OpenData/MediumEnergy_RHC/Data/Playlist6F/MasterAnaDev_data_AnaTuple_run00025511_Playlist.root	9.471511697006224e+16	9.471481191520624e+16	1	1504		
RHC	data	6F	data25520	root://fndcadoor.fnal.gov:1095/pnfs/fnal.gov/usr/minerva/persistent/OpenData/MediumEnergy_RHC/Data/Playlist6F/MasterAnaDev_data_AnaTuple_run00025520_Playlist.root	1.1605814973066447e+18	1.160969393640036e+18	1	17983		
RHC	data	6F	data25521	root://fndcadoor.fnal.gov:1095/pnfs/fnal.gov/usr/minerva/persistent/OpenData/MediumEnergy_RHC/Data/Playlist6F/MasterAnaDev_data_AnaTuple_run00025521_Playlist.root	1.2863141142892833e+18	1.3065346498661153e+18	1	20036		
RHC	data	6F	data25522	root://fndcadoor.fnal.gov:1095/pnfs/fnal.gov/usr/minerva/persistent/OpenData/MediumEnergy_RHC/Data/Playlist6F/MasterAnaDev_data_AnaTuple_run00025522_Playlist.root	7.817175237563252e+17	7.931308597047148e+17	1	12104		
RHC	data	6F	data25523	root://fndcadoor.fnal.gov:1095/pnfs/fnal.gov/usr/minerva/persistent/OpenData/MediumEnergy_RHC/Data/Playlist6F/MasterAnaDev_data_AnaTuple_run00025523_Playlist.root	1.3829448699493407e+18	1.3831941115040686e+18	1	21316		
RHC	data	6F	data25524	root://fndcadoor.fnal.gov:1095/pnfs/fnal.gov/usr/minerva/persistent/OpenData/MediumEnergy_RHC/Data/Playlist6F/MasterAnaDev_data_AnaTuple_run00025524_Playlist.root	1.3422841617846484e+18	1.3424321953553838e+18	1	20741		
RHC	data	6F	data25525	root://fndcadoor.fnal.gov:1095/pnfs/fnal.gov/usr/minerva/persistent/OpenData/MediumEnergy_RHC/Data/Playlist6F/MasterAnaDev_data_AnaTuple_run00025525_Playlist.root	1.3224668002827167e+18	1.3228077828136584e+18	1	20300		
RHC	data	6F	data25526	root://fndcadoor.fnal.gov:1095/pnfs/fnal.gov/usr/minerva/persistent/OpenData/MediumEnergy_RHC/Data/Playlist6F/MasterAnaDev_data_AnaTuple_run00025526_Playlist.root	1.2370428593177795e+18	1.2439098891887657e+18	1	18994		
RHC	data	6F	data25527	root://fndcadoor.fnal.gov:1095/pnfs/fnal.gov/usr/minerva/persistent/OpenData/MediumEnergy_RHC/Data/Playlist6F/MasterAnaDev_data_AnaTuple_run00025527_Playlist.root	1.2889663629283305e+18	1.289308802684699e+18	1	19762		
RHC	data	6F	data25528	root://fndcadoor.fnal.gov:1095/pnfs/fnal.gov/usr/minerva/persistent/OpenData/MediumEnergy_RHC/Data/Playlist6F/MasterAnaDev_data_AnaTuple_run00025528_Playlist.root	1.4132906627578737e+18	1.4210424556520686e+18	1	21685		
RHC	data	6F	data25529	root://fndcadoor.fnal.gov:1095/pnfs/fnal.gov/usr/minerva/persistent/OpenData/MediumEnergy_RHC/Data/Playlist6F/MasterAnaDev_data_AnaTuple_run00025529_Playlist.root	1.401508812435627e+18	1.4018603723753142e+18	1	21534		
RHC	data	6F	data25530	root://fndcadoor.fnal.gov:1095/pnfs/fnal.gov/usr/minerva/persistent/OpenData/MediumEnergy_RHC/Data/Playlist6F/MasterAnaDev_data_AnaTuple_run00025530_Playlist.root	1.432200353700161e+18	1.439969486772123e+18	1	21740		
RHC	data	6F	data25531	root://fndcadoor.fnal.gov:1095/pnfs/fnal.gov/usr/minerva/persistent/OpenData/MediumEnergy_RHC/Data/Playlist6F/MasterAnaDev_data_AnaTuple_run00025531_Playlist.root	1.3833329788455967e+18	1.3836896262489065e+18	1	21126		
RHC	data	6F	data25532	root://fndcadoor.fnal.gov:1095/pnfs/fnal.gov/usr/minerva/persistent/OpenData/MediumEnergy_RHC/Data/Playlist6F/MasterAnaDev_data_AnaTuple_run00025532_Playlist.root	1.2410785023696422e+18	1.2486510266400635e+18	1	19023		
RHC	data	6F	data25533	root://fndcadoor.fnal.gov:1095/pnfs/fnal.gov/usr/minerva/persistent/OpenData/MediumEnergy_RHC/Data/Playlist6F/MasterAnaDev_data_AnaTuple_run00025533_Playlist.root	9.633261490688323e+17	9.637005131720297e+17	1	14945		
RHC	data	6F	data25534	root://fndcadoor.fnal.gov:1095/pnfs/fnal.gov/usr/minerva/persistent/OpenData/MediumEnergy_RHC/Data/Playlist6F/MasterAnaDev_data_AnaTuple_run00025534_Playlist.root	1.2295821221365926e+18	1.236575247224934e+18	1	18759		
RHC	data	6F	data25535	root://fndcadoor.fnal.gov:1095/pnfs/fnal.gov/usr/minerva/persistent/OpenData/MediumEnergy_RHC/Data/Playlist6F/MasterAnaDev_data_AnaTuple_run00025535_Playlist.root	1.34386943213129e+18	1.345125023040135e+18	1	20501		
RHC	data	6F	data25536	root://fndcadoor.fnal.gov:1095/pnfs/fnal.gov/usr/minerva/persistent/OpenData/MediumEnergy_RHC/Data/Playlist6F/MasterAnaDev_data_AnaTuple_run00025536_Playlist.root	1.4078345134496689e+18	1.416396281597109e+18	1	21696		
RHC	data	6F	data25537	root://fndcadoor.fnal.gov:1095/pnfs/fnal.gov/usr/minerva/persistent/OpenData/MediumEnergy_RHC/Data/Playlist6F/MasterAnaDev_data_AnaTuple_run00025537_Playlist.root	1.4037998552355766e+18	1.4041508240170296e+18	1	21379		
RHC	data	6F	data25538	root://fndcadoor.fnal.gov:1095/pnfs/fnal.gov/usr/minerva/persistent/OpenData/MediumEnergy_RHC/Data/Playlist6F/MasterAnaDev_data_AnaTuple_run00025538_Playlist.root	1.4008109333539013e+18	1.409292353362928e+18	1	21560		
RHC	data	6F	data25539	root://fndcadoor.fnal.gov:1095/pnfs/fnal.gov/usr/minerva/persistent/OpenData/MediumEnergy_RHC/Data/Playlist6F/MasterAnaDev_data_AnaTuple_run00025539_Playlist.root	1.409942050738096e+18	1.4100919066825513e+18	1	21353		
RHC	data	6F	data25540	root://fndcadoor.fnal.gov:1095/pnfs/fnal.gov/usr/minerva/persistent/OpenData/MediumEnergy_RHC/Data/Playlist6F/MasterAnaDev_data_AnaTuple_run00025540_Playlist.root	1.4187084372658732e+18	1.427284783974082e+18	1	21537		
RHC	data	6F	data25541	root://fndcadoor.fnal.gov:1095/pnfs/fnal.gov/usr/minerva/persistent/OpenData/MediumEnergy_RHC/Data/Playlist6F/MasterAnaDev_data_AnaTuple_run00025541_Playlist.root	1.1535417550320625e+18	1.153878505346635e+18	1	17414		
RHC	data	6F	data25542	root://fndcadoor.fnal.gov:1095/pnfs/fnal.gov/usr/minerva/persistent/OpenData/MediumEnergy_RHC/Data/Playlist6F/MasterAnaDev_data_AnaTuple_run00025542_Playlist.root	9.171350681219101e+17	9.252523238263839e+17	1	13912		
RHC	data	6F	data25543	root://fndcadoor.fnal.gov:1095/pnfs/fnal.gov/usr/minerva/persistent/OpenData/MediumEnergy_RHC/Data/Playlist6F/MasterAnaDev_data_AnaTuple_run00025543_Playlist.root	1.3675323909544945e+18	1.4147069993883927e+18	1	20935		
RHC	data	6F	data25544	root://fndcadoor.fnal.gov:1095/pnfs/fnal.gov/usr/minerva/persistent/OpenData/MediumEnergy_RHC/Data/Playlist6F/MasterAnaDev_data_AnaTuple_run00025544_Playlist.root	1.368539397758484e+18	1.3689017253559352e+18	1	20915		
RHC	data	6F	data25545	root://fndcadoor.fnal.gov:1095/pnfs/fnal.gov/usr/minerva/persistent/OpenData/MediumEnergy_RHC/Data/Playlist6F/MasterAnaDev_data_AnaTuple_run00025545_Playlist.root	4.947882464981079e+17	4.955092649224908e+17	1	7487		
RHC	data	6F	data25546	root://fndcadoor.fnal.gov:1095/pnfs/fnal.gov/usr/minerva/persistent/OpenData/MediumEnergy_RHC/Data/Playlist6F/MasterAnaDev_data_AnaTuple_run00025546_Playlist.root	1.490559748344421e+17	1.4905596643472832e+17	1	2236		
RHC	data	6F	data25550	root://fndcadoor.fnal.gov:1095/pnfs/fnal.gov/usr/minerva/persistent/OpenData/MediumEnergy_RHC/Data/Playlist6F/MasterAnaDev_data_AnaTuple_run00025550_Playlist.root	1.4294253807644846e+18	1.4380203423064817e+18	1	22046		
RHC	data	6F	data25551	root://fndcadoor.fnal.gov:1095/pnfs/fnal.gov/usr/minerva/persistent/OpenData/MediumEnergy_RHC/Data/Playlist6F/MasterAnaDev_data_AnaTuple_run00025551_Playlist.root	1.3752741446187494e+18	1.3757304109156198e+18	1	20948		
RHC	data	6F	data25552	root://fndcadoor.fnal.gov:1095/pnfs/fnal.gov/usr/minerva/persistent/OpenData/MediumEnergy_RHC/Data/Playlist6F/MasterAnaDev_data_AnaTuple_run00025552_Playlist.root	1.4034443764839176e+18	1.4114808562250204e+18	1	21667		
RHC	data	6F	data25553	root://fndcadoor.fnal.gov:1095/pnfs/fnal.gov/usr/minerva/persistent/OpenData/MediumEnergy_RHC/Data/Playlist6F/MasterAnaDev_data_AnaTuple_run00025553_Playlist.root	9.345139112606048e+17	9.348263527470636e+17	1	14344		
RHC	data	6F	data25554	root://fndcadoor.fnal.gov:1095/pnfs/fnal.gov/usr/minerva/persistent/OpenData/MediumEnergy_RHC/Data/Playlist6F/MasterAnaDev_data_AnaTuple_run00025554_Playlist.root	1.392987595141888e+18	1.4017624529358003e+18	1	21363		
RHC	data	6F	data25555	root://fndcadoor.fnal.gov:1095/pnfs/fnal.gov/usr/minerva/persistent/OpenData/MediumEnergy_RHC/Data/Playlist6F/MasterAnaDev_data_AnaTuple_run00025555_Playlist.root	1.435933339220047e+18	1.4363424118022715e+18	1	22107		
RHC	data	6F	data25556	root://fndcadoor.fnal.gov:1095/pnfs/fnal.gov/usr/minerva/persistent/OpenData/MediumEnergy_RHC/Data/Playlist6F/MasterAnaDev_data_AnaTuple_run00025556_Playlist.root	1.422034960979462e+18	1.430909667883046e+18	1	21686		
RHC	data	6F	data25557	root://fndcadoor.fnal.gov:1095/pnfs/fnal.gov/usr/minerva/persistent/OpenData/MediumEnergy_RHC/Data/Playlist6F/MasterAnaDev_data_AnaTuple_run00025557_Playlist.root	1.402132624156952e+18	1.4025322625796682e+18	1	21261		
RHC	data	6F	data25558	root://fndcadoor.fnal.gov:1095/pnfs/fnal.gov/usr/minerva/persistent/OpenData/MediumEnergy_RHC/Data/Playlist6F/MasterAnaDev_data_AnaTuple_run00025558_Playlist.root	1.2029754801937344e+18	1.202963954377023e+18	1	18451		
RHC	data	6F	data25559	root://fndcadoor.fnal.gov:1095/pnfs/fnal.gov/usr/minerva/persistent/OpenData/MediumEnergy_RHC/Data/Playlist6F/MasterAnaDev_data_AnaTuple_run00025559_Playlist.root	1.2868956841975457e+18	1.2947314907943434e+18	1	19816		
RHC	data	6F	data25560	root://fndcadoor.fnal.gov:1095/pnfs/fnal.gov/usr/minerva/persistent/OpenData/MediumEnergy_RHC/Data/Playlist6F/MasterAnaDev_data_AnaTuple_run00025560_Playlist.root	1.0347909251155853e+18	1.035183605434403e+18	1	15991		
RHC	data	6F	data25571	root://fndcadoor.fnal.gov:1095/pnfs/fnal.gov/usr/minerva/persistent/OpenData/MediumEnergy_RHC/Data/Playlist6F/MasterAnaDev_data_AnaTuple_run00025571_Playlist.root	6.898344864506721e+17	6.899883657115237e+17	1	10640		
RHC	data	6F	data25572	root://fndcadoor.fnal.gov:1095/pnfs/fnal.gov/usr/minerva/persistent/OpenData/MediumEnergy_RHC/Data/Playlist6F/MasterAnaDev_data_AnaTuple_run00025572_Playlist.root	9.932351346912384e+17	1.0010814747398412e+18	1	15326		
RHC	data	6F	data25573	root://fndcadoor.fnal.gov:1095/pnfs/fnal.gov/usr/minerva/persistent/OpenData/MediumEnergy_RHC/Data/Playlist6F/MasterAnaDev_data_AnaTuple_run00025573_Playlist.root	1.401540360028744e+18	1.4018904198079606e+18	1	21606		
RHC	data	6F	data25574	root://fndcadoor.fnal.gov:1095/pnfs/fnal.gov/usr/minerva/persistent/OpenData/MediumEnergy_RHC/Data/Playlist6F/MasterAnaDev_data_AnaTuple_run00025574_Playlist.root	1.0842464694989921e+18	1.0845376263102906e+18	1	16810		
RHC	data	6F	data25575	root://fndcadoor.fnal.gov:1095/pnfs/fnal.gov/usr/minerva/persistent/OpenData/MediumEnergy_RHC/Data/Playlist6F/MasterAnaDev_data_AnaTuple_run00025575_Playlist.root	1.3950719339704515e+18	1.3952214546151772e+18	1	21430		
RHC	data	6F	data25576	root://fndcadoor.fnal.gov:1095/pnfs/fnal.gov/usr/minerva/persistent/OpenData/MediumEnergy_RHC/Data/Playlist6F/MasterAnaDev_data_AnaTuple_run00025576_Playlist.root	1.371916338899135e+18	1.379356408300954e+18	1	20999		
RHC	data	6F	data25577	root://fndcadoor.fnal.gov:1095/pnfs/fnal.gov/usr/minerva/persistent/OpenData/MediumEnergy_RHC/Data/Playlist6F/MasterAnaDev_data_AnaTuple_run00025577_Playlist.root	1.30297916562891e+18	1.3031764748355556e+18	1	20086		
RHC	data	6F	data25578	root://fndcadoor.fnal.gov:1095/pnfs/fnal.gov/usr/minerva/persistent/OpenData/MediumEnergy_RHC/Data/Playlist6F/MasterAnaDev_data_AnaTuple_run00025578_Playlist.root	1.3469468712420465e+18	1.355704833606241e+18	1	20813		
RHC	data	6F	data25579	root://fndcadoor.fnal.gov:1095/pnfs/fnal.gov/usr/minerva/persistent/OpenData/MediumEnergy_RHC/Data/Playlist6F/MasterAnaDev_data_AnaTuple_run00025579_Playlist.root	1.4218075635948186e+18	1.4396788680268493e+18	1	21795		
RHC	data	6F	data25580	root://fndcadoor.fnal.gov:1095/pnfs/fnal.gov/usr/minerva/persistent/OpenData/MediumEnergy_RHC/Data/Playlist6F/MasterAnaDev_data_AnaTuple_run00025580_Playlist.root	1.4147437730002404e+18	1.4151481041361329e+18	1	21903		
RHC	data	6F	data25581	root://fndcadoor.fnal.gov:1095/pnfs/fnal.gov/usr/minerva/persistent/OpenData/MediumEnergy_RHC/Data/Playlist6F/MasterAnaDev_data_AnaTuple_run00025581_Playlist.root	1.4045945153446195e+18	1.4134105120334272e+18	1	21558		
RHC	data	6F	data25582	root://fndcadoor.fnal.gov:1095/pnfs/fnal.gov/usr/minerva/persistent/OpenData/MediumEnergy_RHC/Data/Playlist6F/MasterAnaDev_data_AnaTuple_run00025582_Playlist.root	1.2653388020114898e+18	1.2656326901925655e+18	1	19464		
RHC	data	6F	data25583	root://fndcadoor.fnal.gov:1095/pnfs/fnal.gov/usr/minerva/persistent/OpenData/MediumEnergy_RHC/Data/Playlist6F/MasterAnaDev_data_AnaTuple_run00025583_Playlist.root	1.3535912892332078e+18	1.3615280994187633e+18	1	20798		
RHC	data	6F	data25584	root://fndcadoor.fnal.gov:1095/pnfs/fnal.gov/usr/minerva/persistent/OpenData/MediumEnergy_RHC/Data/Playlist6F/MasterAnaDev_data_AnaTuple_run00025584_Playlist.root	1.2305128800653217e+18	1.2307084709249326e+18	1	18929		
RHC	data	6F	data25585	root://fndcadoor.fnal.gov:1095/pnfs/fnal.gov/usr/minerva/persistent/OpenData/MediumEnergy_RHC/Data/Playlist6F/MasterAnaDev_data_AnaTuple_run00025585_Playlist.root	1.3736576049556736e+18	1.373954945182123e+18	1	21244		
RHC	data	6F	data25586	root://fndcadoor.fnal.gov:1095/pnfs/fnal.gov/usr/minerva/persistent/OpenData/MediumEnergy_RHC/Data/Playlist6F/MasterAnaDev_data_AnaTuple_run00025586_Playlist.root	1.3412565470201969e+18	1.348318643237155e+18	1	20573		
RHC	data	6F	data25587	root://fndcadoor.fnal.gov:1095/pnfs/fnal.gov/usr/minerva/persistent/OpenData/MediumEnergy_RHC/Data/Playlist6F/MasterAnaDev_data_AnaTuple_run00025587_Playlist.root	1.1637999649885297e+18	1.1716119774470787e+18	1	17617		
RHC	data	6F	data25588	root://fndcadoor.fnal.gov:1095/pnfs/fnal.gov/usr/minerva/persistent/OpenData/MediumEnergy_RHC/Data/Playlist6F/MasterAnaDev_data_AnaTuple_run00025588_Playlist.root	1.3243869090971948e+18	1.324677900409602e+18	1	20437		
RHC	data	6F	data25589	root://fndcadoor.fnal.gov:1095/pnfs/fnal.gov/usr/minerva/persistent/OpenData/MediumEnergy_RHC/Data/Playlist6F/MasterAnaDev_data_AnaTuple_run00025589_Playlist.root	1.3635244636924268e+18	1.363667957793541e+18	1	20709		
RHC	data	6F	data25590	root://fndcadoor.fnal.gov:1095/pnfs/fnal.gov/usr/minerva/persistent/OpenData/MediumEnergy_RHC/Data/Playlist6F/MasterAnaDev_data_AnaTuple_run00025590_Playlist.root	1.2415462514629368e+18	1.2491771564988623e+18	1	19264		
RHC	data	6F	data25591	root://fndcadoor.fnal.gov:1095/pnfs/fnal.gov/usr/minerva/persistent/OpenData/MediumEnergy_RHC/Data/Playlist6F/MasterAnaDev_data_AnaTuple_run00025591_Playlist.root	1.2244049153082373e+18	1.2668666552275103e+18	1	19064		
RHC	data	6F	data25592	root://fndcadoor.fnal.gov:1095/pnfs/fnal.gov/usr/minerva/persistent/OpenData/MediumEnergy_RHC/Data/Playlist6F/MasterAnaDev_data_AnaTuple_run00025592_Playlist.root	1.0753441338124276e+18	1.0835211654980337e+18	1	16644		
RHC	data	6F	data25593	root://fndcadoor.fnal.gov:1095/pnfs/fnal.gov/usr/minerva/persistent/OpenData/MediumEnergy_RHC/Data/Playlist6F/MasterAnaDev_data_AnaTuple_run00025593_Playlist.root	1.7953875041198733e+17	1.3792871932934252e+18	1	2731		
RHC	data	6F	data25594	root://fndcadoor.fnal.gov:1095/pnfs/fnal.gov/usr/minerva/persistent/OpenData/MediumEnergy_RHC/Data/Playlist6F/MasterAnaDev_data_AnaTuple_run00025594_Playlist.root	7.824357609305976e+17	1.2451680873871654e+18	1	11997		
RHC	data	6F	data25595	root://fndcadoor.fnal.gov:1095/pnfs/fnal.gov/usr/minerva/persistent/OpenData/MediumEnergy_RHC/Data/Playlist6F/MasterAnaDev_data_AnaTuple_run00025595_Playlist.root	1.349018072505474e+18	1.3494543595391498e+18	1	20707		
RHC	data	6F	data25596	root://fndcadoor.fnal.gov:1095/pnfs/fnal.gov/usr/minerva/persistent/OpenData/MediumEnergy_RHC/Data/Playlist6F/MasterAnaDev_data_AnaTuple_run00025596_Playlist.root	1.3584352429723743e+18	1.3671165927609874e+18	1	20826		
RHC	data	6F	data25597	root://fndcadoor.fnal.gov:1095/pnfs/fnal.gov/usr/minerva/persistent/OpenData/MediumEnergy_RHC/Data/Playlist6F/MasterAnaDev_data_AnaTuple_run00025597_Playlist.root	1.2688841364021302e+18	1.2690728687273526e+18	1	19547		
RHC	data	6F	data25598	root://fndcadoor.fnal.gov:1095/pnfs/fnal.gov/usr/minerva/persistent/OpenData/MediumEnergy_RHC/Data/Playlist6F/MasterAnaDev_data_AnaTuple_run00025598_Playlist.root	1.408014156539917e+18	1.4510483268239173e+18	1	21517		
RHC	data	6F	data25599	root://fndcadoor.fnal.gov:1095/pnfs/fnal.gov/usr/minerva/persistent/OpenData/MediumEnergy_RHC/Data/Playlist6F/MasterAnaDev_data_AnaTuple_run00025599_Playlist.root	1.2818722798805235e+18	1.3658592164657254e+18	1	19558		
RHC	data	6F	data25600	root://fndcadoor.fnal.gov:1095/pnfs/fnal.gov/usr/minerva/persistent/OpenData/MediumEnergy_RHC/Data/Playlist6F/MasterAnaDev_data_AnaTuple_run00025600_Playlist.root	1.1555183161344527e+18	1.155901018641863e+18	1	17641		
RHC	data	6F	data25601	root://fndcadoor.fnal.gov:1095/pnfs/fnal.gov/usr/minerva/persistent/OpenData/MediumEnergy_RHC/Data/Playlist6F/MasterAnaDev_data_AnaTuple_run00025601_Playlist.root	1.361467405949592e+18	1.369283658418122e+18	1	20926		
RHC	data	6F	data25602	root://fndcadoor.fnal.gov:1095/pnfs/fnal.gov/usr/minerva/persistent/OpenData/MediumEnergy_RHC/Data/Playlist6F/MasterAnaDev_data_AnaTuple_run00025602_Playlist.root	1.0333718856425284e+18	1.322934332516099e+18	1	15886		
RHC	data	6F	data25603	root://fndcadoor.fnal.gov:1095/pnfs/fnal.gov/usr/minerva/persistent/OpenData/MediumEnergy_RHC/Data/Playlist6F/MasterAnaDev_data_AnaTuple_run00025603_Playlist.root	9.096910792541504e+16	1.2415281248881203e+18	1	1406		
RHC	data	6F	data25604	root://fndcadoor.fnal.gov:1095/pnfs/fnal.gov/usr/minerva/persistent/OpenData/MediumEnergy_RHC/Data/Playlist6F/MasterAnaDev_data_AnaTuple_run00025604_Playlist.root	1.0796344215450289e+18	1.0874980997750275e+18	1	16593		
RHC	data	6F	data25605	root://fndcadoor.fnal.gov:1095/pnfs/fnal.gov/usr/minerva/persistent/OpenData/MediumEnergy_RHC/Data/Playlist6F/MasterAnaDev_data_AnaTuple_run00025605_Playlist.root	1.340582939273834e+18	1.340828036382608e+18	1	20492		
RHC	data	6F	data25606	root://fndcadoor.fnal.gov:1095/pnfs/fnal.gov/usr/minerva/persistent/OpenData/MediumEnergy_RHC/Data/Playlist6F/MasterAnaDev_data_AnaTuple_run00025606_Playlist.root	1.304093178242684e+18	1.310023395995151e+18	1	20156		
RHC	data	6F	data25607	root://fndcadoor.fnal.gov:1095/pnfs/fnal.gov/usr/minerva/persistent/OpenData/MediumEnergy_RHC/Data/Playlist6F/MasterAnaDev_data_AnaTuple_run00025607_Playlist.root	1.3147628405199048e+18	1.3151514917755558e+18	1	20359		
RHC	data	6F	data25608	root://fndcadoor.fnal.gov:1095/pnfs/fnal.gov/usr/minerva/persistent/OpenData/MediumEnergy_RHC/Data/Playlist6F/MasterAnaDev_data_AnaTuple_run00025608_Playlist.root	1.270623897371769e+18	1.353459348792511e+18	1	19494		
RHC	data	6F	data25609	root://fndcadoor.fnal.gov:1095/pnfs/fnal.gov/usr/minerva/persistent/OpenData/MediumEnergy_RHC/Data/Playlist6F/MasterAnaDev_data_AnaTuple_run00025609_Playlist.root	1.350973375879765e+18	1.3596950660119196e+18	1	21025		
RHC	data	6F	data25610	root://fndcadoor.fnal.gov:1095/pnfs/fnal.gov/usr/minerva/persistent/OpenData/MediumEnergy_RHC/Data/Playlist6F/MasterAnaDev_data_AnaTuple_run00025610_Playlist.root	1.3663007618904113e+18	1.366446869185434e+18	1	21001		
RHC	data	6F	data25611	root://fndcadoor.fnal.gov:1095/pnfs/fnal.gov/usr/minerva/persistent/OpenData/MediumEnergy_RHC/Data/Playlist6F/MasterAnaDev_data_AnaTuple_run00025611_Playlist.root	1.3331319889335634e+18	1.3406899970995443e+18	1	20096		
RHC	data	6G	data25612	root://fndcadoor.fnal.gov:1095/pnfs/fnal.gov/usr/minerva/persistent/OpenData/MediumEnergy_RHC/Data/Playlist6G/MasterAnaDev_data_AnaTuple_run00025612_Playlist.root	1.335956729441643e+18	1.3362507111401178e+18	1	20437		
RHC	data	6G	data25613	root://fndcadoor.fnal.gov:1095/pnfs/fnal.gov/usr/minerva/persistent/OpenData/MediumEnergy_RHC/Data/Playlist6G/MasterAnaDev_data_AnaTuple_run00025613_Playlist.root	1.0890887529840475e+18	1.1070794612544732e+18	1	17071		
RHC	data	6G	data25614	root://fndcadoor.fnal.gov:1095/pnfs/fnal.gov/usr/minerva/persistent/OpenData/MediumEnergy_RHC/Data/Playlist6G/MasterAnaDev_data_AnaTuple_run00025614_Playlist.root	1.0004124994232654e+18	1.0014920804265587e+18	1	15554		
RHC	data	6G	data25615	root://fndcadoor.fnal.gov:1095/pnfs/fnal.gov/usr/minerva/persistent/OpenData/MediumEnergy_RHC/Data/Playlist6G/MasterAnaDev_data_AnaTuple_run00025615_Playlist.root	1.386092378328323e+18	1.3864445040040937e+18	1	20882		
RHC	data	6G	data25616	root://fndcadoor.fnal.gov:1095/pnfs/fnal.gov/usr/minerva/persistent/OpenData/MediumEnergy_RHC/Data/Playlist6G/MasterAnaDev_data_AnaTuple_run00025616_Playlist.root	1.354888900882244e+18	1.3629791898004477e+18	1	20848		
RHC	data	6G	data25617	root://fndcadoor.fnal.gov:1095/pnfs/fnal.gov/usr/minerva/persistent/OpenData/MediumEnergy_RHC/Data/Playlist6G/MasterAnaDev_data_AnaTuple_run00025617_Playlist.root	1.3197572970952986e+18	1.3199973076201377e+18	1	20241		
RHC	data	6G	data25618	root://fndcadoor.fnal.gov:1095/pnfs/fnal.gov/usr/minerva/persistent/OpenData/MediumEnergy_RHC/Data/Playlist6G/MasterAnaDev_data_AnaTuple_run00025618_Playlist.root	1.367789050871849e+18	1.3809502140836393e+18	1	20841		
RHC	data	6G	data25619	root://fndcadoor.fnal.gov:1095/pnfs/fnal.gov/usr/minerva/persistent/OpenData/MediumEnergy_RHC/Data/Playlist6G/MasterAnaDev_data_AnaTuple_run00025619_Playlist.root	1.361950190411091e+18	1.4122779757540045e+18	1	20502		
RHC	data	6G	data25620	root://fndcadoor.fnal.gov:1095/pnfs/fnal.gov/usr/minerva/persistent/OpenData/MediumEnergy_RHC/Data/Playlist6G/MasterAnaDev_data_AnaTuple_run00025620_Playlist.root	1.3284672882523535e+18	1.3290138124232456e+18	1	20245		
RHC	data	6G	data25621	root://fndcadoor.fnal.gov:1095/pnfs/fnal.gov/usr/minerva/persistent/OpenData/MediumEnergy_RHC/Data/Playlist6G/MasterAnaDev_data_AnaTuple_run00025621_Playlist.root	1.0875559227266312e+18	1.0947616666245628e+18	1	16773		
RHC	data	6G	data25622	root://fndcadoor.fnal.gov:1095/pnfs/fnal.gov/usr/minerva/persistent/OpenData/MediumEnergy_RHC/Data/Playlist6G/MasterAnaDev_data_AnaTuple_run00025622_Playlist.root	1.3184765011880397e+18	1.3392811697872627e+18	1	20436		
RHC	data	6G	data25623	root://fndcadoor.fnal.gov:1095/pnfs/fnal.gov/usr/minerva/persistent/OpenData/MediumEnergy_RHC/Data/Playlist6G/MasterAnaDev_data_AnaTuple_run00025623_Playlist.root	1.414086260363996e+18	1.4144872334296215e+18	1	22018		
RHC	data	6G	data25624	root://fndcadoor.fnal.gov:1095/pnfs/fnal.gov/usr/minerva/persistent/OpenData/MediumEnergy_RHC/Data/Playlist6G/MasterAnaDev_data_AnaTuple_run00025624_Playlist.root	1.3737730383119585e+18	1.381920785104235e+18	1	21078		
RHC	data	6G	data25625	root://fndcadoor.fnal.gov:1095/pnfs/fnal.gov/usr/minerva/persistent/OpenData/MediumEnergy_RHC/Data/Playlist6G/MasterAnaDev_data_AnaTuple_run00025625_Playlist.root	1.387470792301178e+18	1.3878734748754596e+18	1	21261		
RHC	data	6G	data25626	root://fndcadoor.fnal.gov:1095/pnfs/fnal.gov/usr/minerva/persistent/OpenData/MediumEnergy_RHC/Data/Playlist6G/MasterAnaDev_data_AnaTuple_run00025626_Playlist.root	4.1833083939743046e+17	4.1838004318003686e+17	1	6261		
RHC	data	6G	data25627	root://fndcadoor.fnal.gov:1095/pnfs/fnal.gov/usr/minerva/persistent/OpenData/MediumEnergy_RHC/Data/Playlist6G/MasterAnaDev_data_AnaTuple_run00025627_Playlist.root	1.2784601874682903e+18	1.2923033683238323e+18	1	19736		
RHC	data	6G	data25628	root://fndcadoor.fnal.gov:1095/pnfs/fnal.gov/usr/minerva/persistent/OpenData/MediumEnergy_RHC/Data/Playlist6G/MasterAnaDev_data_AnaTuple_run00025628_Playlist.root	1.3614232917201513e+18	1.3617721275822482e+18	1	20861		
RHC	data	6G	data25629	root://fndcadoor.fnal.gov:1095/pnfs/fnal.gov/usr/minerva/persistent/OpenData/MediumEnergy_RHC/Data/Playlist6G/MasterAnaDev_data_AnaTuple_run00025629_Playlist.root	1.1296186446361542e+18	1.1368791785160827e+18	1	17252		
RHC	data	6G	data25630	root://fndcadoor.fnal.gov:1095/pnfs/fnal.gov/usr/minerva/persistent/OpenData/MediumEnergy_RHC/Data/Playlist6G/MasterAnaDev_data_AnaTuple_run00025630_Playlist.root	1.2159609171409608e+18	1.224500061544165e+18	1	18616		
RHC	data	6G	data25631	root://fndcadoor.fnal.gov:1095/pnfs/fnal.gov/usr/minerva/persistent/OpenData/MediumEnergy_RHC/Data/Playlist6G/MasterAnaDev_data_AnaTuple_run00025631_Playlist.root	1.329799661039352e+18	1.3300427204890762e+18	1	20515		
RHC	data	6G	data25632	root://fndcadoor.fnal.gov:1095/pnfs/fnal.gov/usr/minerva/persistent/OpenData/MediumEnergy_RHC/Data/Playlist6G/MasterAnaDev_data_AnaTuple_run00025632_Playlist.root	1.3960465312781332e+18	1.4141658124042127e+18	1	21455		
RHC	data	6G	data25633	root://fndcadoor.fnal.gov:1095/pnfs/fnal.gov/usr/minerva/persistent/OpenData/MediumEnergy_RHC/Data/Playlist6G/MasterAnaDev_data_AnaTuple_run00025633_Playlist.root	1.2175279683105946e+18	1.2177970971773676e+18	1	18745		
RHC	data	6G	data25634	root://fndcadoor.fnal.gov:1095/pnfs/fnal.gov/usr/minerva/persistent/OpenData/MediumEnergy_RHC/Data/Playlist6G/MasterAnaDev_data_AnaTuple_run00025634_Playlist.root	7.504882924535276e+17	7.581543488610225e+17	1	11343		
RHC	data	6G	data25635	root://fndcadoor.fnal.gov:1095/pnfs/fnal.gov/usr/minerva/persistent/OpenData/MediumEnergy_RHC/Data/Playlist6G/MasterAnaDev_data_AnaTuple_run00025635_Playlist.root	1.2752858051452639e+18	1.3625491283393603e+18	1	19577		
RHC	data	6G	data25636	root://fndcadoor.fnal.gov:1095/pnfs/fnal.gov/usr/minerva/persistent/OpenData/MediumEnergy_RHC/Data/Playlist6G/MasterAnaDev_data_AnaTuple_run00025636_Playlist.root	1.3398961116132736e+18	1.3402877386507407e+18	1	20708		
RHC	data	6G	data25637	root://fndcadoor.fnal.gov:1095/pnfs/fnal.gov/usr/minerva/persistent/OpenData/MediumEnergy_RHC/Data/Playlist6G/MasterAnaDev_data_AnaTuple_run00025637_Playlist.root	1.3824319007537364e+18	1.390061349829363e+18	1	21158		
RHC	data	6G	data25638	root://fndcadoor.fnal.gov:1095/pnfs/fnal.gov/usr/minerva/persistent/OpenData/MediumEnergy_RHC/Data/Playlist6G/MasterAnaDev_data_AnaTuple_run00025638_Playlist.root	8.29001665169239e+17	8.29181066482737e+17	1	12966		
RHC	data	6G	data25639	root://fndcadoor.fnal.gov:1095/pnfs/fnal.gov/usr/minerva/persistent/OpenData/MediumEnergy_RHC/Data/Playlist6G/MasterAnaDev_data_AnaTuple_run00025639_Playlist.root	1.2778425221281052e+18	1.278379097841669e+18	1	19520		
RHC	data	6G	data25640	root://fndcadoor.fnal.gov:1095/pnfs/fnal.gov/usr/minerva/persistent/OpenData/MediumEnergy_RHC/Data/Playlist6G/MasterAnaDev_data_AnaTuple_run00025640_Playlist.root	1.3507490341860055e+18	1.359573964197936e+18	1	20668		
RHC	data	6G	data25641	root://fndcadoor.fnal.gov:1095/pnfs/fnal.gov/usr/minerva/persistent/OpenData/MediumEnergy_RHC/Data/Playlist6G/MasterAnaDev_data_AnaTuple_run00025641_Playlist.root	2.6035871268186573e+18	2.614761364618224e+18	1	39932		
RHC	data	6G	data25642	root://fndcadoor.fnal.gov:1095/pnfs/fnal.gov/usr/minerva/persistent/OpenData/MediumEnergy_RHC/Data/Playlist6G/MasterAnaDev_data_AnaTuple_run00025642_Playlist.root	1.3391204523559808e+18	1.339822511532591e+18	1	20527		
RHC	data	6G	data25643	root://fndcadoor.fnal.gov:1095/pnfs/fnal.gov/usr/minerva/persistent/OpenData/MediumEnergy_RHC/Data/Playlist6G/MasterAnaDev_data_AnaTuple_run00025643_Playlist.root	1.2066552526712417e+18	1.216500827731364e+18	1	18630		
RHC	data	6G	data25644	root://fndcadoor.fnal.gov:1095/pnfs/fnal.gov/usr/minerva/persistent/OpenData/MediumEnergy_RHC/Data/Playlist6G/MasterAnaDev_data_AnaTuple_run00025644_Playlist.root	1.2985392628164293e+18	1.2994396663993016e+18	1	19588		
RHC	data	6G	data25645	root://fndcadoor.fnal.gov:1095/pnfs/fnal.gov/usr/minerva/persistent/OpenData/MediumEnergy_RHC/Data/Playlist6G/MasterAnaDev_data_AnaTuple_run00025645_Playlist.root	1.3453820644180777e+18	1.353023680272946e+18	1	20892		
RHC	data	6G	data25646	root://fndcadoor.fnal.gov:1095/pnfs/fnal.gov/usr/minerva/persistent/OpenData/MediumEnergy_RHC/Data/Playlist6G/MasterAnaDev_data_AnaTuple_run00025646_Playlist.root	1.390852199207306e+18	1.391246226462737e+18	1	21302		
RHC	data	6G	data25647	root://fndcadoor.fnal.gov:1095/pnfs/fnal.gov/usr/minerva/persistent/OpenData/MediumEnergy_RHC/Data/Playlist6G/MasterAnaDev_data_AnaTuple_run00025647_Playlist.root	9.183474857034684e+17	1.3382564137142072e+18	1	14182		
RHC	data	6G	data25648	root://fndcadoor.fnal.gov:1095/pnfs/fnal.gov/usr/minerva/persistent/OpenData/MediumEnergy_RHC/Data/Playlist6G/MasterAnaDev_data_AnaTuple_run00025648_Playlist.root	1.015225641378045e+18	1.3794103615905219e+18	1	15631		
RHC	data	6G	data25649	root://fndcadoor.fnal.gov:1095/pnfs/fnal.gov/usr/minerva/persistent/OpenData/MediumEnergy_RHC/Data/Playlist6G/MasterAnaDev_data_AnaTuple_run00025649_Playlist.root	1.3309375336580278e+18	1.3309849357791736e+18	1	20243		
RHC	data	6G	data25650	root://fndcadoor.fnal.gov:1095/pnfs/fnal.gov/usr/minerva/persistent/OpenData/MediumEnergy_RHC/Data/Playlist6G/MasterAnaDev_data_AnaTuple_run00025650_Playlist.root	1.311986593102455e+18	1.3202059624620403e+18	1	20388		
RHC	data	6G	data25651	root://fndcadoor.fnal.gov:1095/pnfs/fnal.gov/usr/minerva/persistent/OpenData/MediumEnergy_RHC/Data/Playlist6G/MasterAnaDev_data_AnaTuple_run00025651_Playlist.root	1.273745507204056e+18	1.278338520925255e+18	1	19331		
RHC	data	6G	data25652	root://fndcadoor.fnal.gov:1095/pnfs/fnal.gov/usr/minerva/persistent/OpenData/MediumEnergy_RHC/Data/Playlist6G/MasterAnaDev_data_AnaTuple_run00025652_Playlist.root	1.1372851572418212e+18	1.3519797582453804e+18	1	17379		
RHC	data	6G	data25653	root://fndcadoor.fnal.gov:1095/pnfs/fnal.gov/usr/minerva/persistent/OpenData/MediumEnergy_RHC/Data/Playlist6G/MasterAnaDev_data_AnaTuple_run00025653_Playlist.root	6.627544168872836e+17	1.3341076979263962e+18	1	10286		
RHC	data	6G	data25654	root://fndcadoor.fnal.gov:1095/pnfs/fnal.gov/usr/minerva/persistent/OpenData/MediumEnergy_RHC/Data/Playlist6G/MasterAnaDev_data_AnaTuple_run00025654_Playlist.root	1.3038220403058527e+18	1.3422215319936366e+18	1	20101		
RHC	data	6G	data25655	root://fndcadoor.fnal.gov:1095/pnfs/fnal.gov/usr/minerva/persistent/OpenData/MediumEnergy_RHC/Data/Playlist6G/MasterAnaDev_data_AnaTuple_run00025655_Playlist.root	1.3710321739516265e+18	1.379286008975721e+18	1	20868		
RHC	data	6G	data25656	root://fndcadoor.fnal.gov:1095/pnfs/fnal.gov/usr/minerva/persistent/OpenData/MediumEnergy_RHC/Data/Playlist6G/MasterAnaDev_data_AnaTuple_run00025656_Playlist.root	1.3680097684273124e+18	1.3684016209746488e+18	1	20931		
RHC	data	6G	data25657	root://fndcadoor.fnal.gov:1095/pnfs/fnal.gov/usr/minerva/persistent/OpenData/MediumEnergy_RHC/Data/Playlist6G/MasterAnaDev_data_AnaTuple_run00025657_Playlist.root	1.0999193220624325e+18	1.3411959361752271e+18	1	16805		
RHC	data	6G	data25658	root://fndcadoor.fnal.gov:1095/pnfs/fnal.gov/usr/minerva/persistent/OpenData/MediumEnergy_RHC/Data/Playlist6G/MasterAnaDev_data_AnaTuple_run00025658_Playlist.root	7.179243364748954e+17	1.3887146790096893e+18	1	11131		
RHC	data	6G	data25659	root://fndcadoor.fnal.gov:1095/pnfs/fnal.gov/usr/minerva/persistent/OpenData/MediumEnergy_RHC/Data/Playlist6G/MasterAnaDev_data_AnaTuple_run00025659_Playlist.root	8.447019831085204e+17	1.3930443034715858e+18	1	12856		
RHC	data	6G	data25660	root://fndcadoor.fnal.gov:1095/pnfs/fnal.gov/usr/minerva/persistent/OpenData/MediumEnergy_RHC/Data/Playlist6G/MasterAnaDev_data_AnaTuple_run00025660_Playlist.root	1.2229170058752292e+18	1.2230669688206684e+18	1	18608		
RHC	data	6G	data25661	root://fndcadoor.fnal.gov:1095/pnfs/fnal.gov/usr/minerva/persistent/OpenData/MediumEnergy_RHC/Data/Playlist6G/MasterAnaDev_data_AnaTuple_run00025661_Playlist.root	7.865686957864763e+17	1.3626828904402627e+18	1	12019		
RHC	data	6G	data25662	root://fndcadoor.fnal.gov:1095/pnfs/fnal.gov/usr/minerva/persistent/OpenData/MediumEnergy_RHC/Data/Playlist6G/MasterAnaDev_data_AnaTuple_run00025662_Playlist.root	1.2249212082157138e+18	1.3651237756069012e+18	1	18853		
RHC	data	6G	data25663	root://fndcadoor.fnal.gov:1095/pnfs/fnal.gov/usr/minerva/persistent/OpenData/MediumEnergy_RHC/Data/Playlist6G/MasterAnaDev_data_AnaTuple_run00025663_Playlist.root	1.3741866858787538e+18	1.3821303747991547e+18	1	21302		
RHC	data	6G	data25664	root://fndcadoor.fnal.gov:1095/pnfs/fnal.gov/usr/minerva/persistent/OpenData/MediumEnergy_RHC/Data/Playlist6G/MasterAnaDev_data_AnaTuple_run00025664_Playlist.root	7.000758644943238e+17	7.738561541796188e+17	1	10765		
RHC	data	6G	data25670	root://fndcadoor.fnal.gov:1095/pnfs/fnal.gov/usr/minerva/persistent/OpenData/MediumEnergy_RHC/Data/Playlist6G/MasterAnaDev_data_AnaTuple_run00025670_Playlist.root	1.3171454701442724e+18	1.3264053067403267e+18	1	20138		
RHC	data	6G	data25671	root://fndcadoor.fnal.gov:1095/pnfs/fnal.gov/usr/minerva/persistent/OpenData/MediumEnergy_RHC/Data/Playlist6G/MasterAnaDev_data_AnaTuple_run00025671_Playlist.root	1.3756623979315162e+18	1.3759614239348884e+18	1	21000		
RHC	data	6G	data25672	root://fndcadoor.fnal.gov:1095/pnfs/fnal.gov/usr/minerva/persistent/OpenData/MediumEnergy_RHC/Data/Playlist6G/MasterAnaDev_data_AnaTuple_run00025672_Playlist.root	5.933588615591526e+17	1.1894959970473772e+18	1	9137		
RHC	data	6G	data25673	root://fndcadoor.fnal.gov:1095/pnfs/fnal.gov/usr/minerva/persistent/OpenData/MediumEnergy_RHC/Data/Playlist6G/MasterAnaDev_data_AnaTuple_run00025673_Playlist.root	9.901709038795827e+17	1.2326941824625057e+18	1	15349		
RHC	data	6G	data25674	root://fndcadoor.fnal.gov:1095/pnfs/fnal.gov/usr/minerva/persistent/OpenData/MediumEnergy_RHC/Data/Playlist6G/MasterAnaDev_data_AnaTuple_run00025674_Playlist.root	7.857831454906463e+17	1.2096261602618734e+18	1	12060		
RHC	data	6G	data25675	root://fndcadoor.fnal.gov:1095/pnfs/fnal.gov/usr/minerva/persistent/OpenData/MediumEnergy_RHC/Data/Playlist6G/MasterAnaDev_data_AnaTuple_run00025675_Playlist.root	6.025827107388973e+17	6.028074453724385e+17	1	9069		
RHC	data	6G	data25676	root://fndcadoor.fnal.gov:1095/pnfs/fnal.gov/usr/minerva/persistent/OpenData/MediumEnergy_RHC/Data/Playlist6G/MasterAnaDev_data_AnaTuple_run00025676_Playlist.root	2.5614952911567683e+17	2.562836379474839e+17	1	3973		
RHC	data	6G	data25690	root://fndcadoor.fnal.gov:1095/pnfs/fnal.gov/usr/minerva/persistent/OpenData/MediumEnergy_RHC/Data/Playlist6G/MasterAnaDev_data_AnaTuple_run00025690_Playlist.root	1.3374930170412063e+18	1.337870986186136e+18	1	20578		
RHC	data	6G	data25691	root://fndcadoor.fnal.gov:1095/pnfs/fnal.gov/usr/minerva/persistent/OpenData/MediumEnergy_RHC/Data/Playlist6G/MasterAnaDev_data_AnaTuple_run00025691_Playlist.root	1.143149619745493e+18	1.1511893391412338e+18	1	17772		
RHC	data	6G	data25692	root://fndcadoor.fnal.gov:1095/pnfs/fnal.gov/usr/minerva/persistent/OpenData/MediumEnergy_RHC/Data/Playlist6G/MasterAnaDev_data_AnaTuple_run00025692_Playlist.root	4.977386011295318e+17	4.978696054135072e+17	1	7732		
RHC	data	6H	data26000	root://fndcadoor.fnal.gov:1095/pnfs/fnal.gov/usr/minerva/persistent/OpenData/MediumEnergy_RHC/Data/Playlist6H/MasterAnaDev_data_AnaTuple_run00026000_Playlist.root	0.0	-279805084224790.47	1	0		
RHC	data	6H	data26001	root://fndcadoor.fnal.gov:1095/pnfs/fnal.gov/usr/minerva/persistent/OpenData/MediumEnergy_RHC/Data/Playlist6H/MasterAnaDev_data_AnaTuple_run00026001_Playlist.root	0.0	-279805084224790.47	1	0		
RHC	data	6H	data26002	root://fndcadoor.fnal.gov:1095/pnfs/fnal.gov/usr/minerva/persistent/OpenData/MediumEnergy_RHC/Data/Playlist6H/MasterAnaDev_data_AnaTuple_run00026002_Playlist.root	0.0	-278136071441695.22	1	0		
RHC	data	6H	data26003	root://fndcadoor.fnal.gov:1095/pnfs/fnal.gov/usr/minerva/persistent/OpenData/MediumEnergy_RHC/Data/Playlist6H/MasterAnaDev_data_AnaTuple_run00026003_Playlist.root	0.0	-279805084224790.47	1	0		
RHC	data	6H	data26004	root://fndcadoor.fnal.gov:1095/pnfs/fnal.gov/usr/minerva/persistent/OpenData/MediumEnergy_RHC/Data/Playlist6H/MasterAnaDev_data_AnaTuple_run00026004_Playlist.root	0.0	-279648000668734.44	1	0		
RHC	data	6H	data26005	root://fndcadoor.fnal.gov:1095/pnfs/fnal.gov/usr/minerva/persistent/OpenData/MediumEnergy_RHC/Data/Playlist6H/MasterAnaDev_data_AnaTuple_run00026005_Playlist.root	0.0	-279805084224790.47	1	0		
RHC	data	6H	data26006	root://fndcadoor.fnal.gov:1095/pnfs/fnal.gov/usr/minerva/persistent/OpenData/MediumEnergy_RHC/Data/Playlist6H/MasterAnaDev_data_AnaTuple_run00026006_Playlist.root	0.0	5.462716481153512e+17	1	0		
RHC	data	6H	data26007	root://fndcadoor.fnal.gov:1095/pnfs/fnal.gov/usr/minerva/persistent/OpenData/MediumEnergy_RHC/Data/Playlist6H/MasterAnaDev_data_AnaTuple_run00026007_Playlist.root	3.760991487760544e+17	6.681550127071352e+17	1	5949		
RHC	data	6H	data26008	root://fndcadoor.fnal.gov:1095/pnfs/fnal.gov/usr/minerva/persistent/OpenData/MediumEnergy_RHC/Data/Playlist6H/MasterAnaDev_data_AnaTuple_run00026008_Playlist.root	6.564064104061125e+17	6.60040808348584e+17	1	10265		
RHC	data	6H	data26009	root://fndcadoor.fnal.gov:1095/pnfs/fnal.gov/usr/minerva/persistent/OpenData/MediumEnergy_RHC/Data/Playlist6H/MasterAnaDev_data_AnaTuple_run00026009_Playlist.root	7.381146463146207e+17	7.382749818078655e+17	1	11626		
RHC	data	6H	data26010	root://fndcadoor.fnal.gov:1095/pnfs/fnal.gov/usr/minerva/persistent/OpenData/MediumEnergy_RHC/Data/Playlist6H/MasterAnaDev_data_AnaTuple_run00026010_Playlist.root	7.427096978578568e+17	7.851767514858854e+17	1	11524		
RHC	data	6H	data26011	root://fndcadoor.fnal.gov:1095/pnfs/fnal.gov/usr/minerva/persistent/OpenData/MediumEnergy_RHC/Data/Playlist6H/MasterAnaDev_data_AnaTuple_run00026011_Playlist.root	1.7570880455207824e+17	1.7579168907677427e+17	1	2761		
RHC	data	6H	data26013	root://fndcadoor.fnal.gov:1095/pnfs/fnal.gov/usr/minerva/persistent/OpenData/MediumEnergy_RHC/Data/Playlist6H/MasterAnaDev_data_AnaTuple_run00026013_Playlist.root	7.782348421511648e+17	7.818142267173631e+17	1	12248		
RHC	data	6H	data26014	root://fndcadoor.fnal.gov:1095/pnfs/fnal.gov/usr/minerva/persistent/OpenData/MediumEnergy_RHC/Data/Playlist6H/MasterAnaDev_data_AnaTuple_run00026014_Playlist.root	5.383083448162079e+17	5.4182954755040723e+17	1	8469		
RHC	data	6H	data26015	root://fndcadoor.fnal.gov:1095/pnfs/fnal.gov/usr/minerva/persistent/OpenData/MediumEnergy_RHC/Data/Playlist6H/MasterAnaDev_data_AnaTuple_run00026015_Playlist.root	7.070698616232872e+17	7.074139584360271e+17	1	11397		
RHC	data	6H	data26016	root://fndcadoor.fnal.gov:1095/pnfs/fnal.gov/usr/minerva/persistent/OpenData/MediumEnergy_RHC/Data/Playlist6H/MasterAnaDev_data_AnaTuple_run00026016_Playlist.root	5.1573542941808704e+17	6.124363518984584e+17	1	8214		
RHC	data	6H	data26017	root://fndcadoor.fnal.gov:1095/pnfs/fnal.gov/usr/minerva/persistent/OpenData/MediumEnergy_RHC/Data/Playlist6H/MasterAnaDev_data_AnaTuple_run00026017_Playlist.root	7.363695427384376e+17	7.364667251021413e+17	1	11838		
RHC	data	6H	data26018	root://fndcadoor.fnal.gov:1095/pnfs/fnal.gov/usr/minerva/persistent/OpenData/MediumEnergy_RHC/Data/Playlist6H/MasterAnaDev_data_AnaTuple_run00026018_Playlist.root	6.850696761946678e+17	6.851881909977385e+17	1	10759		
RHC	data	6H	data26019	root://fndcadoor.fnal.gov:1095/pnfs/fnal.gov/usr/minerva/persistent/OpenData/MediumEnergy_RHC/Data/Playlist6H/MasterAnaDev_data_AnaTuple_run00026019_Playlist.root	5.157524282441139e+17	5.159341110938842e+17	1	8137		
RHC	data	6H	data26020	root://fndcadoor.fnal.gov:1095/pnfs/fnal.gov/usr/minerva/persistent/OpenData/MediumEnergy_RHC/Data/Playlist6H/MasterAnaDev_data_AnaTuple_run00026020_Playlist.root	9.8296173286438e+16	9.829571754079685e+16	1	1562		
RHC	data	6H	data26022	root://fndcadoor.fnal.gov:1095/pnfs/fnal.gov/usr/minerva/persistent/OpenData/MediumEnergy_RHC/Data/Playlist6H/MasterAnaDev_data_AnaTuple_run00026022_Playlist.root	1.0218010889148712e+17	1.0217957776368315e+17	1	1608		
RHC	data	6H	data26024	root://fndcadoor.fnal.gov:1095/pnfs/fnal.gov/usr/minerva/persistent/OpenData/MediumEnergy_RHC/Data/Playlist6H/MasterAnaDev_data_AnaTuple_run00026024_Playlist.root	7.082853771820069e+17	7.120440459946478e+17	1	11129		
RHC	data	6H	data26025	root://fndcadoor.fnal.gov:1095/pnfs/fnal.gov/usr/minerva/persistent/OpenData/MediumEnergy_RHC/Data/Playlist6H/MasterAnaDev_data_AnaTuple_run00026025_Playlist.root	1.895930689468384e+17	1.8969509792103574e+17	1	3003		
RHC	data	6H	data26027	root://fndcadoor.fnal.gov:1095/pnfs/fnal.gov/usr/minerva/persistent/OpenData/MediumEnergy_RHC/Data/Playlist6H/MasterAnaDev_data_AnaTuple_run00026027_Playlist.root	6.13447807677269e+17	6.135760686375904e+17	1	9683		
RHC	data	6H	data26028	root://fndcadoor.fnal.gov:1095/pnfs/fnal.gov/usr/minerva/persistent/OpenData/MediumEnergy_RHC/Data/Playlist6H/MasterAnaDev_data_AnaTuple_run00026028_Playlist.root	9341294763565064.0	9341294763565064.0	1	148		
RHC	data	6H	data26030	root://fndcadoor.fnal.gov:1095/pnfs/fnal.gov/usr/minerva/persistent/OpenData/MediumEnergy_RHC/Data/Playlist6H/MasterAnaDev_data_AnaTuple_run00026030_Playlist.root	7.004581207275391e+17	7.172359603212724e+17	1	11034		
RHC	data	6H	data26031	root://fndcadoor.fnal.gov:1095/pnfs/fnal.gov/usr/minerva/persistent/OpenData/MediumEnergy_RHC/Data/Playlist6H/MasterAnaDev_data_AnaTuple_run00026031_Playlist.root	3214859064102173.0	3214859064102173.0	1	65		
RHC	data	6H	data26033	root://fndcadoor.fnal.gov:1095/pnfs/fnal.gov/usr/minerva/persistent/OpenData/MediumEnergy_RHC/Data/Playlist6H/MasterAnaDev_data_AnaTuple_run00026033_Playlist.root	2.4014524537467958e+17	2.4024959980964662e+17	1	3763		
RHC	data	6H	data26034	root://fndcadoor.fnal.gov:1095/pnfs/fnal.gov/usr/minerva/persistent/OpenData/MediumEnergy_RHC/Data/Playlist6H/MasterAnaDev_data_AnaTuple_run00026034_Playlist.root	3166458526611328.0	3166458526611328.0	1	50		
RHC	data	6H	data26035	root://fndcadoor.fnal.gov:1095/pnfs/fnal.gov/usr/minerva/persistent/OpenData/MediumEnergy_RHC/Data/Playlist6H/MasterAnaDev_data_AnaTuple_run00026035_Playlist.root	1.1770677657222747e+17	1.177024164396231e+17	1	1865		
RHC	data	6H	data26036	root://fndcadoor.fnal.gov:1095/pnfs/fnal.gov/usr/minerva/persistent/OpenData/MediumEnergy_RHC/Data/Playlist6H/MasterAnaDev_data_AnaTuple_run00026036_Playlist.root	7.323373396739958e+17	7.365244355883396e+17	1	11577		
RHC	data	6H	data26037	root://fndcadoor.fnal.gov:1095/pnfs/fnal.gov/usr/minerva/persistent/OpenData/MediumEnergy_RHC/Data/Playlist6H/MasterAnaDev_data_AnaTuple_run00026037_Playlist.root	7.383648277015688e+17	7.385458811050618e+17	1	11728		
RHC	data	6H	data26038	root://fndcadoor.fnal.gov:1095/pnfs/fnal.gov/usr/minerva/persistent/OpenData/MediumEnergy_RHC/Data/Playlist6H/MasterAnaDev_data_AnaTuple_run00026038_Playlist.root	7.158120014433861e+17	7.158801589815948e+17	1	11264		
RHC	data	6H	data26039	root://fndcadoor.fnal.gov:1095/pnfs/fnal.gov/usr/minerva/persistent/OpenData/MediumEnergy_RHC/Data/Playlist6H/MasterAnaDev_data_AnaTuple_run00026039_Playlist.root	6.521152811918259e+17	6.870148654904552e+17	1	10343		
RHC	data	6H	data26040	root://fndcadoor.fnal.gov:1095/pnfs/fnal.gov/usr/minerva/persistent/OpenData/MediumEnergy_RHC/Data/Playlist6H/MasterAnaDev_data_AnaTuple_run00026040_Playlist.root	6.867855162539484e+17	7.013586189201946e+17	1	10887		
RHC	data	6H	data26041	root://fndcadoor.fnal.gov:1095/pnfs/fnal.gov/usr/minerva/persistent/OpenData/MediumEnergy_RHC/Data/Playlist6H/MasterAnaDev_data_AnaTuple_run00026041_Playlist.root	6.66682978591919e+17	7.440095067677256e+17	1	10589		
RHC	data	6H	data26042	root://fndcadoor.fnal.gov:1095/pnfs/fnal.gov/usr/minerva/persistent/OpenData/MediumEnergy_RHC/Data/Playlist6H/MasterAnaDev_data_AnaTuple_run00026042_Playlist.root	7.545411512393953e+17	7.547855302900342e+17	1	11955		
RHC	data	6H	data26043	root://fndcadoor.fnal.gov:1095/pnfs/fnal.gov/usr/minerva/persistent/OpenData/MediumEnergy_RHC/Data/Playlist6H/MasterAnaDev_data_AnaTuple_run00026043_Playlist.root	7.288748222250938e+17	7.327932046833368e+17	1	11561		
RHC	data	6H	data26044	root://fndcadoor.fnal.gov:1095/pnfs/fnal.gov/usr/minerva/persistent/OpenData/MediumEnergy_RHC/Data/Playlist6H/MasterAnaDev_data_AnaTuple_run00026044_Playlist.root	7.139941941890717e+17	7.141731446258003e+17	1	11237		
RHC	data	6H	data26045	root://fndcadoor.fnal.gov:1095/pnfs/fnal.gov/usr/minerva/persistent/OpenData/MediumEnergy_RHC/Data/Playlist6H/MasterAnaDev_data_AnaTuple_run00026045_Playlist.root	2.8971540786904096e+17	2.935943034931807e+17	1	4691		
RHC	data	6H	data26048	root://fndcadoor.fnal.gov:1095/pnfs/fnal.gov/usr/minerva/persistent/OpenData/MediumEnergy_RHC/Data/Playlist6H/MasterAnaDev_data_AnaTuple_run00026048_Playlist.root	6.818402135834694e+17	6.819581094116092e+17	1	10983		
RHC	data	6H	data26049	root://fndcadoor.fnal.gov:1095/pnfs/fnal.gov/usr/minerva/persistent/OpenData/MediumEnergy_RHC/Data/Playlist6H/MasterAnaDev_data_AnaTuple_run00026049_Playlist.root	8.343082455558775e+17	8.149796518502853e+17	1	13042		
RHC	data	6H	data26050	root://fndcadoor.fnal.gov:1095/pnfs/fnal.gov/usr/minerva/persistent/OpenData/MediumEnergy_RHC/Data/Playlist6H/MasterAnaDev_data_AnaTuple_run00026050_Playlist.root	9.1304690651083e+17	9.196306747460589e+17	1	14175		
RHC	data	6H	data26051	root://fndcadoor.fnal.gov:1095/pnfs/fnal.gov/usr/minerva/persistent/OpenData/MediumEnergy_RHC/Data/Playlist6H/MasterAnaDev_data_AnaTuple_run00026051_Playlist.root	7.355914906819464e+17	7.357399568093884e+17	1	11417		
RHC	data	6H	data26052	root://fndcadoor.fnal.gov:1095/pnfs/fnal.gov/usr/minerva/persistent/OpenData/MediumEnergy_RHC/Data/Playlist6H/MasterAnaDev_data_AnaTuple_run00026052_Playlist.root	8.036608302326203e+17	8.100633040043194e+17	1	12405		
RHC	data	6H	data26053	root://fndcadoor.fnal.gov:1095/pnfs/fnal.gov/usr/minerva/persistent/OpenData/MediumEnergy_RHC/Data/Playlist6H/MasterAnaDev_data_AnaTuple_run00026053_Playlist.root	8.8825463357687e+17	8.936959299524479e+17	1	13862		
RHC	data	6H	data26054	root://fndcadoor.fnal.gov:1095/pnfs/fnal.gov/usr/minerva/persistent/OpenData/MediumEnergy_RHC/Data/Playlist6H/MasterAnaDev_data_AnaTuple_run00026054_Playlist.root	7.666626070415375e+17	7.669378059665019e+17	1	11893		
RHC	data	6H	data26055	root://fndcadoor.fnal.gov:1095/pnfs/fnal.gov/usr/minerva/persistent/OpenData/MediumEnergy_RHC/Data/Playlist6H/MasterAnaDev_data_AnaTuple_run00026055_Playlist.root	9.290283661699295e+17	9.341566271155116e+17	1	14526		
RHC	data	6H	data26056	root://fndcadoor.fnal.gov:1095/pnfs/fnal.gov/usr/minerva/persistent/OpenData/MediumEnergy_RHC/Data/Playlist6H/MasterAnaDev_data_AnaTuple_run00026056_Playlist.root	6.050729927444458e+16	1.115308831196021e+17	1	936		
RHC	data	6H	data26057	root://fndcadoor.fnal.gov:1095/pnfs/fnal.gov/usr/minerva/persistent/OpenData/MediumEnergy_RHC/Data/Playlist6H/MasterAnaDev_data_AnaTuple_run00026057_Playlist.root	1.0427695312423708e+18	1.0460950079945156e+18	1	16071		
RHC	data	6H	data26058	root://fndcadoor.fnal.gov:1095/pnfs/fnal.gov/usr/minerva/persistent/OpenData/MediumEnergy_RHC/Data/Playlist6H/MasterAnaDev_data_AnaTuple_run00026058_Playlist.root	1.0169186376042365e+18	1.0408078284938483e+18	1	15867		
RHC	data	6H	data26059	root://fndcadoor.fnal.gov:1095/pnfs/fnal.gov/usr/minerva/persistent/OpenData/MediumEnergy_RHC/Data/Playlist6H/MasterAnaDev_data_AnaTuple_run00026059_Playlist.root	9.856260116724968e+17	9.857024851346372e+17	1	15236		
RHC	data	6H	data26060	root://fndcadoor.fnal.gov:1095/pnfs/fnal.gov/usr/minerva/persistent/OpenData/MediumEnergy_RHC/Data/Playlist6H/MasterAnaDev_data_AnaTuple_run00026060_Playlist.root	8.334769763088225e+17	8.338123260759473e+17	1	12873		
RHC	data	6H	data26090	root://fndcadoor.fnal.gov:1095/pnfs/fnal.gov/usr/minerva/persistent/OpenData/MediumEnergy_RHC/Data/Playlist6H/MasterAnaDev_data_AnaTuple_run00026090_Playlist.root	8.933636369686127e+17	8.934400526329043e+17	1	13741		
RHC	data	6H	data26091	root://fndcadoor.fnal.gov:1095/pnfs/fnal.gov/usr/minerva/persistent/OpenData/MediumEnergy_RHC/Data/Playlist6H/MasterAnaDev_data_AnaTuple_run00026091_Playlist.root	1.1733406634988785e+18	1.1792004576757087e+18	1	18074		
RHC	data	6H	data26092	root://fndcadoor.fnal.gov:1095/pnfs/fnal.gov/usr/minerva/persistent/OpenData/MediumEnergy_RHC/Data/Playlist6H/MasterAnaDev_data_AnaTuple_run00026092_Playlist.root	1.0775967827396393e+18	1.0778995625440086e+18	1	16327		
RHC	data	6H	data26093	root://fndcadoor.fnal.gov:1095/pnfs/fnal.gov/usr/minerva/persistent/OpenData/MediumEnergy_RHC/Data/Playlist6H/MasterAnaDev_data_AnaTuple_run00026093_Playlist.root	1.240789941904068e+18	1.2483274478950684e+18	1	19166		
RHC	data	6H	data26094	root://fndcadoor.fnal.gov:1095/pnfs/fnal.gov/usr/minerva/persistent/OpenData/MediumEnergy_RHC/Data/Playlist6H/MasterAnaDev_data_AnaTuple_run00026094_Playlist.root	1.2998020729141238e+18	1.3002205010538883e+18	1	19960		
RHC	data	6H	data26095	root://fndcadoor.fnal.gov:1095/pnfs/fnal.gov/usr/minerva/persistent/OpenData/MediumEnergy_RHC/Data/Playlist6H/MasterAnaDev_data_AnaTuple_run00026095_Playlist.root	1.298444254527569e+18	1.3060198652326052e+18	1	19826		
RHC	data	6H	data26096	root://fndcadoor.fnal.gov:1095/pnfs/fnal.gov/usr/minerva/persistent/OpenData/MediumEnergy_RHC/Data/Playlist6H/MasterAnaDev_data_AnaTuple_run00026096_Playlist.root	1.307003166507721e+18	1.3074670712386196e+18	1	19885		
RHC	data	6H	data26097	root://fndcadoor.fnal.gov:1095/pnfs/fnal.gov/usr/minerva/persistent/OpenData/MediumEnergy_RHC/Data/Playlist6H/MasterAnaDev_data_AnaTuple_run00026097_Playlist.root	1.2844790579071048e+18	1.291953572138483e+18	1	19697		
RHC	data	6H	data26098	root://fndcadoor.fnal.gov:1095/pnfs/fnal.gov/usr/minerva/persistent/OpenData/MediumEnergy_RHC/Data/Playlist6H/MasterAnaDev_data_AnaTuple_run00026098_Playlist.root	1.3307074036104684e+18	1.3310833274462935e+18	1	20453		
RHC	data	6H	data26099	root://fndcadoor.fnal.gov:1095/pnfs/fnal.gov/usr/minerva/persistent/OpenData/MediumEnergy_RHC/Data/Playlist6H/MasterAnaDev_data_AnaTuple_run00026099_Playlist.root	1.2659382020313743e+18	1.273314655829213e+18	1	19340		
RHC	data	6H	data26100	root://fndcadoor.fnal.gov:1095/pnfs/fnal.gov/usr/minerva/persistent/OpenData/MediumEnergy_RHC/Data/Playlist6H/MasterAnaDev_data_AnaTuple_run00026100_Playlist.root	1.3304690636367795e+18	1.330845538765635e+18	1	20264		
RHC	data	6H	data26101	root://fndcadoor.fnal.gov:1095/pnfs/fnal.gov/usr/minerva/persistent/OpenData/MediumEnergy_RHC/Data/Playlist6H/MasterAnaDev_data_AnaTuple_run00026101_Playlist.root	1.2718047803075313e+18	1.2785702743816579e+18	1	19223		
RHC	data	6H	data26102	root://fndcadoor.fnal.gov:1095/pnfs/fnal.gov/usr/minerva/persistent/OpenData/MediumEnergy_RHC/Data/Playlist6H/MasterAnaDev_data_AnaTuple_run00026102_Playlist.root	1.326212335243225e+18	1.326589082604982e+18	1	20222		
RHC	data	6H	data26103	root://fndcadoor.fnal.gov:1095/pnfs/fnal.gov/usr/minerva/persistent/OpenData/MediumEnergy_RHC/Data/Playlist6H/MasterAnaDev_data_AnaTuple_run00026103_Playlist.root	1.238363209312439e+18	1.2398114493036145e+18	1	18747		
RHC	data	6H	data26104	root://fndcadoor.fnal.gov:1095/pnfs/fnal.gov/usr/minerva/persistent/OpenData/MediumEnergy_RHC/Data/Playlist6H/MasterAnaDev_data_AnaTuple_run00026104_Playlist.root	1.279042948384285e+18	1.279373275586325e+18	1	19490		
RHC	data	6H	data26105	root://fndcadoor.fnal.gov:1095/pnfs/fnal.gov/usr/minerva/persistent/OpenData/MediumEnergy_RHC/Data/Playlist6H/MasterAnaDev_data_AnaTuple_run00026105_Playlist.root	1.2955577070312504e+18	1.3037890215084787e+18	1	19693		
RHC	data	6H	data26106	root://fndcadoor.fnal.gov:1095/pnfs/fnal.gov/usr/minerva/persistent/OpenData/MediumEnergy_RHC/Data/Playlist6H/MasterAnaDev_data_AnaTuple_run00026106_Playlist.root	1.1413140510168074e+18	1.2724164321433905e+18	1	17357		
RHC	data	6H	data26107	root://fndcadoor.fnal.gov:1095/pnfs/fnal.gov/usr/minerva/persistent/OpenData/MediumEnergy_RHC/Data/Playlist6H/MasterAnaDev_data_AnaTuple_run00026107_Playlist.root	1.327678801199436e+18	1.3280547191605565e+18	1	20198		
RHC	data	6H	data26108	root://fndcadoor.fnal.gov:1095/pnfs/fnal.gov/usr/minerva/persistent/OpenData/MediumEnergy_RHC/Data/Playlist6H/MasterAnaDev_data_AnaTuple_run00026108_Playlist.root	1.2841590905781983e+18	1.3306980997950815e+18	1	19664		
RHC	data	6H	data26109	root://fndcadoor.fnal.gov:1095/pnfs/fnal.gov/usr/minerva/persistent/OpenData/MediumEnergy_RHC/Data/Playlist6H/MasterAnaDev_data_AnaTuple_run00026109_Playlist.root	1.3275549437503816e+18	1.3277923994161697e+18	1	20219		
RHC	data	6H	data26110	root://fndcadoor.fnal.gov:1095/pnfs/fnal.gov/usr/minerva/persistent/OpenData/MediumEnergy_RHC/Data/Playlist6H/MasterAnaDev_data_AnaTuple_run00026110_Playlist.root	1.3314973386516572e+18	1.3316857250282035e+18	1	20136		
RHC	data	6H	data26111	root://fndcadoor.fnal.gov:1095/pnfs/fnal.gov/usr/minerva/persistent/OpenData/MediumEnergy_RHC/Data/Playlist6H/MasterAnaDev_data_AnaTuple_run00026111_Playlist.root	1.333622507285118e+18	1.3412259192679593e+18	1	20286		
RHC	data	6H	data26112	root://fndcadoor.fnal.gov:1095/pnfs/fnal.gov/usr/minerva/persistent/OpenData/MediumEnergy_RHC/Data/Playlist6H/MasterAnaDev_data_AnaTuple_run00026112_Playlist.root	1.3153773112974167e+18	1.337922794905497e+18	1	20027		
RHC	data	6H	data26113	root://fndcadoor.fnal.gov:1095/pnfs/fnal.gov/usr/minerva/persistent/OpenData/MediumEnergy_RHC/Data/Playlist6H/MasterAnaDev_data_AnaTuple_run00026113_Playlist.root	1.2884998545422554e+18	1.2888291257695176e+18	1	19637		
RHC	data	6H	data26114	root://fndcadoor.fnal.gov:1095/pnfs/fnal.gov/usr/minerva/persistent/OpenData/MediumEnergy_RHC/Data/Playlist6H/MasterAnaDev_data_AnaTuple_run00026114_Playlist.root	1.2454168418421747e+18	1.345357811722301e+18	1	18917		
RHC	data	6H	data26115	root://fndcadoor.fnal.gov:1095/pnfs/fnal.gov/usr/minerva/persistent/OpenData/MediumEnergy_RHC/Data/Playlist6H/MasterAnaDev_data_AnaTuple_run00026115_Playlist.root	6.382451081657409e+17	1.279407890307408e+18	1	9933		
RHC	data	6H	data26116	root://fndcadoor.fnal.gov:1095/pnfs/fnal.gov/usr/minerva/persistent/OpenData/MediumEnergy_RHC/Data/Playlist6H/MasterAnaDev_data_AnaTuple_run00026116_Playlist.root	1.3066354187340739e+18	1.3138562489543613e+18	1	19921		
RHC	data	6H	data26117	root://fndcadoor.fnal.gov:1095/pnfs/fnal.gov/usr/minerva/persistent/OpenData/MediumEnergy_RHC/Data/Playlist6H/MasterAnaDev_data_AnaTuple_run00026117_Playlist.root	1.3107776284458634e+18	1.3110109860049354e+18	1	20165		
RHC	data	6H	data26118	root://fndcadoor.fnal.gov:1095/pnfs/fnal.gov/usr/minerva/persistent/OpenData/MediumEnergy_RHC/Data/Playlist6H/MasterAnaDev_data_AnaTuple_run00026118_Playlist.root	1.2372368196389673e+18	1.2841523317620303e+18	1	19002		
RHC	data	6H	data26119	root://fndcadoor.fnal.gov:1095/pnfs/fnal.gov/usr/minerva/persistent/OpenData/MediumEnergy_RHC/Data/Playlist6H/MasterAnaDev_data_AnaTuple_run00026119_Playlist.root	1.0586970495164394e+18	1.0590825904972009e+18	1	16120		
RHC	data	6H	data26120	root://fndcadoor.fnal.gov:1095/pnfs/fnal.gov/usr/minerva/persistent/OpenData/MediumEnergy_RHC/Data/Playlist6H/MasterAnaDev_data_AnaTuple_run00026120_Playlist.root	1.2586694879131315e+18	1.279921154247785e+18	1	19090		
RHC	data	6H	data26121	root://fndcadoor.fnal.gov:1095/pnfs/fnal.gov/usr/minerva/persistent/OpenData/MediumEnergy_RHC/Data/Playlist6H/MasterAnaDev_data_AnaTuple_run00026121_Playlist.root	1.2236842315387725e+18	1.2588524537308142e+18	1	18542		
RHC	data	6H	data26122	root://fndcadoor.fnal.gov:1095/pnfs/fnal.gov/usr/minerva/persistent/OpenData/MediumEnergy_RHC/Data/Playlist6H/MasterAnaDev_data_AnaTuple_run00026122_Playlist.root	1.3481797956542968e+18	1.3485270171196321e+18	1	20291		
RHC	data	6H	data26123	root://fndcadoor.fnal.gov:1095/pnfs/fnal.gov/usr/minerva/persistent/OpenData/MediumEnergy_RHC/Data/Playlist6H/MasterAnaDev_data_AnaTuple_run00026123_Playlist.root	1.2557679122773407e+18	1.264688945373103e+18	1	19109		
RHC	data	6H	data26124	root://fndcadoor.fnal.gov:1095/pnfs/fnal.gov/usr/minerva/persistent/OpenData/MediumEnergy_RHC/Data/Playlist6H/MasterAnaDev_data_AnaTuple_run00026124_Playlist.root	5.3331016399383544e+16	5.333100800682849e+16	1	806		
RHC	data	6H	data26125	root://fndcadoor.fnal.gov:1095/pnfs/fnal.gov/usr/minerva/persistent/OpenData/MediumEnergy_RHC/Data/Playlist6H/MasterAnaDev_data_AnaTuple_run00026125_Playlist.root	1.3879677973365788e+18	1.3885568474201892e+18	1	20937		
RHC	data	6H	data26126	root://fndcadoor.fnal.gov:1095/pnfs/fnal.gov/usr/minerva/persistent/OpenData/MediumEnergy_RHC/Data/Playlist6H/MasterAnaDev_data_AnaTuple_run00026126_Playlist.root	1.3200709279575342e+18	1.344719720916823e+18	1	20206		
RHC	data	6H	data26127	root://fndcadoor.fnal.gov:1095/pnfs/fnal.gov/usr/minerva/persistent/OpenData/MediumEnergy_RHC/Data/Playlist6H/MasterAnaDev_data_AnaTuple_run00026127_Playlist.root	1.405416220990181e+18	1.405809568866013e+18	1	21613		
RHC	data	6H	data26128	root://fndcadoor.fnal.gov:1095/pnfs/fnal.gov/usr/minerva/persistent/OpenData/MediumEnergy_RHC/Data/Playlist6H/MasterAnaDev_data_AnaTuple_run00026128_Playlist.root	1.3704110143167974e+18	1.377910057244939e+18	1	20983		
RHC	data	6H	data26129	root://fndcadoor.fnal.gov:1095/pnfs/fnal.gov/usr/minerva/persistent/OpenData/MediumEnergy_RHC/Data/Playlist6H/MasterAnaDev_data_AnaTuple_run00026129_Playlist.root	1.3730185678480863e+18	1.3734147087973676e+18	1	20959		
RHC	data	6H	data26130	root://fndcadoor.fnal.gov:1095/pnfs/fnal.gov/usr/minerva/persistent/OpenData/MediumEnergy_RHC/Data/Playlist6H/MasterAnaDev_data_AnaTuple_run00026130_Playlist.root	1.3810314431343076e+18	1.388895237394434e+18	1	20818		
RHC	data	6H	data26131	root://fndcadoor.fnal.gov:1095/pnfs/fnal.gov/usr/minerva/persistent/OpenData/MediumEnergy_RHC/Data/Playlist6H/MasterAnaDev_data_AnaTuple_run00026131_Playlist.root	1.3684080903182031e+18	1.368800867811678e+18	1	20890		
RHC	data	6H	data26132	root://fndcadoor.fnal.gov:1095/pnfs/fnal.gov/usr/minerva/persistent/OpenData/MediumEnergy_RHC/Data/Playlist6H/MasterAnaDev_data_AnaTuple_run00026132_Playlist.root	1.392833797627449e+18	1.393080229149858e+18	1	21275		
RHC	data	6H	data26133	root://fndcadoor.fnal.gov:1095/pnfs/fnal.gov/usr/minerva/persistent/OpenData/MediumEnergy_RHC/Data/Playlist6H/MasterAnaDev_data_AnaTuple_run00026133_Playlist.root	1.22749928150177e+17	1.3699349678689021e+18	1	1948		
RHC	data	6H	data26134	root://fndcadoor.fnal.gov:1095/pnfs/fnal.gov/usr/minerva/persistent/OpenData/MediumEnergy_RHC/Data/Playlist6H/MasterAnaDev_data_AnaTuple_run00026134_Playlist.root	0.0	1.3970393483476027e+18	1	0		
RHC	data	6H	data26135	root://fndcadoor.fnal.gov:1095/pnfs/fnal.gov/usr/minerva/persistent/OpenData/MediumEnergy_RHC/Data/Playlist6H/MasterAnaDev_data_AnaTuple_run00026135_Playlist.root	1.2137935326766968e+17	1.3869312852346644e+18	1	1843		
RHC	data	6H	data26136	root://fndcadoor.fnal.gov:1095/pnfs/fnal.gov/usr/minerva/persistent/OpenData/MediumEnergy_RHC/Data/Playlist6H/MasterAnaDev_data_AnaTuple_run00026136_Playlist.root	1.3336480337247854e+18	1.3339992157226184e+18	1	20248		
RHC	data	6H	data26137	root://fndcadoor.fnal.gov:1095/pnfs/fnal.gov/usr/minerva/persistent/OpenData/MediumEnergy_RHC/Data/Playlist6H/MasterAnaDev_data_AnaTuple_run00026137_Playlist.root	1.4024100360889436e+18	1.410221084661144e+18	1	21491		
RHC	data	6H	data26138	root://fndcadoor.fnal.gov:1095/pnfs/fnal.gov/usr/minerva/persistent/OpenData/MediumEnergy_RHC/Data/Playlist6H/MasterAnaDev_data_AnaTuple_run00026138_Playlist.root	1.3176590239582057e+18	1.3935333702256712e+18	1	20022		
RHC	data	6H	data26139	root://fndcadoor.fnal.gov:1095/pnfs/fnal.gov/usr/minerva/persistent/OpenData/MediumEnergy_RHC/Data/Playlist6H/MasterAnaDev_data_AnaTuple_run00026139_Playlist.root	1.3611324247817992e+18	1.361732327024802e+18	1	20675		
RHC	data	6H	data26140	root://fndcadoor.fnal.gov:1095/pnfs/fnal.gov/usr/minerva/persistent/OpenData/MediumEnergy_RHC/Data/Playlist6H/MasterAnaDev_data_AnaTuple_run00026140_Playlist.root	1.3818729307713508e+18	1.390517218153748e+18	1	20809		
RHC	data	6H	data26141	root://fndcadoor.fnal.gov:1095/pnfs/fnal.gov/usr/minerva/persistent/OpenData/MediumEnergy_RHC/Data/Playlist6H/MasterAnaDev_data_AnaTuple_run00026141_Playlist.root	1.3978181682319642e+18	1.3982163950034388e+18	1	21232		
RHC	data	6H	data26142	root://fndcadoor.fnal.gov:1095/pnfs/fnal.gov/usr/minerva/persistent/OpenData/MediumEnergy_RHC/Data/Playlist6H/MasterAnaDev_data_AnaTuple_run00026142_Playlist.root	1.3664336626014705e+18	1.3752378683381228e+18	1	20855		
RHC	data	6H	data26143	root://fndcadoor.fnal.gov:1095/pnfs/fnal.gov/usr/minerva/persistent/OpenData/MediumEnergy_RHC/Data/Playlist6H/MasterAnaDev_data_AnaTuple_run00026143_Playlist.root	1.2275298652153016e+18	1.2356697403692792e+18	1	18517		
RHC	data	6H	data26144	root://fndcadoor.fnal.gov:1095/pnfs/fnal.gov/usr/minerva/persistent/OpenData/MediumEnergy_RHC/Data/Playlist6H/MasterAnaDev_data_AnaTuple_run00026144_Playlist.root	1.3315908221955302e+18	1.3320902595926162e+18	1	20434		
RHC	data	6H	data26145	root://fndcadoor.fnal.gov:1095/pnfs/fnal.gov/usr/minerva/persistent/OpenData/MediumEnergy_RHC/Data/Playlist6H/MasterAnaDev_data_AnaTuple_run00026145_Playlist.root	1.2623153166098596e+18	1.2703325540457508e+18	1	19398		
RHC	data	6H	data26146	root://fndcadoor.fnal.gov:1095/pnfs/fnal.gov/usr/minerva/persistent/OpenData/MediumEnergy_RHC/Data/Playlist6H/MasterAnaDev_data_AnaTuple_run00026146_Playlist.root	6.774833869304658e+17	1.3648797882551885e+18	1	10284		
RHC	data	6H	data26147	root://fndcadoor.fnal.gov:1095/pnfs/fnal.gov/usr/minerva/persistent/OpenData/MediumEnergy_RHC/Data/Playlist6H/MasterAnaDev_data_AnaTuple_run00026147_Playlist.root	7.209780416450502e+17	1.3491394361590446e+18	1	11163		
RHC	data	6H	data26148	root://fndcadoor.fnal.gov:1095/pnfs/fnal.gov/usr/minerva/persistent/OpenData/MediumEnergy_RHC/Data/Playlist6H/MasterAnaDev_data_AnaTuple_run00026148_Playlist.root	1.0069511141800879e+18	1.1869366724452308e+18	1	15265		
RHC	data	6H	data26149	root://fndcadoor.fnal.gov:1095/pnfs/fnal.gov/usr/minerva/persistent/OpenData/MediumEnergy_RHC/Data/Playlist6H/MasterAnaDev_data_AnaTuple_run00026149_Playlist.root	1.2142125668306348e+18	1.395032461287032e+18	1	18220		
RHC	data	6H	data26150	root://fndcadoor.fnal.gov:1095/pnfs/fnal.gov/usr/minerva/persistent/OpenData/MediumEnergy_RHC/Data/Playlist6H/MasterAnaDev_data_AnaTuple_run00026150_Playlist.root	1.1459685991840364e+18	1.1462210225842461e+18	1	17465		
RHC	data	6H	data26151	root://fndcadoor.fnal.gov:1095/pnfs/fnal.gov/usr/minerva/persistent/OpenData/MediumEnergy_RHC/Data/Playlist6H/MasterAnaDev_data_AnaTuple_run00026151_Playlist.root	1.344323012104034e+18	1.3525717263982188e+18	1	20502		
RHC	data	6H	data26152	root://fndcadoor.fnal.gov:1095/pnfs/fnal.gov/usr/minerva/persistent/OpenData/MediumEnergy_RHC/Data/Playlist6H/MasterAnaDev_data_AnaTuple_run00026152_Playlist.root	1.36916572405529e+18	1.3694126768357138e+18	1	21016		
RHC	data	6H	data26153	root://fndcadoor.fnal.gov:1095/pnfs/fnal.gov/usr/minerva/persistent/OpenData/MediumEnergy_RHC/Data/Playlist6H/MasterAnaDev_data_AnaTuple_run00026153_Playlist.root	1.378260683660507e+18	1.3860233456260595e+18	1	21295		
RHC	data	6H	data26154	root://fndcadoor.fnal.gov:1095/pnfs/fnal.gov/usr/minerva/persistent/OpenData/MediumEnergy_RHC/Data/Playlist6H/MasterAnaDev_data_AnaTuple_run00026154_Playlist.root	1.1374524737091064e+18	1.1379009784066579e+18	1	17311		
RHC	data	6H	data26155	root://fndcadoor.fnal.gov:1095/pnfs/fnal.gov/usr/minerva/persistent/OpenData/MediumEnergy_RHC/Data/Playlist6H/MasterAnaDev_data_AnaTuple_run00026155_Playlist.root	1.27162311933136e+18	1.2718184629972826e+18	1	19013		
RHC	data	6H	data26157	root://fndcadoor.fnal.gov:1095/pnfs/fnal.gov/usr/minerva/persistent/OpenData/MediumEnergy_RHC/Data/Playlist6H/MasterAnaDev_data_AnaTuple_run00026157_Playlist.root	2.9959335534286496e+17	3.070335966743757e+17	1	4543		
RHC	data	6H	data26159	root://fndcadoor.fnal.gov:1095/pnfs/fnal.gov/usr/minerva/persistent/OpenData/MediumEnergy_RHC/Data/Playlist6H/MasterAnaDev_data_AnaTuple_run00026159_Playlist.root	1.375914865911722e+18	1.3764493774187863e+18	1	20860		
RHC	data	6H	data26160	root://fndcadoor.fnal.gov:1095/pnfs/fnal.gov/usr/minerva/persistent/OpenData/MediumEnergy_RHC/Data/Playlist6H/MasterAnaDev_data_AnaTuple_run00026160_Playlist.root	5.085758730850219e+17	5.0891870195770266e+17	1	7748		
RHC	data	6H	data26161	root://fndcadoor.fnal.gov:1095/pnfs/fnal.gov/usr/minerva/persistent/OpenData/MediumEnergy_RHC/Data/Playlist6H/MasterAnaDev_data_AnaTuple_run00026161_Playlist.root	1.839355799540877e+17	1.8393558122387306e+17	1	2779		
RHC	data	6I	data26201	root://fndcadoor.fnal.gov:1095/pnfs/fnal.gov/usr/minerva/persistent/OpenData/MediumEnergy_RHC/Data/Playlist6I/MasterAnaDev_data_AnaTuple_run00026201_Playlist.root	1.372667342967033e+18	1.3771340389566605e+18	1	20812		
RHC	data	6I	data26202	root://fndcadoor.fnal.gov:1095/pnfs/fnal.gov/usr/minerva/persistent/OpenData/MediumEnergy_RHC/Data/Playlist6I/MasterAnaDev_data_AnaTuple_run00026202_Playlist.root	1.093524660223007e+18	1.317954004534476e+18	1	16574		
RHC	data	6I	data26203	root://fndcadoor.fnal.gov:1095/pnfs/fnal.gov/usr/minerva/persistent/OpenData/MediumEnergy_RHC/Data/Playlist6I/MasterAnaDev_data_AnaTuple_run00026203_Playlist.root	4.269304994163512e+17	6.963596643572205e+17	1	6492		
RHC	data	6I	data26205	root://fndcadoor.fnal.gov:1095/pnfs/fnal.gov/usr/minerva/persistent/OpenData/MediumEnergy_RHC/Data/Playlist6I/MasterAnaDev_data_AnaTuple_run00026205_Playlist.root	2.845442469406128e+16	2.845442469406128e+16	1	440		
RHC	data	6I	data26206	root://fndcadoor.fnal.gov:1095/pnfs/fnal.gov/usr/minerva/persistent/OpenData/MediumEnergy_RHC/Data/Playlist6I/MasterAnaDev_data_AnaTuple_run00026206_Playlist.root	1.3132589266777042e+18	1.40215244993654e+18	1	19562		
RHC	data	6I	data26207	root://fndcadoor.fnal.gov:1095/pnfs/fnal.gov/usr/minerva/persistent/OpenData/MediumEnergy_RHC/Data/Playlist6I/MasterAnaDev_data_AnaTuple_run00026207_Playlist.root	6.871593368997573e+17	6.873575360846752e+17	1	10246		
RHC	data	6I	data26209	root://fndcadoor.fnal.gov:1095/pnfs/fnal.gov/usr/minerva/persistent/OpenData/MediumEnergy_RHC/Data/Playlist6I/MasterAnaDev_data_AnaTuple_run00026209_Playlist.root	1.3156084577031137e+18	1.3450981537401244e+18	1	19790		
RHC	data	6I	data26210	root://fndcadoor.fnal.gov:1095/pnfs/fnal.gov/usr/minerva/persistent/OpenData/MediumEnergy_RHC/Data/Playlist6I/MasterAnaDev_data_AnaTuple_run00026210_Playlist.root	1.2690345713109967e+18	1.3475883089700227e+18	1	19056		
RHC	data	6I	data26211	root://fndcadoor.fnal.gov:1095/pnfs/fnal.gov/usr/minerva/persistent/OpenData/MediumEnergy_RHC/Data/Playlist6I/MasterAnaDev_data_AnaTuple_run00026211_Playlist.root	1.403582251483917e+18	1.4039809066939387e+18	1	21432		
RHC	data	6I	data26212	root://fndcadoor.fnal.gov:1095/pnfs/fnal.gov/usr/minerva/persistent/OpenData/MediumEnergy_RHC/Data/Playlist6I/MasterAnaDev_data_AnaTuple_run00026212_Playlist.root	1.3783817443618775e+18	1.3785827217258772e+18	1	21087		
RHC	data	6I	data26213	root://fndcadoor.fnal.gov:1095/pnfs/fnal.gov/usr/minerva/persistent/OpenData/MediumEnergy_RHC/Data/Playlist6I/MasterAnaDev_data_AnaTuple_run00026213_Playlist.root	7.984230123872756e+17	1.3530805313310193e+18	1	12143		
RHC	data	6I	data26214	root://fndcadoor.fnal.gov:1095/pnfs/fnal.gov/usr/minerva/persistent/OpenData/MediumEnergy_RHC/Data/Playlist6I/MasterAnaDev_data_AnaTuple_run00026214_Playlist.root	0.0	1.4155638039231808e+18	1	0		
RHC	data	6I	data26215	root://fndcadoor.fnal.gov:1095/pnfs/fnal.gov/usr/minerva/persistent/OpenData/MediumEnergy_RHC/Data/Playlist6I/MasterAnaDev_data_AnaTuple_run00026215_Playlist.root	0.0	1.4228588119376394e+18	1	0		
RHC	data	6I	data26216	root://fndcadoor.fnal.gov:1095/pnfs/fnal.gov/usr/minerva/persistent/OpenData/MediumEnergy_RHC/Data/Playlist6I/MasterAnaDev_data_AnaTuple_run00026216_Playlist.root	9.84908732662201e+17	1.399465852446642e+18	1	14950		
RHC	data	6I	data26217	root://fndcadoor.fnal.gov:1095/pnfs/fnal.gov/usr/minerva/persistent/OpenData/MediumEnergy_RHC/Data/Playlist6I/MasterAnaDev_data_AnaTuple_run00026217_Playlist.root	1.354669696079254e+18	1.362580954906954e+18	1	20686		
RHC	data	6I	data26218	root://fndcadoor.fnal.gov:1095/pnfs/fnal.gov/usr/minerva/persistent/OpenData/MediumEnergy_RHC/Data/Playlist6I/MasterAnaDev_data_AnaTuple_run00026218_Playlist.root	1.3906917917518615e+18	1.3908905884703585e+18	1	21265		
RHC	data	6I	data26219	root://fndcadoor.fnal.gov:1095/pnfs/fnal.gov/usr/minerva/persistent/OpenData/MediumEnergy_RHC/Data/Playlist6I/MasterAnaDev_data_AnaTuple_run00026219_Playlist.root	1.3370561112022403e+18	1.3543908175847708e+18	1	20153		
RHC	data	6I	data26221	root://fndcadoor.fnal.gov:1095/pnfs/fnal.gov/usr/minerva/persistent/OpenData/MediumEnergy_RHC/Data/Playlist6I/MasterAnaDev_data_AnaTuple_run00026221_Playlist.root	2.3091651119232176e+16	2.3091651119232176e+16	1	352		
RHC	data	6I	data26222	root://fndcadoor.fnal.gov:1095/pnfs/fnal.gov/usr/minerva/persistent/OpenData/MediumEnergy_RHC/Data/Playlist6I/MasterAnaDev_data_AnaTuple_run00026222_Playlist.root	1.3490596222524644e+18	1.35671906101975e+18	1	20437		
RHC	data	6I	data26223	root://fndcadoor.fnal.gov:1095/pnfs/fnal.gov/usr/minerva/persistent/OpenData/MediumEnergy_RHC/Data/Playlist6I/MasterAnaDev_data_AnaTuple_run00026223_Playlist.root	1.2341253251781466e+18	1.258682835207905e+18	1	18860		
RHC	data	6I	data26224	root://fndcadoor.fnal.gov:1095/pnfs/fnal.gov/usr/minerva/persistent/OpenData/MediumEnergy_RHC/Data/Playlist6I/MasterAnaDev_data_AnaTuple_run00026224_Playlist.root	1.125880557254791e+18	1.409436349236616e+18	1	17070		
RHC	data	6I	data26225	root://fndcadoor.fnal.gov:1095/pnfs/fnal.gov/usr/minerva/persistent/OpenData/MediumEnergy_RHC/Data/Playlist6I/MasterAnaDev_data_AnaTuple_run00026225_Playlist.root	1.391710041606903e+18	1.3984222152394975e+18	1	20927		
RHC	data	6I	data26226	root://fndcadoor.fnal.gov:1095/pnfs/fnal.gov/usr/minerva/persistent/OpenData/MediumEnergy_RHC/Data/Playlist6I/MasterAnaDev_data_AnaTuple_run00026226_Playlist.root	1.383506088985443e+18	1.3991699958147436e+18	1	21310		
RHC	data	6I	data26227	root://fndcadoor.fnal.gov:1095/pnfs/fnal.gov/usr/minerva/persistent/OpenData/MediumEnergy_RHC/Data/Playlist6I/MasterAnaDev_data_AnaTuple_run00026227_Playlist.root	1.3937704218721393e+18	1.3939678938251986e+18	1	21407		
RHC	data	6I	data26228	root://fndcadoor.fnal.gov:1095/pnfs/fnal.gov/usr/minerva/persistent/OpenData/MediumEnergy_RHC/Data/Playlist6I/MasterAnaDev_data_AnaTuple_run00026228_Playlist.root	1.009490025753021e+18	1.3793657390437647e+18	1	15344		
RHC	data	6I	data26229	root://fndcadoor.fnal.gov:1095/pnfs/fnal.gov/usr/minerva/persistent/OpenData/MediumEnergy_RHC/Data/Playlist6I/MasterAnaDev_data_AnaTuple_run00026229_Playlist.root	1.3946797037696842e+18	1.3950408166631398e+18	1	20923		
RHC	data	6I	data26230	root://fndcadoor.fnal.gov:1095/pnfs/fnal.gov/usr/minerva/persistent/OpenData/MediumEnergy_RHC/Data/Playlist6I/MasterAnaDev_data_AnaTuple_run00026230_Playlist.root	1.3943375086390976e+18	1.403195572449245e+18	1	21082		
RHC	data	6I	data26231	root://fndcadoor.fnal.gov:1095/pnfs/fnal.gov/usr/minerva/persistent/OpenData/MediumEnergy_RHC/Data/Playlist6I/MasterAnaDev_data_AnaTuple_run00026231_Playlist.root	1.414503840515137e+18	1.4149009649621668e+18	1	21421		
RHC	data	6I	data26232	root://fndcadoor.fnal.gov:1095/pnfs/fnal.gov/usr/minerva/persistent/OpenData/MediumEnergy_RHC/Data/Playlist6I/MasterAnaDev_data_AnaTuple_run00026232_Playlist.root	1.1222450648937225e+18	1.1311214310071219e+18	1	17140		
RHC	data	6I	data26233	root://fndcadoor.fnal.gov:1095/pnfs/fnal.gov/usr/minerva/persistent/OpenData/MediumEnergy_RHC/Data/Playlist6I/MasterAnaDev_data_AnaTuple_run00026233_Playlist.root	1.3507390160675052e+18	1.3507393225477786e+18	1	20502		
RHC	data	6I	data26234	root://fndcadoor.fnal.gov:1095/pnfs/fnal.gov/usr/minerva/persistent/OpenData/MediumEnergy_RHC/Data/Playlist6I/MasterAnaDev_data_AnaTuple_run00026234_Playlist.root	1.2962380392279624e+18	1.3679641375099676e+18	1	19837		
RHC	data	6I	data26236	root://fndcadoor.fnal.gov:1095/pnfs/fnal.gov/usr/minerva/persistent/OpenData/MediumEnergy_RHC/Data/Playlist6I/MasterAnaDev_data_AnaTuple_run00026236_Playlist.root	1.3956516258773804e+18	1.395857712015457e+18	1	21141		
RHC	data	6I	data26237	root://fndcadoor.fnal.gov:1095/pnfs/fnal.gov/usr/minerva/persistent/OpenData/MediumEnergy_RHC/Data/Playlist6I/MasterAnaDev_data_AnaTuple_run00026237_Playlist.root	1.4234652047166828e+18	1.4239176866129423e+18	1	21559		
RHC	data	6I	data26238	root://fndcadoor.fnal.gov:1095/pnfs/fnal.gov/usr/minerva/persistent/OpenData/MediumEnergy_RHC/Data/Playlist6I/MasterAnaDev_data_AnaTuple_run00026238_Playlist.root	1.087817090938568e+18	1.403026775503275e+18	1	16643		
RHC	data	6I	data26239	root://fndcadoor.fnal.gov:1095/pnfs/fnal.gov/usr/minerva/persistent/OpenData/MediumEnergy_RHC/Data/Playlist6I/MasterAnaDev_data_AnaTuple_run00026239_Playlist.root	1.4168177746319772e+18	1.4171710667457592e+18	1	21304		
RHC	data	6I	data26240	root://fndcadoor.fnal.gov:1095/pnfs/fnal.gov/usr/minerva/persistent/OpenData/MediumEnergy_RHC/Data/Playlist6I/MasterAnaDev_data_AnaTuple_run00026240_Playlist.root	1.328991925524771e+18	1.3378563102772772e+18	1	20496		
RHC	data	6I	data26241	root://fndcadoor.fnal.gov:1095/pnfs/fnal.gov/usr/minerva/persistent/OpenData/MediumEnergy_RHC/Data/Playlist6I/MasterAnaDev_data_AnaTuple_run00026241_Playlist.root	1.4317580752296443e+18	1.4319586447451346e+18	1	21576		
RHC	data	6I	data26242	root://fndcadoor.fnal.gov:1095/pnfs/fnal.gov/usr/minerva/persistent/OpenData/MediumEnergy_RHC/Data/Playlist6I/MasterAnaDev_data_AnaTuple_run00026242_Playlist.root	3.455858817062378e+17	1.4107963195994885e+18	1	5295		
RHC	data	6I	data26243	root://fndcadoor.fnal.gov:1095/pnfs/fnal.gov/usr/minerva/persistent/OpenData/MediumEnergy_RHC/Data/Playlist6I/MasterAnaDev_data_AnaTuple_run00026243_Playlist.root	0.0	1.3858302207157076e+18	1	0		
RHC	data	6I	data26244	root://fndcadoor.fnal.gov:1095/pnfs/fnal.gov/usr/minerva/persistent/OpenData/MediumEnergy_RHC/Data/Playlist6I/MasterAnaDev_data_AnaTuple_run00026244_Playlist.root	0.0	1.401912177864008e+18	1	0		
RHC	data	6I	data26245	root://fndcadoor.fnal.gov:1095/pnfs/fnal.gov/usr/minerva/persistent/OpenData/MediumEnergy_RHC/Data/Playlist6I/MasterAnaDev_data_AnaTuple_run00026245_Playlist.root	0.0	1.3715371640214484e+18	1	0		
RHC	data	6I	data26246	root://fndcadoor.fnal.gov:1095/pnfs/fnal.gov/usr/minerva/persistent/OpenData/MediumEnergy_RHC/Data/Playlist6I/MasterAnaDev_data_AnaTuple_run00026246_Playlist.root	0.0	9.868491905450757e+17	1	0		
RHC	data	6I	data26247	root://fndcadoor.fnal.gov:1095/pnfs/fnal.gov/usr/minerva/persistent/OpenData/MediumEnergy_RHC/Data/Playlist6I/MasterAnaDev_data_AnaTuple_run00026247_Playlist.root	7.642079638824465e+17	1.3947808471743217e+18	1	11598		
RHC	data	6I	data26248	root://fndcadoor.fnal.gov:1095/pnfs/fnal.gov/usr/minerva/persistent/OpenData/MediumEnergy_RHC/Data/Playlist6I/MasterAnaDev_data_AnaTuple_run00026248_Playlist.root	1.1435956160657405e+18	1.1437523759518838e+18	1	17406		
RHC	data	6I	data26249	root://fndcadoor.fnal.gov:1095/pnfs/fnal.gov/usr/minerva/persistent/OpenData/MediumEnergy_RHC/Data/Playlist6I/MasterAnaDev_data_AnaTuple_run00026249_Playlist.root	1.3589597529678346e+18	1.367884432834474e+18	1	20566		
RHC	data	6I	data26250	root://fndcadoor.fnal.gov:1095/pnfs/fnal.gov/usr/minerva/persistent/OpenData/MediumEnergy_RHC/Data/Playlist6I/MasterAnaDev_data_AnaTuple_run00026250_Playlist.root	8.347782061185838e+17	8.34882327423789e+17	1	12634		
RHC	data	6I	data26251	root://fndcadoor.fnal.gov:1095/pnfs/fnal.gov/usr/minerva/persistent/OpenData/MediumEnergy_RHC/Data/Playlist6I/MasterAnaDev_data_AnaTuple_run00026251_Playlist.root	1.0886866220855714e+17	1.2340280398079264e+17	1	1696		
RHC	data	6I	data26252	root://fndcadoor.fnal.gov:1095/pnfs/fnal.gov/usr/minerva/persistent/OpenData/MediumEnergy_RHC/Data/Playlist6I/MasterAnaDev_data_AnaTuple_run00026252_Playlist.root	1.210732324047089e+18	1.4628626256667484e+18	1	18247		
RHC	data	6I	data26253	root://fndcadoor.fnal.gov:1095/pnfs/fnal.gov/usr/minerva/persistent/OpenData/MediumEnergy_RHC/Data/Playlist6I/MasterAnaDev_data_AnaTuple_run00026253_Playlist.root	1.0769464294705391e+18	1.0896989613826537e+18	1	16080		
RHC	data	6I	data26254	root://fndcadoor.fnal.gov:1095/pnfs/fnal.gov/usr/minerva/persistent/OpenData/MediumEnergy_RHC/Data/Playlist6I/MasterAnaDev_data_AnaTuple_run00026254_Playlist.root	1.2889995129013062e+17	1.565968989338111e+17	1	1982		
RHC	data	6I	data26255	root://fndcadoor.fnal.gov:1095/pnfs/fnal.gov/usr/minerva/persistent/OpenData/MediumEnergy_RHC/Data/Playlist6I/MasterAnaDev_data_AnaTuple_run00026255_Playlist.root	1.4065844224045274e+18	1.4224646844507041e+18	1	20713		
RHC	data	6I	data26256	root://fndcadoor.fnal.gov:1095/pnfs/fnal.gov/usr/minerva/persistent/OpenData/MediumEnergy_RHC/Data/Playlist6I/MasterAnaDev_data_AnaTuple_run00026256_Playlist.root	1.446411645014763e+18	1.4468203594143237e+18	1	21765		
RHC	data	6I	data26257	root://fndcadoor.fnal.gov:1095/pnfs/fnal.gov/usr/minerva/persistent/OpenData/MediumEnergy_RHC/Data/Playlist6I/MasterAnaDev_data_AnaTuple_run00026257_Playlist.root	1.4294385008583073e+18	1.4374881273516918e+18	1	21387		
RHC	data	6I	data26258	root://fndcadoor.fnal.gov:1095/pnfs/fnal.gov/usr/minerva/persistent/OpenData/MediumEnergy_RHC/Data/Playlist6I/MasterAnaDev_data_AnaTuple_run00026258_Playlist.root	1.3869395090289119e+18	1.3957679184250888e+18	1	20672		
RHC	data	6I	data26259	root://fndcadoor.fnal.gov:1095/pnfs/fnal.gov/usr/minerva/persistent/OpenData/MediumEnergy_RHC/Data/Playlist6I/MasterAnaDev_data_AnaTuple_run00026259_Playlist.root	1.4086457162475587e+18	1.4278080232053256e+18	1	21235		
RHC	data	6I	data26260	root://fndcadoor.fnal.gov:1095/pnfs/fnal.gov/usr/minerva/persistent/OpenData/MediumEnergy_RHC/Data/Playlist6I/MasterAnaDev_data_AnaTuple_run00026260_Playlist.root	1.432274287059784e+18	1.442440426009629e+18	1	21359		
RHC	data	6I	data26261	root://fndcadoor.fnal.gov:1095/pnfs/fnal.gov/usr/minerva/persistent/OpenData/MediumEnergy_RHC/Data/Playlist6I/MasterAnaDev_data_AnaTuple_run00026261_Playlist.root	1.3869956885910031e+18	1.415848866177291e+18	1	20899		
RHC	data	6I	data26262	root://fndcadoor.fnal.gov:1095/pnfs/fnal.gov/usr/minerva/persistent/OpenData/MediumEnergy_RHC/Data/Playlist6I/MasterAnaDev_data_AnaTuple_run00026262_Playlist.root	6.738522444038391e+17	1.4059956170252027e+18	1	10113		
RHC	data	6I	data26263	root://fndcadoor.fnal.gov:1095/pnfs/fnal.gov/usr/minerva/persistent/OpenData/MediumEnergy_RHC/Data/Playlist6I/MasterAnaDev_data_AnaTuple_run00026263_Playlist.root	1.3381555322382449e+18	1.3476443206681907e+18	1	20198		
RHC	data	6I	data26264	root://fndcadoor.fnal.gov:1095/pnfs/fnal.gov/usr/minerva/persistent/OpenData/MediumEnergy_RHC/Data/Playlist6I/MasterAnaDev_data_AnaTuple_run00026264_Playlist.root	1.4409627799129487e+18	1.4497597722293071e+18	1	21887		
RHC	data	6I	data26265	root://fndcadoor.fnal.gov:1095/pnfs/fnal.gov/usr/minerva/persistent/OpenData/MediumEnergy_RHC/Data/Playlist6I/MasterAnaDev_data_AnaTuple_run00026265_Playlist.root	1.4191648114995958e+18	1.4195778159241137e+18	1	21231		
RHC	data	6I	data26266	root://fndcadoor.fnal.gov:1095/pnfs/fnal.gov/usr/minerva/persistent/OpenData/MediumEnergy_RHC/Data/Playlist6I/MasterAnaDev_data_AnaTuple_run00026266_Playlist.root	1.4404701253325937e+18	1.449550887785979e+18	1	21550		
RHC	data	6I	data26267	root://fndcadoor.fnal.gov:1095/pnfs/fnal.gov/usr/minerva/persistent/OpenData/MediumEnergy_RHC/Data/Playlist6I/MasterAnaDev_data_AnaTuple_run00026267_Playlist.root	1.415956946975708e+18	1.4163674924424645e+18	1	21340		
RHC	data	6I	data26268	root://fndcadoor.fnal.gov:1095/pnfs/fnal.gov/usr/minerva/persistent/OpenData/MediumEnergy_RHC/Data/Playlist6I/MasterAnaDev_data_AnaTuple_run00026268_Playlist.root	1.4447859075827003e+18	1.4613060584432092e+18	1	21514		
RHC	data	6I	data26269	root://fndcadoor.fnal.gov:1095/pnfs/fnal.gov/usr/minerva/persistent/OpenData/MediumEnergy_RHC/Data/Playlist6I/MasterAnaDev_data_AnaTuple_run00026269_Playlist.root	1.4255930783681866e+18	1.4286232877611955e+18	1	21340		
RHC	data	6I	data26270	root://fndcadoor.fnal.gov:1095/pnfs/fnal.gov/usr/minerva/persistent/OpenData/MediumEnergy_RHC/Data/Playlist6I/MasterAnaDev_data_AnaTuple_run00026270_Playlist.root	1.2773876595863101e+18	1.3115562002825597e+18	1	19424		
RHC	data	6I	data26271	root://fndcadoor.fnal.gov:1095/pnfs/fnal.gov/usr/minerva/persistent/OpenData/MediumEnergy_RHC/Data/Playlist6I/MasterAnaDev_data_AnaTuple_run00026271_Playlist.root	1.4324014720516206e+18	1.4326043050099397e+18	1	21169		
RHC	data	6I	data26272	root://fndcadoor.fnal.gov:1095/pnfs/fnal.gov/usr/minerva/persistent/OpenData/MediumEnergy_RHC/Data/Playlist6I/MasterAnaDev_data_AnaTuple_run00026272_Playlist.root	1.4284401818218235e+18	1.4286919034513352e+18	1	21317		
RHC	data	6I	data26273	root://fndcadoor.fnal.gov:1095/pnfs/fnal.gov/usr/minerva/persistent/OpenData/MediumEnergy_RHC/Data/Playlist6I/MasterAnaDev_data_AnaTuple_run00026273_Playlist.root	1.409857152567148e+18	1.4179604029092088e+18	1	21169		
RHC	data	6I	data26274	root://fndcadoor.fnal.gov:1095/pnfs/fnal.gov/usr/minerva/persistent/OpenData/MediumEnergy_RHC/Data/Playlist6I/MasterAnaDev_data_AnaTuple_run00026274_Playlist.root	1.247547685632825e+18	1.2534678461606024e+18	1	18720		
RHC	data	6I	data26275	root://fndcadoor.fnal.gov:1095/pnfs/fnal.gov/usr/minerva/persistent/OpenData/MediumEnergy_RHC/Data/Playlist6I/MasterAnaDev_data_AnaTuple_run00026275_Playlist.root	1.4217086021785736e+18	1.429675927346117e+18	1	21254		
RHC	data	6I	data26276	root://fndcadoor.fnal.gov:1095/pnfs/fnal.gov/usr/minerva/persistent/OpenData/MediumEnergy_RHC/Data/Playlist6I/MasterAnaDev_data_AnaTuple_run00026276_Playlist.root	1.4107316397261622e+18	1.4149816243709742e+18	1	21159		
RHC	data	6J	data26277	root://fndcadoor.fnal.gov:1095/pnfs/fnal.gov/usr/minerva/persistent/OpenData/MediumEnergy_RHC/Data/Playlist6J/MasterAnaDev_data_AnaTuple_run00026277_Playlist.root	1.38171927879858e+18	1.3906840927006892e+18	1	20725		
RHC	data	6J	data26278	root://fndcadoor.fnal.gov:1095/pnfs/fnal.gov/usr/minerva/persistent/OpenData/MediumEnergy_RHC/Data/Playlist6J/MasterAnaDev_data_AnaTuple_run00026278_Playlist.root	1.4217005174369815e+18	1.4221057930563492e+18	1	21329		
RHC	data	6J	data26279	root://fndcadoor.fnal.gov:1095/pnfs/fnal.gov/usr/minerva/persistent/OpenData/MediumEnergy_RHC/Data/Playlist6J/MasterAnaDev_data_AnaTuple_run00026279_Playlist.root	1.421329692440033e+18	1.4301730903350656e+18	1	21368		
RHC	data	6J	data26280	root://fndcadoor.fnal.gov:1095/pnfs/fnal.gov/usr/minerva/persistent/OpenData/MediumEnergy_RHC/Data/Playlist6J/MasterAnaDev_data_AnaTuple_run00026280_Playlist.root	1.3834699392662047e+18	1.3838249536964488e+18	1	20610		
RHC	data	6J	data26281	root://fndcadoor.fnal.gov:1095/pnfs/fnal.gov/usr/minerva/persistent/OpenData/MediumEnergy_RHC/Data/Playlist6J/MasterAnaDev_data_AnaTuple_run00026281_Playlist.root	1.2868288408024906e+18	1.2950819027574769e+18	1	19338		
RHC	data	6J	data26282	root://fndcadoor.fnal.gov:1095/pnfs/fnal.gov/usr/minerva/persistent/OpenData/MediumEnergy_RHC/Data/Playlist6J/MasterAnaDev_data_AnaTuple_run00026282_Playlist.root	9.932213644752504e+17	9.935741787744461e+17	1	14727		
RHC	data	6J	data26283	root://fndcadoor.fnal.gov:1095/pnfs/fnal.gov/usr/minerva/persistent/OpenData/MediumEnergy_RHC/Data/Playlist6J/MasterAnaDev_data_AnaTuple_run00026283_Playlist.root	1.3974532742381097e+18	1.4076201419897487e+18	1	21069		
RHC	data	6J	data26284	root://fndcadoor.fnal.gov:1095/pnfs/fnal.gov/usr/minerva/persistent/OpenData/MediumEnergy_RHC/Data/Playlist6J/MasterAnaDev_data_AnaTuple_run00026284_Playlist.root	1.377656195944309e+18	1.4081747439210053e+18	1	20602		
RHC	data	6J	data26285	root://fndcadoor.fnal.gov:1095/pnfs/fnal.gov/usr/minerva/persistent/OpenData/MediumEnergy_RHC/Data/Playlist6J/MasterAnaDev_data_AnaTuple_run00026285_Playlist.root	1.31259081065464e+18	1.3204398608004877e+18	1	19670		
RHC	data	6J	data26286	root://fndcadoor.fnal.gov:1095/pnfs/fnal.gov/usr/minerva/persistent/OpenData/MediumEnergy_RHC/Data/Playlist6J/MasterAnaDev_data_AnaTuple_run00026286_Playlist.root	1.373912987314224e+18	1.3743183816942175e+18	1	20630		
RHC	data	6J	data26287	root://fndcadoor.fnal.gov:1095/pnfs/fnal.gov/usr/minerva/persistent/OpenData/MediumEnergy_RHC/Data/Playlist6J/MasterAnaDev_data_AnaTuple_run00026287_Playlist.root	1.3351955512313838e+18	1.3432671130542615e+18	1	19959		
RHC	data	6J	data26288	root://fndcadoor.fnal.gov:1095/pnfs/fnal.gov/usr/minerva/persistent/OpenData/MediumEnergy_RHC/Data/Playlist6J/MasterAnaDev_data_AnaTuple_run00026288_Playlist.root	1.3825420068278313e+18	1.3827448718964936e+18	1	20960		
RHC	data	6J	data26289	root://fndcadoor.fnal.gov:1095/pnfs/fnal.gov/usr/minerva/persistent/OpenData/MediumEnergy_RHC/Data/Playlist6J/MasterAnaDev_data_AnaTuple_run00026289_Playlist.root	6.88465514286995e+17	1.358623005103641e+18	1	10250		
RHC	data	6J	data26290	root://fndcadoor.fnal.gov:1095/pnfs/fnal.gov/usr/minerva/persistent/OpenData/MediumEnergy_RHC/Data/Playlist6J/MasterAnaDev_data_AnaTuple_run00026290_Playlist.root	1.379949463803291e+18	1.387976593762317e+18	1	20838		
RHC	data	6J	data26291	root://fndcadoor.fnal.gov:1095/pnfs/fnal.gov/usr/minerva/persistent/OpenData/MediumEnergy_RHC/Data/Playlist6J/MasterAnaDev_data_AnaTuple_run00026291_Playlist.root	1.3555679968175895e+18	1.3898225046064602e+18	1	20330		
RHC	data	6J	data26292	root://fndcadoor.fnal.gov:1095/pnfs/fnal.gov/usr/minerva/persistent/OpenData/MediumEnergy_RHC/Data/Playlist6J/MasterAnaDev_data_AnaTuple_run00026292_Playlist.root	1.3182658513088228e+18	1.31836943813538e+18	1	19588		
RHC	data	6J	data26293	root://fndcadoor.fnal.gov:1095/pnfs/fnal.gov/usr/minerva/persistent/OpenData/MediumEnergy_RHC/Data/Playlist6J/MasterAnaDev_data_AnaTuple_run00026293_Playlist.root	1.3798228553075791e+18	1.3875277538827932e+18	1	20617		
RHC	data	6J	data26294	root://fndcadoor.fnal.gov:1095/pnfs/fnal.gov/usr/minerva/persistent/OpenData/MediumEnergy_RHC/Data/Playlist6J/MasterAnaDev_data_AnaTuple_run00026294_Playlist.root	1.2286749413163663e+18	1.2915918800536637e+18	1	18537		
RHC	data	6J	data26295	root://fndcadoor.fnal.gov:1095/pnfs/fnal.gov/usr/minerva/persistent/OpenData/MediumEnergy_RHC/Data/Playlist6J/MasterAnaDev_data_AnaTuple_run00026295_Playlist.root	1.9512258713531494e+17	5.5139728525617965e+17	1	2873		
RHC	data	6J	data26297	root://fndcadoor.fnal.gov:1095/pnfs/fnal.gov/usr/minerva/persistent/OpenData/MediumEnergy_RHC/Data/Playlist6J/MasterAnaDev_data_AnaTuple_run00026297_Playlist.root	0.0	7.33215267479302e+16	1	0		
RHC	data	6J	data26298	root://fndcadoor.fnal.gov:1095/pnfs/fnal.gov/usr/minerva/persistent/OpenData/MediumEnergy_RHC/Data/Playlist6J/MasterAnaDev_data_AnaTuple_run00026298_Playlist.root	0.0	1.3399085484364861e+18	1	0		
RHC	data	6J	data26299	root://fndcadoor.fnal.gov:1095/pnfs/fnal.gov/usr/minerva/persistent/OpenData/MediumEnergy_RHC/Data/Playlist6J/MasterAnaDev_data_AnaTuple_run00026299_Playlist.root	5.538815865707397e+17	1.3589062467289823e+18	1	8271		
RHC	data	6J	data26300	root://fndcadoor.fnal.gov:1095/pnfs/fnal.gov/usr/minerva/persistent/OpenData/MediumEnergy_RHC/Data/Playlist6J/MasterAnaDev_data_AnaTuple_run00026300_Playlist.root	8.562225353651046e+17	1.3715276881003558e+18	1	12993		
RHC	data	6J	data26301	root://fndcadoor.fnal.gov:1095/pnfs/fnal.gov/usr/minerva/persistent/OpenData/MediumEnergy_RHC/Data/Playlist6J/MasterAnaDev_data_AnaTuple_run00026301_Playlist.root	1.2955422272672653e+18	1.3260398931148682e+18	1	19415		
RHC	data	6J	data26302	root://fndcadoor.fnal.gov:1095/pnfs/fnal.gov/usr/minerva/persistent/OpenData/MediumEnergy_RHC/Data/Playlist6J/MasterAnaDev_data_AnaTuple_run00026302_Playlist.root	1.2313495875434875e+18	1.360710433974279e+18	1	18688		
RHC	data	6J	data26303	root://fndcadoor.fnal.gov:1095/pnfs/fnal.gov/usr/minerva/persistent/OpenData/MediumEnergy_RHC/Data/Playlist6J/MasterAnaDev_data_AnaTuple_run00026303_Playlist.root	1.3307367598590845e+18	1.4211828527624195e+18	1	20116		
RHC	data	6J	data26304	root://fndcadoor.fnal.gov:1095/pnfs/fnal.gov/usr/minerva/persistent/OpenData/MediumEnergy_RHC/Data/Playlist6J/MasterAnaDev_data_AnaTuple_run00026304_Playlist.root	8.278603983268739e+17	1.3347779631149832e+18	1	12414		
RHC	data	6J	data26305	root://fndcadoor.fnal.gov:1095/pnfs/fnal.gov/usr/minerva/persistent/OpenData/MediumEnergy_RHC/Data/Playlist6J/MasterAnaDev_data_AnaTuple_run00026305_Playlist.root	2.1001342596817014e+17	1.3885654925863107e+18	1	3132		
RHC	data	6J	data26306	root://fndcadoor.fnal.gov:1095/pnfs/fnal.gov/usr/minerva/persistent/OpenData/MediumEnergy_RHC/Data/Playlist6J/MasterAnaDev_data_AnaTuple_run00026306_Playlist.root	1.2854170047779082e+18	1.404538312447563e+18	1	19290		
RHC	data	6J	data26307	root://fndcadoor.fnal.gov:1095/pnfs/fnal.gov/usr/minerva/persistent/OpenData/MediumEnergy_RHC/Data/Playlist6J/MasterAnaDev_data_AnaTuple_run00026307_Playlist.root	1.1969787312030792e+18	1.197334572261678e+18	1	18350		
RHC	data	6J	data26308	root://fndcadoor.fnal.gov:1095/pnfs/fnal.gov/usr/minerva/persistent/OpenData/MediumEnergy_RHC/Data/Playlist6J/MasterAnaDev_data_AnaTuple_run00026308_Playlist.root	1.414070541734695e+18	1.422107921780232e+18	1	21203		
RHC	data	6J	data26309	root://fndcadoor.fnal.gov:1095/pnfs/fnal.gov/usr/minerva/persistent/OpenData/MediumEnergy_RHC/Data/Playlist6J/MasterAnaDev_data_AnaTuple_run00026309_Playlist.root	9.568634554252627e+17	9.570655765509786e+17	1	14285		
RHC	data	6J	data26310	root://fndcadoor.fnal.gov:1095/pnfs/fnal.gov/usr/minerva/persistent/OpenData/MediumEnergy_RHC/Data/Playlist6J/MasterAnaDev_data_AnaTuple_run00026310_Playlist.root	1.4004113583612444e+18	1.407814816846792e+18	1	20799		
RHC	data	6J	data26311	root://fndcadoor.fnal.gov:1095/pnfs/fnal.gov/usr/minerva/persistent/OpenData/MediumEnergy_RHC/Data/Playlist6J/MasterAnaDev_data_AnaTuple_run00026311_Playlist.root	1.4112416826707128e+18	1.4115964090112535e+18	1	21143		
RHC	data	6J	data26312	root://fndcadoor.fnal.gov:1095/pnfs/fnal.gov/usr/minerva/persistent/OpenData/MediumEnergy_RHC/Data/Playlist6J/MasterAnaDev_data_AnaTuple_run00026312_Playlist.root	1.784628708351135e+18	1.7936601851606044e+18	1	26754		
RHC	data	6J	data26313	root://fndcadoor.fnal.gov:1095/pnfs/fnal.gov/usr/minerva/persistent/OpenData/MediumEnergy_RHC/Data/Playlist6J/MasterAnaDev_data_AnaTuple_run00026313_Playlist.root	5.339287167015076e+17	5.341330198050277e+17	1	7722		
RHC	data	6J	data26315	root://fndcadoor.fnal.gov:1095/pnfs/fnal.gov/usr/minerva/persistent/OpenData/MediumEnergy_RHC/Data/Playlist6J/MasterAnaDev_data_AnaTuple_run00026315_Playlist.root	1.4058498238048548e+18	1.4146766304149624e+18	1	21103		
RHC	data	6J	data26316	root://fndcadoor.fnal.gov:1095/pnfs/fnal.gov/usr/minerva/persistent/OpenData/MediumEnergy_RHC/Data/Playlist6J/MasterAnaDev_data_AnaTuple_run00026316_Playlist.root	1.3278910372257828e+18	1.3283431026787282e+18	1	19937		
RHC	data	6J	data26317	root://fndcadoor.fnal.gov:1095/pnfs/fnal.gov/usr/minerva/persistent/OpenData/MediumEnergy_RHC/Data/Playlist6J/MasterAnaDev_data_AnaTuple_run00026317_Playlist.root	1.1602005351753236e+18	1.3556534749257718e+18	1	17462		
RHC	data	6J	data26318	root://fndcadoor.fnal.gov:1095/pnfs/fnal.gov/usr/minerva/persistent/OpenData/MediumEnergy_RHC/Data/Playlist6J/MasterAnaDev_data_AnaTuple_run00026318_Playlist.root	1.389404655552864e+18	1.3897040311564536e+18	1	20783		
RHC	data	6J	data26319	root://fndcadoor.fnal.gov:1095/pnfs/fnal.gov/usr/minerva/persistent/OpenData/MediumEnergy_RHC/Data/Playlist6J/MasterAnaDev_data_AnaTuple_run00026319_Playlist.root	1.4071678498489853e+18	1.4153046045837576e+18	1	20949		
RHC	data	6J	data26320	root://fndcadoor.fnal.gov:1095/pnfs/fnal.gov/usr/minerva/persistent/OpenData/MediumEnergy_RHC/Data/Playlist6J/MasterAnaDev_data_AnaTuple_run00026320_Playlist.root	1.4087036390066148e+18	1.4090598755410941e+18	1	20934		
RHC	data	6J	data26321	root://fndcadoor.fnal.gov:1095/pnfs/fnal.gov/usr/minerva/persistent/OpenData/MediumEnergy_RHC/Data/Playlist6J/MasterAnaDev_data_AnaTuple_run00026321_Playlist.root	1.3569683178232906e+18	1.3653065634317473e+18	1	20492		
RHC	data	6J	data26322	root://fndcadoor.fnal.gov:1095/pnfs/fnal.gov/usr/minerva/persistent/OpenData/MediumEnergy_RHC/Data/Playlist6J/MasterAnaDev_data_AnaTuple_run00026322_Playlist.root	1.4278016830472945e+18	1.4282084478193126e+18	1	21422		
RHC	data	6J	data26323	root://fndcadoor.fnal.gov:1095/pnfs/fnal.gov/usr/minerva/persistent/OpenData/MediumEnergy_RHC/Data/Playlist6J/MasterAnaDev_data_AnaTuple_run00026323_Playlist.root	1.386371948651314e+18	1.39447121045171e+18	1	20667		
RHC	data	6J	data26324	root://fndcadoor.fnal.gov:1095/pnfs/fnal.gov/usr/minerva/persistent/OpenData/MediumEnergy_RHC/Data/Playlist6J/MasterAnaDev_data_AnaTuple_run00026324_Playlist.root	1.3818210972896814e+18	1.382018914373924e+18	1	20606		
RHC	data	6J	data26325	root://fndcadoor.fnal.gov:1095/pnfs/fnal.gov/usr/minerva/persistent/OpenData/MediumEnergy_RHC/Data/Playlist6J/MasterAnaDev_data_AnaTuple_run00026325_Playlist.root	1.2719563705265526e+18	1.3070578011727022e+18	1	19000		
RHC	data	6J	data26326	root://fndcadoor.fnal.gov:1095/pnfs/fnal.gov/usr/minerva/persistent/OpenData/MediumEnergy_RHC/Data/Playlist6J/MasterAnaDev_data_AnaTuple_run00026326_Playlist.root	5.811051354695557e+17	1.4001087426123866e+18	1	8589		
RHC	data	6J	data26327	root://fndcadoor.fnal.gov:1095/pnfs/fnal.gov/usr/minerva/persistent/OpenData/MediumEnergy_RHC/Data/Playlist6J/MasterAnaDev_data_AnaTuple_run00026327_Playlist.root	1.2497649623904228e+18	1.2501219165750239e+18	1	18730		
RHC	data	6J	data26328	root://fndcadoor.fnal.gov:1095/pnfs/fnal.gov/usr/minerva/persistent/OpenData/MediumEnergy_RHC/Data/Playlist6J/MasterAnaDev_data_AnaTuple_run00026328_Playlist.root	1.403668155143738e+18	1.4543515568732419e+18	1	21036		
RHC	data	6J	data26329	root://fndcadoor.fnal.gov:1095/pnfs/fnal.gov/usr/minerva/persistent/OpenData/MediumEnergy_RHC/Data/Playlist6J/MasterAnaDev_data_AnaTuple_run00026329_Playlist.root	1.4108200308244232e+18	1.4111776817750208e+18	1	21237		
RHC	data	6J	data26330	root://fndcadoor.fnal.gov:1095/pnfs/fnal.gov/usr/minerva/persistent/OpenData/MediumEnergy_RHC/Data/Playlist6J/MasterAnaDev_data_AnaTuple_run00026330_Playlist.root	1.4345689836502072e+18	1.4426931119755681e+18	1	21525		
RHC	data	6J	data26331	root://fndcadoor.fnal.gov:1095/pnfs/fnal.gov/usr/minerva/persistent/OpenData/MediumEnergy_RHC/Data/Playlist6J/MasterAnaDev_data_AnaTuple_run00026331_Playlist.root	1.378193035297394e+18	1.4117137818381053e+18	1	20522		
RHC	data	6J	data26332	root://fndcadoor.fnal.gov:1095/pnfs/fnal.gov/usr/minerva/persistent/OpenData/MediumEnergy_RHC/Data/Playlist6J/MasterAnaDev_data_AnaTuple_run00026332_Playlist.root	1.380940467468262e+18	1.3884194640919055e+18	1	20557		
RHC	data	6J	data26333	root://fndcadoor.fnal.gov:1095/pnfs/fnal.gov/usr/minerva/persistent/OpenData/MediumEnergy_RHC/Data/Playlist6J/MasterAnaDev_data_AnaTuple_run00026333_Playlist.root	1.365140385160446e+18	1.3655001433246044e+18	1	20367		
RHC	data	6J	data26334	root://fndcadoor.fnal.gov:1095/pnfs/fnal.gov/usr/minerva/persistent/OpenData/MediumEnergy_RHC/Data/Playlist6J/MasterAnaDev_data_AnaTuple_run00026334_Playlist.root	1.4295683885917665e+18	1.4373688902420754e+18	1	21233		
RHC	data	6J	data26335	root://fndcadoor.fnal.gov:1095/pnfs/fnal.gov/usr/minerva/persistent/OpenData/MediumEnergy_RHC/Data/Playlist6J/MasterAnaDev_data_AnaTuple_run00026335_Playlist.root	1.2243936887655258e+18	1.2837493110427162e+18	1	18226		
RHC	data	6J	data26336	root://fndcadoor.fnal.gov:1095/pnfs/fnal.gov/usr/minerva/persistent/OpenData/MediumEnergy_RHC/Data/Playlist6J/MasterAnaDev_data_AnaTuple_run00026336_Playlist.root	1.4369291782722476e+18	1.4372894329688435e+18	1	21422		
RHC	data	6J	data26337	root://fndcadoor.fnal.gov:1095/pnfs/fnal.gov/usr/minerva/persistent/OpenData/MediumEnergy_RHC/Data/Playlist6J/MasterAnaDev_data_AnaTuple_run00026337_Playlist.root	1.3557108473711017e+18	1.3638625903172014e+18	1	20165		
RHC	data	6J	data26338	root://fndcadoor.fnal.gov:1095/pnfs/fnal.gov/usr/minerva/persistent/OpenData/MediumEnergy_RHC/Data/Playlist6J/MasterAnaDev_data_AnaTuple_run00026338_Playlist.root	1.4054772257814405e+18	1.405786538058693e+18	1	21250		
RHC	data	6J	data26339	root://fndcadoor.fnal.gov:1095/pnfs/fnal.gov/usr/minerva/persistent/OpenData/MediumEnergy_RHC/Data/Playlist6J/MasterAnaDev_data_AnaTuple_run00026339_Playlist.root	1.4470935558433533e+18	1.456163002678463e+18	1	21608		
RHC	data	6J	data26340	root://fndcadoor.fnal.gov:1095/pnfs/fnal.gov/usr/minerva/persistent/OpenData/MediumEnergy_RHC/Data/Playlist6J/MasterAnaDev_data_AnaTuple_run00026340_Playlist.root	1.3240147512092588e+18	1.3243839039383265e+18	1	19872		
RHC	data	6J	data26341	root://fndcadoor.fnal.gov:1095/pnfs/fnal.gov/usr/minerva/persistent/OpenData/MediumEnergy_RHC/Data/Playlist6J/MasterAnaDev_data_AnaTuple_run00026341_Playlist.root	1.1624652440812588e+18	1.1626030714152604e+18	1	17518		
RHC	data	6J	data26342	root://fndcadoor.fnal.gov:1095/pnfs/fnal.gov/usr/minerva/persistent/OpenData/MediumEnergy_RHC/Data/Playlist6J/MasterAnaDev_data_AnaTuple_run00026342_Playlist.root	1.158665101685047e+18	1.1711488662284214e+18	1	17350		
RHC	data	6J	data26343	root://fndcadoor.fnal.gov:1095/pnfs/fnal.gov/usr/minerva/persistent/OpenData/MediumEnergy_RHC/Data/Playlist6J/MasterAnaDev_data_AnaTuple_run00026343_Playlist.root	1.4507762318038945e+18	1.4509822045508634e+18	1	21719		
RHC	data	6J	data26344	root://fndcadoor.fnal.gov:1095/pnfs/fnal.gov/usr/minerva/persistent/OpenData/MediumEnergy_RHC/Data/Playlist6J/MasterAnaDev_data_AnaTuple_run00026344_Playlist.root	1.3640870420541763e+18	1.412406038987119e+18	1	20305		
RHC	data	6J	data26345	root://fndcadoor.fnal.gov:1095/pnfs/fnal.gov/usr/minerva/persistent/OpenData/MediumEnergy_RHC/Data/Playlist6J/MasterAnaDev_data_AnaTuple_run00026345_Playlist.root	1.5448648975372314e+16	1.5448655594528188e+16	1	234		
RHC	data	6J	data26346	root://fndcadoor.fnal.gov:1095/pnfs/fnal.gov/usr/minerva/persistent/OpenData/MediumEnergy_RHC/Data/Playlist6J/MasterAnaDev_data_AnaTuple_run00026346_Playlist.root	1.453935980112076e+18	1.454296394689724e+18	1	21653		
RHC	data	6J	data26347	root://fndcadoor.fnal.gov:1095/pnfs/fnal.gov/usr/minerva/persistent/OpenData/MediumEnergy_RHC/Data/Playlist6J/MasterAnaDev_data_AnaTuple_run00026347_Playlist.root	5.655125835666656e+17	1.3983705439809354e+18	1	8512		
RHC	data	6J	data26348	root://fndcadoor.fnal.gov:1095/pnfs/fnal.gov/usr/minerva/persistent/OpenData/MediumEnergy_RHC/Data/Playlist6J/MasterAnaDev_data_AnaTuple_run00026348_Playlist.root	1.0376979586553573e+18	1.446865493179812e+18	1	15316		
RHC	data	6J	data26349	root://fndcadoor.fnal.gov:1095/pnfs/fnal.gov/usr/minerva/persistent/OpenData/MediumEnergy_RHC/Data/Playlist6J/MasterAnaDev_data_AnaTuple_run00026349_Playlist.root	1.4009781336784364e+18	1.4093363987779607e+18	1	21159		
RHC	data	6J	data26350	root://fndcadoor.fnal.gov:1095/pnfs/fnal.gov/usr/minerva/persistent/OpenData/MediumEnergy_RHC/Data/Playlist6J/MasterAnaDev_data_AnaTuple_run00026350_Playlist.root	1.376208619348526e+18	1.3765642545950702e+18	1	20571		
RHC	data	6J	data26351	root://fndcadoor.fnal.gov:1095/pnfs/fnal.gov/usr/minerva/persistent/OpenData/MediumEnergy_RHC/Data/Playlist6J/MasterAnaDev_data_AnaTuple_run00026351_Playlist.root	1.394251657484293e+18	1.4031004583295593e+18	1	20742		
RHC	data	6J	data26352	root://fndcadoor.fnal.gov:1095/pnfs/fnal.gov/usr/minerva/persistent/OpenData/MediumEnergy_RHC/Data/Playlist6J/MasterAnaDev_data_AnaTuple_run00026352_Playlist.root	1.2944224763374326e+18	1.2947300258132844e+18	1	19483		
RHC	data	6J	data26353	root://fndcadoor.fnal.gov:1095/pnfs/fnal.gov/usr/minerva/persistent/OpenData/MediumEnergy_RHC/Data/Playlist6J/MasterAnaDev_data_AnaTuple_run00026353_Playlist.root	1.2233093488559724e+18	1.343199628888578e+18	1	18205		
RHC	data	6J	data26354	root://fndcadoor.fnal.gov:1095/pnfs/fnal.gov/usr/minerva/persistent/OpenData/MediumEnergy_RHC/Data/Playlist6J/MasterAnaDev_data_AnaTuple_run00026354_Playlist.root	2.417716608428955e+17	9.154092235068037e+17	1	3594		
RHC	mc	5A	mc123000	root://fndcadoor.fnal.gov:1095/pnfs/fnal.gov/usr/minerva/persistent/OpenData/MediumEnergy_RHC/MC/StandardMC/Playlist5A/MasterAnaDev_mc_AnaTuple_run00123000_Playlist.root	1.024718742694157e+19	1.0247227457478332e+19	1	91702	230128	
RHC	mc	5A	mc123001	root://fndcadoor.fnal.gov:1095/pnfs/fnal.gov/usr/minerva/persistent/OpenData/MediumEnergy_RHC/MC/StandardMC/Playlist5A/MasterAnaDev_mc_AnaTuple_run00123001_Playlist.root	9.922940592140225e+18	9.923074197104394e+18	1	88479	222732	
RHC	mc	5A	mc123002	root://fndcadoor.fnal.gov:1095/pnfs/fnal.gov/usr/minerva/persistent/OpenData/MediumEnergy_RHC/MC/StandardMC/Playlist5A/MasterAnaDev_mc_AnaTuple_run00123002_Playlist.root	9.878854118294878e+18	9.878900315314534e+18	1	88065	221957	
RHC	mc	5A	mc123003	root://fndcadoor.fnal.gov:1095/pnfs/fnal.gov/usr/minerva/persistent/OpenData/MediumEnergy_RHC/MC/StandardMC/Playlist5A/MasterAnaDev_mc_AnaTuple_run00123003_Playlist.root	9.98398212810874e+18	9.98398212810874e+18	1	88778	224405	
RHC	mc	5A	mc123004	root://fndcadoor.fnal.gov:1095/pnfs/fnal.gov/usr/minerva/persistent/OpenData/MediumEnergy_RHC/MC/StandardMC/Playlist5A/MasterAnaDev_mc_AnaTuple_run00123004_Playlist.root	9.96288582506451e+18	9.962973189968663e+18	1	88810	223637	
RHC	mc	5A	mc123005	root://fndcadoor.fnal.gov:1095/pnfs/fnal.gov/usr/minerva/persistent/OpenData/MediumEnergy_RHC/MC/StandardMC/Playlist5A/MasterAnaDev_mc_AnaTuple_run00123005_Playlist.root	9.981657576359076e+18	9.981700800825678e+18	1	89100	224240	
RHC	mc	5A	mc123006	root://fndcadoor.fnal.gov:1095/pnfs/fnal.gov/usr/minerva/persistent/OpenData/MediumEnergy_RHC/MC/StandardMC/Playlist5A/MasterAnaDev_mc_AnaTuple_run00123006_Playlist.root	1.00068684039254e+19	1.00068684039254e+19	1	89029	224168	
RHC	mc	5A	mc123007	root://fndcadoor.fnal.gov:1095/pnfs/fnal.gov/usr/minerva/persistent/OpenData/MediumEnergy_RHC/MC/StandardMC/Playlist5A/MasterAnaDev_mc_AnaTuple_run00123007_Playlist.root	1.0002033741136024e+19	1.0002206917023642e+19	1	88904	224027	
RHC	mc	5A	mc123008	root://fndcadoor.fnal.gov:1095/pnfs/fnal.gov/usr/minerva/persistent/OpenData/MediumEnergy_RHC/MC/StandardMC/Playlist5A/MasterAnaDev_mc_AnaTuple_run00123008_Playlist.root	1.0075491305500506e+19	1.0075534508485425e+19	1	90319	226854	
RHC	mc	5A	mc123009	root://fndcadoor.fnal.gov:1095/pnfs/fnal.gov/usr/minerva/persistent/OpenData/MediumEnergy_RHC/MC/StandardMC/Playlist5A/MasterAnaDev_mc_AnaTuple_run00123009_Playlist.root	1.0021020442721116e+19	1.002110931385955e+19	1	89907	225860	
RHC	mc	5A	mc123010	root://fndcadoor.fnal.gov:1095/pnfs/fnal.gov/usr/minerva/persistent/OpenData/MediumEnergy_RHC/MC/StandardMC/Playlist5A/MasterAnaDev_mc_AnaTuple_run00123010_Playlist.root	9.681777786828106e+18	9.681777786828106e+18	1	86206	217494	
RHC	mc	5A	mc123011	root://fndcadoor.fnal.gov:1095/pnfs/fnal.gov/usr/minerva/persistent/OpenData/MediumEnergy_RHC/MC/StandardMC/Playlist5A/MasterAnaDev_mc_AnaTuple_run00123011_Playlist.root	9.489641031501378e+18	9.489641031501378e+18	1	84522	212456	
RHC	mc	5A	mc123012	root://fndcadoor.fnal.gov:1095/pnfs/fnal.gov/usr/minerva/persistent/OpenData/MediumEnergy_RHC/MC/StandardMC/Playlist5A/MasterAnaDev_mc_AnaTuple_run00123012_Playlist.root	9.500684682100384e+18	9.500732972490131e+18	1	84971	213643	
RHC	mc	5A	mc123013	root://fndcadoor.fnal.gov:1095/pnfs/fnal.gov/usr/minerva/persistent/OpenData/MediumEnergy_RHC/MC/StandardMC/Playlist5A/MasterAnaDev_mc_AnaTuple_run00123013_Playlist.root	9.650393671169796e+18	9.650432701892065e+18	1	85914	216950	
RHC	mc	5A	mc123014	root://fndcadoor.fnal.gov:1095/pnfs/fnal.gov/usr/minerva/persistent/OpenData/MediumEnergy_RHC/MC/StandardMC/Playlist5A/MasterAnaDev_mc_AnaTuple_run00123014_Playlist.root	9.581230734796098e+18	9.581275510352079e+18	1	85489	214833	
RHC	mc	5A	mc123015	root://fndcadoor.fnal.gov:1095/pnfs/fnal.gov/usr/minerva/persistent/OpenData/MediumEnergy_RHC/MC/StandardMC/Playlist5A/MasterAnaDev_mc_AnaTuple_run00123015_Playlist.root	9.542274430931505e+18	9.542365692260856e+18	1	85370	214272	
RHC	mc	5A	mc123016	root://fndcadoor.fnal.gov:1095/pnfs/fnal.gov/usr/minerva/persistent/OpenData/MediumEnergy_RHC/MC/StandardMC/Playlist5A/MasterAnaDev_mc_AnaTuple_run00123016_Playlist.root	9.481577923007263e+18	9.481619869506222e+18	1	84856	212780	
RHC	mc	5A	mc123017	root://fndcadoor.fnal.gov:1095/pnfs/fnal.gov/usr/minerva/persistent/OpenData/MediumEnergy_RHC/MC/StandardMC/Playlist5A/MasterAnaDev_mc_AnaTuple_run00123017_Playlist.root	9.379406261787537e+18	9.379406261787537e+18	1	84075	211128	
RHC	mc	5A	mc123018	root://fndcadoor.fnal.gov:1095/pnfs/fnal.gov/usr/minerva/persistent/OpenData/MediumEnergy_RHC/MC/StandardMC/Playlist5A/MasterAnaDev_mc_AnaTuple_run00123018_Playlist.root	9.585863783191e+18	9.585996351814222e+18	1	85218	215403	
RHC	mc	5A	mc123019	root://fndcadoor.fnal.gov:1095/pnfs/fnal.gov/usr/minerva/persistent/OpenData/MediumEnergy_RHC/MC/StandardMC/Playlist5A/MasterAnaDev_mc_AnaTuple_run00123019_Playlist.root	9.432972526181102e+18	9.499664788634092e+18	1	84215	213803	
RHC	mc	5A	mc123020	root://fndcadoor.fnal.gov:1095/pnfs/fnal.gov/usr/minerva/persistent/OpenData/MediumEnergy_RHC/MC/StandardMC/Playlist5A/MasterAnaDev_mc_AnaTuple_run00123020_Playlist.root	9.604953858188407e+18	9.604953858188407e+18	1	85462	215691	
RHC	mc	5A	mc123021	root://fndcadoor.fnal.gov:1095/pnfs/fnal.gov/usr/minerva/persistent/OpenData/MediumEnergy_RHC/MC/StandardMC/Playlist5A/MasterAnaDev_mc_AnaTuple_run00123021_Playlist.root	9.486523370119803e+18	9.486609361964247e+18	1	84760	213534	
RHC	mc	6A	mc122000	root://fndcadoor.fnal.gov:1095/pnfs/fnal.gov/usr/minerva/persistent/OpenData/MediumEnergy_RHC/MC/StandardMC/Playlist6A/MasterAnaDev_mc_AnaTuple_run00122000_Playlist.root	9.943865089896262e+18	9.953065896613087e+18	1	87462	226389	
RHC	mc	6A	mc122001	root://fndcadoor.fnal.gov:1095/pnfs/fnal.gov/usr/minerva/persistent/OpenData/MediumEnergy_RHC/MC/StandardMC/Playlist6A/MasterAnaDev_mc_AnaTuple_run00122001_Playlist.root	9.98439836793345e+18	9.98439836793345e+18	1	88529	227790	
RHC	mc	6A	mc122002	root://fndcadoor.fnal.gov:1095/pnfs/fnal.gov/usr/minerva/persistent/OpenData/MediumEnergy_RHC/MC/StandardMC/Playlist6A/MasterAnaDev_mc_AnaTuple_run00122002_Playlist.root	9.99292458176241e+18	9.992969460845834e+18	1	88514	227816	
RHC	mc	6A	mc122003	root://fndcadoor.fnal.gov:1095/pnfs/fnal.gov/usr/minerva/persistent/OpenData/MediumEnergy_RHC/MC/StandardMC/Playlist6A/MasterAnaDev_mc_AnaTuple_run00122003_Playlist.root	9.991301976965329e+18	9.991343920478634e+18	1	87841	227091	
RHC	mc	6A	mc122004	root://fndcadoor.fnal.gov:1095/pnfs/fnal.gov/usr/minerva/persistent/OpenData/MediumEnergy_RHC/MC/StandardMC/Playlist6A/MasterAnaDev_mc_AnaTuple_run00122004_Playlist.root	9.998377968981207e+18	9.998510882585008e+18	1	88267	228202	
RHC	mc	6A	mc122005	root://fndcadoor.fnal.gov:1095/pnfs/fnal.gov/usr/minerva/persistent/OpenData/MediumEnergy_RHC/MC/StandardMC/Playlist6A/MasterAnaDev_mc_AnaTuple_run00122005_Playlist.root	9.98213270840937e+18	9.98213270840937e+18	1	87914	227111	
RHC	mc	6A	mc122006	root://fndcadoor.fnal.gov:1095/pnfs/fnal.gov/usr/minerva/persistent/OpenData/MediumEnergy_RHC/MC/StandardMC/Playlist6A/MasterAnaDev_mc_AnaTuple_run00122006_Playlist.root	1.0020685710733986e+19	1.002077520076085e+19	1	88624	228642	
RHC	mc	6A	mc122007	root://fndcadoor.fnal.gov:1095/pnfs/fnal.gov/usr/minerva/persistent/OpenData/MediumEnergy_RHC/MC/StandardMC/Playlist6A/MasterAnaDev_mc_AnaTuple_run00122007_Playlist.root	9.987557754528164e+18	9.987557754528164e+18	1	88253	227683	
RHC	mc	6A	mc122008	root://fndcadoor.fnal.gov:1095/pnfs/fnal.gov/usr/minerva/persistent/OpenData/MediumEnergy_RHC/MC/StandardMC/Playlist6A/MasterAnaDev_mc_AnaTuple_run00122008_Playlist.root	1.002245033736317e+19	1.002245033736317e+19	1	88915	228400	
RHC	mc	6A	mc122009	root://fndcadoor.fnal.gov:1095/pnfs/fnal.gov/usr/minerva/persistent/OpenData/MediumEnergy_RHC/MC/StandardMC/Playlist6A/MasterAnaDev_mc_AnaTuple_run00122009_Playlist.root	1.000318635832771e+19	1.0003229607051018e+19	1	88139	226976	
RHC	mc	6A	mc122010	root://fndcadoor.fnal.gov:1095/pnfs/fnal.gov/usr/minerva/persistent/OpenData/MediumEnergy_RHC/MC/StandardMC/Playlist6A/MasterAnaDev_mc_AnaTuple_run00122010_Playlist.root	1.0002303433906635e+19	1.0002388401847783e+19	1	89036	228868	
RHC	mc	6A	mc122011	root://fndcadoor.fnal.gov:1095/pnfs/fnal.gov/usr/minerva/persistent/OpenData/MediumEnergy_RHC/MC/StandardMC/Playlist6A/MasterAnaDev_mc_AnaTuple_run00122011_Playlist.root	1.0022802990836791e+19	1.0022847084953872e+19	1	88555	228002	
RHC	mc	6A	mc122012	root://fndcadoor.fnal.gov:1095/pnfs/fnal.gov/usr/minerva/persistent/OpenData/MediumEnergy_RHC/MC/StandardMC/Playlist6A/MasterAnaDev_mc_AnaTuple_run00122012_Playlist.root	1.0021314018700657e+19	1.0021361417410568e+19	1	88589	227746	
RHC	mc	6A	mc122013	root://fndcadoor.fnal.gov:1095/pnfs/fnal.gov/usr/minerva/persistent/OpenData/MediumEnergy_RHC/MC/StandardMC/Playlist6A/MasterAnaDev_mc_AnaTuple_run00122013_Playlist.root	1.001515672528356e+19	1.001515672528356e+19	1	87744	226920	
RHC	mc	6A	mc122014	root://fndcadoor.fnal.gov:1095/pnfs/fnal.gov/usr/minerva/persistent/OpenData/MediumEnergy_RHC/MC/StandardMC/Playlist6A/MasterAnaDev_mc_AnaTuple_run00122014_Playlist.root	1.0001209638388396e+19	1.0001209638388396e+19	1	88361	227897	
RHC	mc	6A	mc122015	root://fndcadoor.fnal.gov:1095/pnfs/fnal.gov/usr/minerva/persistent/OpenData/MediumEnergy_RHC/MC/StandardMC/Playlist6A/MasterAnaDev_mc_AnaTuple_run00122015_Playlist.root	9.997525960980834e+18	9.997525960980834e+18	1	88422	228062	
RHC	mc	6A	mc122016	root://fndcadoor.fnal.gov:1095/pnfs/fnal.gov/usr/minerva/persistent/OpenData/MediumEnergy_RHC/MC/StandardMC/Playlist6A/MasterAnaDev_mc_AnaTuple_run00122016_Playlist.root	9.978342799584227e+18	9.978386527150438e+18	1	87770	227007	
RHC	mc	6A	mc122017	root://fndcadoor.fnal.gov:1095/pnfs/fnal.gov/usr/minerva/persistent/OpenData/MediumEnergy_RHC/MC/StandardMC/Playlist6A/MasterAnaDev_mc_AnaTuple_run00122017_Playlist.root	1.0021036526230307e+19	1.002107646410901e+19	1	88941	229008	
RHC	mc	6A	mc122018	root://fndcadoor.fnal.gov:1095/pnfs/fnal.gov/usr/minerva/persistent/OpenData/MediumEnergy_RHC/MC/StandardMC/Playlist6A/MasterAnaDev_mc_AnaTuple_run00122018_Playlist.root	9.94591756034431e+18	9.94591756034431e+18	1	87337	226261	
RHC	mc	6A	mc122019	root://fndcadoor.fnal.gov:1095/pnfs/fnal.gov/usr/minerva/persistent/OpenData/MediumEnergy_RHC/MC/StandardMC/Playlist6A/MasterAnaDev_mc_AnaTuple_run00122019_Playlist.root	9.990790090247324e+18	9.990836176377942e+18	1	87742	227113	
RHC	mc	6A	mc122020	root://fndcadoor.fnal.gov:1095/pnfs/fnal.gov/usr/minerva/persistent/OpenData/MediumEnergy_RHC/MC/StandardMC/Playlist6A/MasterAnaDev_mc_AnaTuple_run00122020_Playlist.root	9.961400568692478e+18	9.961400568692478e+18	1	87840	226471	
RHC	mc	6A	mc122021	root://fndcadoor.fnal.gov:1095/pnfs/fnal.gov/usr/minerva/persistent/OpenData/MediumEnergy_RHC/MC/StandardMC/Playlist6A/MasterAnaDev_mc_AnaTuple_run00122021_Playlist.root	9.986435205119228e+18	9.986520962292787e+18	1	88259	227172	
RHC	mc	6A	mc122022	root://fndcadoor.fnal.gov:1095/pnfs/fnal.gov/usr/minerva/persistent/OpenData/MediumEnergy_RHC/MC/StandardMC/Playlist6A/MasterAnaDev_mc_AnaTuple_run00122022_Playlist.root	9.96676967948239e+18	9.96676967948239e+18	1	88247	227126	
RHC	mc	6A	mc122023	root://fndcadoor.fnal.gov:1095/pnfs/fnal.gov/usr/minerva/persistent/OpenData/MediumEnergy_RHC/MC/StandardMC/Playlist6A/MasterAnaDev_mc_AnaTuple_run00122023_Playlist.root	1.0008612764458623e+19	1.0008612764458623e+19	1	88430	227930	
RHC	mc	6A	mc122024	root://fndcadoor.fnal.gov:1095/pnfs/fnal.gov/usr/minerva/persistent/OpenData/MediumEnergy_RHC/MC/StandardMC/Playlist6A/MasterAnaDev_mc_AnaTuple_run00122024_Playlist.root	9.92191496618701e+18	9.92191496618701e+18	1	87461	226167	
RHC	mc	6A	mc122025	root://fndcadoor.fnal.gov:1095/pnfs/fnal.gov/usr/minerva/persistent/OpenData/MediumEnergy_RHC/MC/StandardMC/Playlist6A/MasterAnaDev_mc_AnaTuple_run00122025_Playlist.root	1.0000964330862449e+19	1.0000964330862449e+19	1	87992	226839	
RHC	mc	6A	mc122026	root://fndcadoor.fnal.gov:1095/pnfs/fnal.gov/usr/minerva/persistent/OpenData/MediumEnergy_RHC/MC/StandardMC/Playlist6A/MasterAnaDev_mc_AnaTuple_run00122026_Playlist.root	9.692541804924424e+18	9.692541804924424e+18	1	85228	220887	
RHC	mc	6A	mc122027	root://fndcadoor.fnal.gov:1095/pnfs/fnal.gov/usr/minerva/persistent/OpenData/MediumEnergy_RHC/MC/StandardMC/Playlist6A/MasterAnaDev_mc_AnaTuple_run00122027_Playlist.root	9.9160847504424e+18	9.916126506536546e+18	1	87479	225409	
RHC	mc	6A	mc122028	root://fndcadoor.fnal.gov:1095/pnfs/fnal.gov/usr/minerva/persistent/OpenData/MediumEnergy_RHC/MC/StandardMC/Playlist6A/MasterAnaDev_mc_AnaTuple_run00122028_Playlist.root	9.681617003064089e+18	9.681617003064089e+18	1	85880	221257	
RHC	mc	6A	mc122029	root://fndcadoor.fnal.gov:1095/pnfs/fnal.gov/usr/minerva/persistent/OpenData/MediumEnergy_RHC/MC/StandardMC/Playlist6A/MasterAnaDev_mc_AnaTuple_run00122029_Playlist.root	9.96216906847824e+18	9.96216906847824e+18	1	88155	227113	
RHC	mc	6A	mc122030	root://fndcadoor.fnal.gov:1095/pnfs/fnal.gov/usr/minerva/persistent/OpenData/MediumEnergy_RHC/MC/StandardMC/Playlist6A/MasterAnaDev_mc_AnaTuple_run00122030_Playlist.root	9.822788121354721e+18	9.822788121354721e+18	1	86602	223657	
RHC	mc	6A	mc122031	root://fndcadoor.fnal.gov:1095/pnfs/fnal.gov/usr/minerva/persistent/OpenData/MediumEnergy_RHC/MC/StandardMC/Playlist6A/MasterAnaDev_mc_AnaTuple_run00122031_Playlist.root	9.901899157531296e+18	9.901899157531296e+18	1	87457	225034	
RHC	mc	6A	mc122032	root://fndcadoor.fnal.gov:1095/pnfs/fnal.gov/usr/minerva/persistent/OpenData/MediumEnergy_RHC/MC/StandardMC/Playlist6A/MasterAnaDev_mc_AnaTuple_run00122032_Playlist.root	9.982227392372754e+18	9.982227392372754e+18	1	88119	227641	
RHC	mc	6A	mc122033	root://fndcadoor.fnal.gov:1095/pnfs/fnal.gov/usr/minerva/persistent/OpenData/MediumEnergy_RHC/MC/StandardMC/Playlist6A/MasterAnaDev_mc_AnaTuple_run00122033_Playlist.root	1.001821970312672e+19	1.0018349190640275e+19	1	88309	228609	
RHC	mc	6A	mc122034	root://fndcadoor.fnal.gov:1095/pnfs/fnal.gov/usr/minerva/persistent/OpenData/MediumEnergy_RHC/MC/StandardMC/Playlist6A/MasterAnaDev_mc_AnaTuple_run00122034_Playlist.root	9.904255100896518e+18	9.904255100896518e+18	1	86854	225333	
RHC	mc	6A	mc122035	root://fndcadoor.fnal.gov:1095/pnfs/fnal.gov/usr/minerva/persistent/OpenData/MediumEnergy_RHC/MC/StandardMC/Playlist6A/MasterAnaDev_mc_AnaTuple_run00122035_Playlist.root	9.919416015583756e+18	9.91946007029626e+18	1	87786	226068	
RHC	mc	6A	mc122036	root://fndcadoor.fnal.gov:1095/pnfs/fnal.gov/usr/minerva/persistent/OpenData/MediumEnergy_RHC/MC/StandardMC/Playlist6A/MasterAnaDev_mc_AnaTuple_run00122036_Playlist.root	1.0008261082383899e+19	1.0008261082383899e+19	1	88888	229093	
RHC	mc	6A	mc122037	root://fndcadoor.fnal.gov:1095/pnfs/fnal.gov/usr/minerva/persistent/OpenData/MediumEnergy_RHC/MC/StandardMC/Playlist6A/MasterAnaDev_mc_AnaTuple_run00122037_Playlist.root	1.0022424490204963e+19	1.0022506715670782e+19	1	88049	228288	
RHC	mc	6A	mc122038	root://fndcadoor.fnal.gov:1095/pnfs/fnal.gov/usr/minerva/persistent/OpenData/MediumEnergy_RHC/MC/StandardMC/Playlist6A/MasterAnaDev_mc_AnaTuple_run00122038_Playlist.root	1.0022548386226129e+19	1.0022548386226129e+19	1	88215	227844	
RHC	mc	6A	mc122039	root://fndcadoor.fnal.gov:1095/pnfs/fnal.gov/usr/minerva/persistent/OpenData/MediumEnergy_RHC/MC/StandardMC/Playlist6A/MasterAnaDev_mc_AnaTuple_run00122039_Playlist.root	1.0001162332414728e+19	1.0001162332414728e+19	1	88409	227466	
RHC	mc	6A	mc122040	root://fndcadoor.fnal.gov:1095/pnfs/fnal.gov/usr/minerva/persistent/OpenData/MediumEnergy_RHC/MC/StandardMC/Playlist6A/MasterAnaDev_mc_AnaTuple_run00122040_Playlist.root	1.0021244420997335e+19	1.0021244420997335e+19	1	88189	227647	
RHC	mc	6A	mc122041	root://fndcadoor.fnal.gov:1095/pnfs/fnal.gov/usr/minerva/persistent/OpenData/MediumEnergy_RHC/MC/StandardMC/Playlist6A/MasterAnaDev_mc_AnaTuple_run00122041_Playlist.root	1.0016595393880678e+19	1.0020748412845259e+19	1	89015	229553	
RHC	mc	6A	mc122042	root://fndcadoor.fnal.gov:1095/pnfs/fnal.gov/usr/minerva/persistent/OpenData/MediumEnergy_RHC/MC/StandardMC/Playlist6A/MasterAnaDev_mc_AnaTuple_run00122042_Playlist.root	1.0021030814586704e+19	1.0021071920297302e+19	1	88126	228177	
RHC	mc	6A	mc122043	root://fndcadoor.fnal.gov:1095/pnfs/fnal.gov/usr/minerva/persistent/OpenData/MediumEnergy_RHC/MC/StandardMC/Playlist6A/MasterAnaDev_mc_AnaTuple_run00122043_Playlist.root	9.981626490660952e+18	9.981626490660952e+18	1	88065	227627	
RHC	mc	6A	mc122044	root://fndcadoor.fnal.gov:1095/pnfs/fnal.gov/usr/minerva/persistent/OpenData/MediumEnergy_RHC/MC/StandardMC/Playlist6A/MasterAnaDev_mc_AnaTuple_run00122044_Playlist.root	1.0015577640198844e+19	1.0015577640198844e+19	1	88220	228154	
RHC	mc	6A	mc122045	root://fndcadoor.fnal.gov:1095/pnfs/fnal.gov/usr/minerva/persistent/OpenData/MediumEnergy_RHC/MC/StandardMC/Playlist6A/MasterAnaDev_mc_AnaTuple_run00122045_Playlist.root	1.0001357214512654e+19	1.0001357214512654e+19	1	87822	227613	
RHC	mc	6A	mc122046	root://fndcadoor.fnal.gov:1095/pnfs/fnal.gov/usr/minerva/persistent/OpenData/MediumEnergy_RHC/MC/StandardMC/Playlist6A/MasterAnaDev_mc_AnaTuple_run00122046_Playlist.root	1.0022026605148314e+19	1.0022026605148314e+19	1	88713	228806	
RHC	mc	6A	mc122047	root://fndcadoor.fnal.gov:1095/pnfs/fnal.gov/usr/minerva/persistent/OpenData/MediumEnergy_RHC/MC/StandardMC/Playlist6A/MasterAnaDev_mc_AnaTuple_run00122047_Playlist.root	9.99818451857354e+18	9.99818451857354e+18	1	88011	227491	
RHC	mc	6A	mc122048	root://fndcadoor.fnal.gov:1095/pnfs/fnal.gov/usr/minerva/persistent/OpenData/MediumEnergy_RHC/MC/StandardMC/Playlist6A/MasterAnaDev_mc_AnaTuple_run00122048_Playlist.root	1.001808720742393e+19	1.00181788509694e+19	1	88582	228421	
RHC	mc	6A	mc122049	root://fndcadoor.fnal.gov:1095/pnfs/fnal.gov/usr/minerva/persistent/OpenData/MediumEnergy_RHC/MC/StandardMC/Playlist6A/MasterAnaDev_mc_AnaTuple_run00122049_Playlist.root	1.0022470921799672e+19	1.0022560248370672e+19	1	88634	228912	
RHC	mc	6A	mc122050	root://fndcadoor.fnal.gov:1095/pnfs/fnal.gov/usr/minerva/persistent/OpenData/MediumEnergy_RHC/MC/StandardMC/Playlist6A/MasterAnaDev_mc_AnaTuple_run00122050_Playlist.root	1.0021948320828449e+19	1.0021948320828449e+19	1	88114	228179	
RHC	mc	6A	mc122051	root://fndcadoor.fnal.gov:1095/pnfs/fnal.gov/usr/minerva/persistent/OpenData/MediumEnergy_RHC/MC/StandardMC/Playlist6A/MasterAnaDev_mc_AnaTuple_run00122051_Playlist.root	1.0017002895132686e+19	1.0017044980327127e+19	1	88211	227596	
RHC	mc	6A	mc122052	root://fndcadoor.fnal.gov:1095/pnfs/fnal.gov/usr/minerva/persistent/OpenData/MediumEnergy_RHC/MC/StandardMC/Playlist6A/MasterAnaDev_mc_AnaTuple_run00122052_Playlist.root	9.985448570074544e+18	9.985448570074544e+18	1	88451	228141	
RHC	mc	6A	mc122053	root://fndcadoor.fnal.gov:1095/pnfs/fnal.gov/usr/minerva/persistent/OpenData/MediumEnergy_RHC/MC/StandardMC/Playlist6A/MasterAnaDev_mc_AnaTuple_run00122053_Playlist.root	9.692192870744267e+18	9.70411837485424e+18	1	85680	220715	
RHC	mc	6A	mc122054	root://fndcadoor.fnal.gov:1095/pnfs/fnal.gov/usr/minerva/persistent/OpenData/MediumEnergy_RHC/MC/StandardMC/Playlist6A/MasterAnaDev_mc_AnaTuple_run00122054_Playlist.root	9.97734375305617e+18	9.9781081772158e+18	1	87739	227572	
RHC	mc	6A	mc122055	root://fndcadoor.fnal.gov:1095/pnfs/fnal.gov/usr/minerva/persistent/OpenData/MediumEnergy_RHC/MC/StandardMC/Playlist6A/MasterAnaDev_mc_AnaTuple_run00122055_Playlist.root	9.984541513814508e+18	9.984670570475258e+18	1	87792	226953	
RHC	mc	6A	mc122056	root://fndcadoor.fnal.gov:1095/pnfs/fnal.gov/usr/minerva/persistent/OpenData/MediumEnergy_RHC/MC/StandardMC/Playlist6A/MasterAnaDev_mc_AnaTuple_run00122056_Playlist.root	9.907854491171897e+18	9.907854491171897e+18	1	87684	225907	
RHC	mc	6A	mc122057	root://fndcadoor.fnal.gov:1095/pnfs/fnal.gov/usr/minerva/persistent/OpenData/MediumEnergy_RHC/MC/StandardMC/Playlist6A/MasterAnaDev_mc_AnaTuple_run00122057_Playlist.root	9.881424729809838e+18	9.881517649570664e+18	1	86874	224438	
RHC	mc	6A	mc122058	root://fndcadoor.fnal.gov:1095/pnfs/fnal.gov/usr/minerva/persistent/OpenData/MediumEnergy_RHC/MC/StandardMC/Playlist6A/MasterAnaDev_mc_AnaTuple_run00122058_Playlist.root	9.979940434859606e+18	9.979940434859606e+18	1	87865	226995	
RHC	mc	6A	mc122059	root://fndcadoor.fnal.gov:1095/pnfs/fnal.gov/usr/minerva/persistent/OpenData/MediumEnergy_RHC/MC/StandardMC/Playlist6A/MasterAnaDev_mc_AnaTuple_run00122059_Playlist.root	9.961959563264209e+18	9.961959563264209e+18	1	88054	227214	
RHC	mc	6A	mc122060	root://fndcadoor.fnal.gov:1095/pnfs/fnal.gov/usr/minerva/persistent/OpenData/MediumEnergy_RHC/MC/StandardMC/Playlist6A/MasterAnaDev_mc_AnaTuple_run00122060_Playlist.root	9.982483776208458e+18	9.982483776208458e+18	1	88115	227190	
RHC	mc	6A	mc122061	root://fndcadoor.fnal.gov:1095/pnfs/fnal.gov/usr/minerva/persistent/OpenData/MediumEnergy_RHC/MC/StandardMC/Playlist6A/MasterAnaDev_mc_AnaTuple_run00122061_Playlist.root	1.0022661708897282e+19	1.0022703733671006e+19	1	88200	227504	
RHC	mc	6A	mc122062	root://fndcadoor.fnal.gov:1095/pnfs/fnal.gov/usr/minerva/persistent/OpenData/MediumEnergy_RHC/MC/StandardMC/Playlist6A/MasterAnaDev_mc_AnaTuple_run00122062_Playlist.root	1.0021281571992412e+19	1.0021281571992412e+19	1	88116	228264	
RHC	mc	6A	mc122063	root://fndcadoor.fnal.gov:1095/pnfs/fnal.gov/usr/minerva/persistent/OpenData/MediumEnergy_RHC/MC/StandardMC/Playlist6A/MasterAnaDev_mc_AnaTuple_run00122063_Playlist.root	1.000774522082347e+19	1.0018280621250267e+19	1	87915	228269	
RHC	mc	6B	mc122240	root://fndcadoor.fnal.gov:1095/pnfs/fnal.gov/usr/minerva/persistent/OpenData/MediumEnergy_RHC/MC/StandardMC/Playlist6B/MasterAnaDev_mc_AnaTuple_run00122240_Playlist.root	9.95025638907357e+18	9.95025638907357e+18	1	87934	226495	
RHC	mc	6B	mc122241	root://fndcadoor.fnal.gov:1095/pnfs/fnal.gov/usr/minerva/persistent/OpenData/MediumEnergy_RHC/MC/StandardMC/Playlist6B/MasterAnaDev_mc_AnaTuple_run00122241_Playlist.root	9.980181670831614e+18	9.980181670831614e+18	1	88482	227453	
RHC	mc	6B	mc122242	root://fndcadoor.fnal.gov:1095/pnfs/fnal.gov/usr/minerva/persistent/OpenData/MediumEnergy_RHC/MC/StandardMC/Playlist6B/MasterAnaDev_mc_AnaTuple_run00122242_Playlist.root	9.978950522708558e+18	9.979037862350727e+18	1	88697	227562	
RHC	mc	6B	mc122243	root://fndcadoor.fnal.gov:1095/pnfs/fnal.gov/usr/minerva/persistent/OpenData/MediumEnergy_RHC/MC/StandardMC/Playlist6B/MasterAnaDev_mc_AnaTuple_run00122243_Playlist.root	9.998860917469585e+18	9.998860917469585e+18	1	88307	227539	
RHC	mc	6B	mc122244	root://fndcadoor.fnal.gov:1095/pnfs/fnal.gov/usr/minerva/persistent/OpenData/MediumEnergy_RHC/MC/StandardMC/Playlist6B/MasterAnaDev_mc_AnaTuple_run00122244_Playlist.root	9.935517764915048e+18	9.935517764915048e+18	1	87457	226506	
RHC	mc	6B	mc122245	root://fndcadoor.fnal.gov:1095/pnfs/fnal.gov/usr/minerva/persistent/OpenData/MediumEnergy_RHC/MC/StandardMC/Playlist6B/MasterAnaDev_mc_AnaTuple_run00122245_Playlist.root	9.955556022605203e+18	9.955600161419262e+18	1	87926	226719	
RHC	mc	6B	mc122246	root://fndcadoor.fnal.gov:1095/pnfs/fnal.gov/usr/minerva/persistent/OpenData/MediumEnergy_RHC/MC/StandardMC/Playlist6B/MasterAnaDev_mc_AnaTuple_run00122246_Playlist.root	9.97849064749487e+18	9.97849064749487e+18	1	88875	228054	
RHC	mc	6B	mc122247	root://fndcadoor.fnal.gov:1095/pnfs/fnal.gov/usr/minerva/persistent/OpenData/MediumEnergy_RHC/MC/StandardMC/Playlist6B/MasterAnaDev_mc_AnaTuple_run00122247_Playlist.root	9.933906303097897e+18	9.933906303097897e+18	1	87535	226369	
RHC	mc	6B	mc122248	root://fndcadoor.fnal.gov:1095/pnfs/fnal.gov/usr/minerva/persistent/OpenData/MediumEnergy_RHC/MC/StandardMC/Playlist6B/MasterAnaDev_mc_AnaTuple_run00122248_Playlist.root	9.991312320425794e+18	9.991312320425794e+18	1	88591	227491	
RHC	mc	6B	mc122249	root://fndcadoor.fnal.gov:1095/pnfs/fnal.gov/usr/minerva/persistent/OpenData/MediumEnergy_RHC/MC/StandardMC/Playlist6B/MasterAnaDev_mc_AnaTuple_run00122249_Playlist.root	9.820856489301207e+18	9.820856489301207e+18	1	86789	223903	
RHC	mc	6B	mc122250	root://fndcadoor.fnal.gov:1095/pnfs/fnal.gov/usr/minerva/persistent/OpenData/MediumEnergy_RHC/MC/StandardMC/Playlist6B/MasterAnaDev_mc_AnaTuple_run00122250_Playlist.root	9.893662492349305e+18	9.893709843892183e+18	1	87228	225492	
RHC	mc	6B	mc122251	root://fndcadoor.fnal.gov:1095/pnfs/fnal.gov/usr/minerva/persistent/OpenData/MediumEnergy_RHC/MC/StandardMC/Playlist6B/MasterAnaDev_mc_AnaTuple_run00122251_Playlist.root	9.982865197424284e+18	9.982994705880383e+18	1	88393	227897	
RHC	mc	6B	mc122252	root://fndcadoor.fnal.gov:1095/pnfs/fnal.gov/usr/minerva/persistent/OpenData/MediumEnergy_RHC/MC/StandardMC/Playlist6B/MasterAnaDev_mc_AnaTuple_run00122252_Playlist.root	9.99095612502305e+18	9.99099562994767e+18	1	88360	227744	
RHC	mc	6B	mc122253	root://fndcadoor.fnal.gov:1095/pnfs/fnal.gov/usr/minerva/persistent/OpenData/MediumEnergy_RHC/MC/StandardMC/Playlist6B/MasterAnaDev_mc_AnaTuple_run00122253_Playlist.root	1.0003445226666242e+19	1.00034897569137e+19	1	88510	227746	
RHC	mc	6B	mc122254	root://fndcadoor.fnal.gov:1095/pnfs/fnal.gov/usr/minerva/persistent/OpenData/MediumEnergy_RHC/MC/StandardMC/Playlist6B/MasterAnaDev_mc_AnaTuple_run00122254_Playlist.root	1.000074237166926e+19	1.0000833371261665e+19	1	88103	228064	
RHC	mc	6B	mc122255	root://fndcadoor.fnal.gov:1095/pnfs/fnal.gov/usr/minerva/persistent/OpenData/MediumEnergy_RHC/MC/StandardMC/Playlist6B/MasterAnaDev_mc_AnaTuple_run00122255_Playlist.root	9.920234370049518e+18	9.920279448664117e+18	1	87560	225946	
RHC	mc	6B	mc122256	root://fndcadoor.fnal.gov:1095/pnfs/fnal.gov/usr/minerva/persistent/OpenData/MediumEnergy_RHC/MC/StandardMC/Playlist6B/MasterAnaDev_mc_AnaTuple_run00122256_Playlist.root	9.843526710793052e+18	9.843526710793052e+18	1	87004	224390	
RHC	mc	6B	mc122257	root://fndcadoor.fnal.gov:1095/pnfs/fnal.gov/usr/minerva/persistent/OpenData/MediumEnergy_RHC/MC/StandardMC/Playlist6B/MasterAnaDev_mc_AnaTuple_run00122257_Playlist.root	9.841386001272867e+18	9.841386001272867e+18	1	86771	223902	
RHC	mc	6B	mc122258	root://fndcadoor.fnal.gov:1095/pnfs/fnal.gov/usr/minerva/persistent/OpenData/MediumEnergy_RHC/MC/StandardMC/Playlist6B/MasterAnaDev_mc_AnaTuple_run00122258_Playlist.root	9.90139712015984e+18	9.901438946526263e+18	1	87374	225373	
RHC	mc	6B	mc122259	root://fndcadoor.fnal.gov:1095/pnfs/fnal.gov/usr/minerva/persistent/OpenData/MediumEnergy_RHC/MC/StandardMC/Playlist6B/MasterAnaDev_mc_AnaTuple_run00122259_Playlist.root	9.95808637834175e+18	9.958134351094245e+18	1	88295	227099	
RHC	mc	6B	mc122260	root://fndcadoor.fnal.gov:1095/pnfs/fnal.gov/usr/minerva/persistent/OpenData/MediumEnergy_RHC/MC/StandardMC/Playlist6B/MasterAnaDev_mc_AnaTuple_run00122260_Playlist.root	9.920766235879885e+18	9.920766235879885e+18	1	87384	225395	
RHC	mc	6B	mc122261	root://fndcadoor.fnal.gov:1095/pnfs/fnal.gov/usr/minerva/persistent/OpenData/MediumEnergy_RHC/MC/StandardMC/Playlist6B/MasterAnaDev_mc_AnaTuple_run00122261_Playlist.root	9.77480099643542e+18	9.77480099643542e+18	1	85926	222790	
RHC	mc	6B	mc122262	root://fndcadoor.fnal.gov:1095/pnfs/fnal.gov/usr/minerva/persistent/OpenData/MediumEnergy_RHC/MC/StandardMC/Playlist6B/MasterAnaDev_mc_AnaTuple_run00122262_Playlist.root	9.822577849647716e+18	9.82266219369297e+18	1	86342	223545	
RHC	mc	6B	mc122263	root://fndcadoor.fnal.gov:1095/pnfs/fnal.gov/usr/minerva/persistent/OpenData/MediumEnergy_RHC/MC/StandardMC/Playlist6B/MasterAnaDev_mc_AnaTuple_run00122263_Playlist.root	1.000100806658914e+19	1.0001051486187684e+19	1	87968	227168	
RHC	mc	6B	mc122264	root://fndcadoor.fnal.gov:1095/pnfs/fnal.gov/usr/minerva/persistent/OpenData/MediumEnergy_RHC/MC/StandardMC/Playlist6B/MasterAnaDev_mc_AnaTuple_run00122264_Playlist.root	1.0008178363668728e+19	1.0008178363668728e+19	1	88535	228181	
RHC	mc	6B	mc122265	root://fndcadoor.fnal.gov:1095/pnfs/fnal.gov/usr/minerva/persistent/OpenData/MediumEnergy_RHC/MC/StandardMC/Playlist6B/MasterAnaDev_mc_AnaTuple_run00122265_Playlist.root	1.0022599207159382e+19	1.002264040659243e+19	1	88477	228568	
RHC	mc	6B	mc122266	root://fndcadoor.fnal.gov:1095/pnfs/fnal.gov/usr/minerva/persistent/OpenData/MediumEnergy_RHC/MC/StandardMC/Playlist6B/MasterAnaDev_mc_AnaTuple_run00122266_Playlist.root	9.94173288846485e+18	9.941779318893892e+18	1	88006	227156	
RHC	mc	6B	mc122267	root://fndcadoor.fnal.gov:1095/pnfs/fnal.gov/usr/minerva/persistent/OpenData/MediumEnergy_RHC/MC/StandardMC/Playlist6B/MasterAnaDev_mc_AnaTuple_run00122267_Playlist.root	9.983694334765056e+18	9.983736084902349e+18	1	88059	227262	
RHC	mc	6B	mc122268	root://fndcadoor.fnal.gov:1095/pnfs/fnal.gov/usr/minerva/persistent/OpenData/MediumEnergy_RHC/MC/StandardMC/Playlist6B/MasterAnaDev_mc_AnaTuple_run00122268_Playlist.root	9.961814956036663e+18	9.961814956036663e+18	1	88021	227141	
RHC	mc	6B	mc122269	root://fndcadoor.fnal.gov:1095/pnfs/fnal.gov/usr/minerva/persistent/OpenData/MediumEnergy_RHC/MC/StandardMC/Playlist6B/MasterAnaDev_mc_AnaTuple_run00122269_Playlist.root	1.000269740740473e+19	1.000269740740473e+19	1	88379	227957	
RHC	mc	6B	mc122270	root://fndcadoor.fnal.gov:1095/pnfs/fnal.gov/usr/minerva/persistent/OpenData/MediumEnergy_RHC/MC/StandardMC/Playlist6B/MasterAnaDev_mc_AnaTuple_run00122270_Playlist.root	9.981731234419067e+18	9.981731234419067e+18	1	88093	228312	
RHC	mc	6B	mc122271	root://fndcadoor.fnal.gov:1095/pnfs/fnal.gov/usr/minerva/persistent/OpenData/MediumEnergy_RHC/MC/StandardMC/Playlist6B/MasterAnaDev_mc_AnaTuple_run00122271_Playlist.root	9.983761471389161e+18	9.983761471389161e+18	1	88032	227215	
RHC	mc	6B	mc122272	root://fndcadoor.fnal.gov:1095/pnfs/fnal.gov/usr/minerva/persistent/OpenData/MediumEnergy_RHC/MC/StandardMC/Playlist6B/MasterAnaDev_mc_AnaTuple_run00122272_Playlist.root	1.0011012097306927e+19	1.0011053339165098e+19	1	88432	228405	
RHC	mc	6B	mc122273	root://fndcadoor.fnal.gov:1095/pnfs/fnal.gov/usr/minerva/persistent/OpenData/MediumEnergy_RHC/MC/StandardMC/Playlist6B/MasterAnaDev_mc_AnaTuple_run00122273_Playlist.root	9.553753332870089e+18	9.553753332870089e+18	1	84259	217973	
RHC	mc	6B	mc122274	root://fndcadoor.fnal.gov:1095/pnfs/fnal.gov/usr/minerva/persistent/OpenData/MediumEnergy_RHC/MC/StandardMC/Playlist6B/MasterAnaDev_mc_AnaTuple_run00122274_Playlist.root	9.888249117354e+18	9.921498186206958e+18	1	86994	225819	
RHC	mc	6B	mc122275	root://fndcadoor.fnal.gov:1095/pnfs/fnal.gov/usr/minerva/persistent/OpenData/MediumEnergy_RHC/MC/StandardMC/Playlist6B/MasterAnaDev_mc_AnaTuple_run00122275_Playlist.root	9.98197481058668e+18	9.98197481058668e+18	1	87507	226848	
RHC	mc	6B	mc122276	root://fndcadoor.fnal.gov:1095/pnfs/fnal.gov/usr/minerva/persistent/OpenData/MediumEnergy_RHC/MC/StandardMC/Playlist6B/MasterAnaDev_mc_AnaTuple_run00122276_Playlist.root	9.800883507186897e+18	9.80092552678091e+18	1	86552	223932	
RHC	mc	6B	mc122277	root://fndcadoor.fnal.gov:1095/pnfs/fnal.gov/usr/minerva/persistent/OpenData/MediumEnergy_RHC/MC/StandardMC/Playlist6B/MasterAnaDev_mc_AnaTuple_run00122277_Playlist.root	9.78128697506892e+18	9.781330081600184e+18	1	86444	223394	
RHC	mc	6B	mc122278	root://fndcadoor.fnal.gov:1095/pnfs/fnal.gov/usr/minerva/persistent/OpenData/MediumEnergy_RHC/MC/StandardMC/Playlist6B/MasterAnaDev_mc_AnaTuple_run00122278_Playlist.root	9.740239601281233e+18	9.740282954341749e+18	1	85726	221178	
RHC	mc	6B	mc122279	root://fndcadoor.fnal.gov:1095/pnfs/fnal.gov/usr/minerva/persistent/OpenData/MediumEnergy_RHC/MC/StandardMC/Playlist6B/MasterAnaDev_mc_AnaTuple_run00122279_Playlist.root	9.741671629994064e+18	9.741671629994064e+18	1	85861	222194	
RHC	mc	6B	mc122280	root://fndcadoor.fnal.gov:1095/pnfs/fnal.gov/usr/minerva/persistent/OpenData/MediumEnergy_RHC/MC/StandardMC/Playlist6B/MasterAnaDev_mc_AnaTuple_run00122280_Playlist.root	9.694295659030712e+18	9.694295659030712e+18	1	85388	220366	
RHC	mc	6B	mc122281	root://fndcadoor.fnal.gov:1095/pnfs/fnal.gov/usr/minerva/persistent/OpenData/MediumEnergy_RHC/MC/StandardMC/Playlist6B/MasterAnaDev_mc_AnaTuple_run00122281_Playlist.root	9.881349456004342e+18	9.88143558636973e+18	1	86894	224922	
RHC	mc	6C	mc122390	root://fndcadoor.fnal.gov:1095/pnfs/fnal.gov/usr/minerva/persistent/OpenData/MediumEnergy_RHC/MC/StandardMC/Playlist6C/MasterAnaDev_mc_AnaTuple_run00122390_Playlist.root	9.82367364826529e+18	9.981800356689596e+18	1	87126	227116	
RHC	mc	6C	mc122391	root://fndcadoor.fnal.gov:1095/pnfs/fnal.gov/usr/minerva/persistent/OpenData/MediumEnergy_RHC/MC/StandardMC/Playlist6C/MasterAnaDev_mc_AnaTuple_run00122391_Playlist.root	9.85699808960787e+18	9.975225414141112e+18	1	87390	226728	
RHC	mc	6C	mc122392	root://fndcadoor.fnal.gov:1095/pnfs/fnal.gov/usr/minerva/persistent/OpenData/MediumEnergy_RHC/MC/StandardMC/Playlist6C/MasterAnaDev_mc_AnaTuple_run00122392_Playlist.root	9.819355696988353e+18	9.980994729962965e+18	1	86865	227157	
RHC	mc	6C	mc122393	root://fndcadoor.fnal.gov:1095/pnfs/fnal.gov/usr/minerva/persistent/OpenData/MediumEnergy_RHC/MC/StandardMC/Playlist6C/MasterAnaDev_mc_AnaTuple_run00122393_Playlist.root	9.93930739300471e+18	1.0024917003675967e+19	1	88294	229194	
RHC	mc	6C	mc122394	root://fndcadoor.fnal.gov:1095/pnfs/fnal.gov/usr/minerva/persistent/OpenData/MediumEnergy_RHC/MC/StandardMC/Playlist6C/MasterAnaDev_mc_AnaTuple_run00122394_Playlist.root	9.91294010044201e+18	1.0021971987001934e+19	1	88200	228052	
RHC	mc	6C	mc122395	root://fndcadoor.fnal.gov:1095/pnfs/fnal.gov/usr/minerva/persistent/OpenData/MediumEnergy_RHC/MC/StandardMC/Playlist6C/MasterAnaDev_mc_AnaTuple_run00122395_Playlist.root	9.871235474959987e+18	9.942040824192707e+18	1	87488	225756	
RHC	mc	6C	mc122396	root://fndcadoor.fnal.gov:1095/pnfs/fnal.gov/usr/minerva/persistent/OpenData/MediumEnergy_RHC/MC/StandardMC/Playlist6C/MasterAnaDev_mc_AnaTuple_run00122396_Playlist.root	9.832661669413978e+18	9.981109827655084e+18	1	87372	227131	
RHC	mc	6C	mc122397	root://fndcadoor.fnal.gov:1095/pnfs/fnal.gov/usr/minerva/persistent/OpenData/MediumEnergy_RHC/MC/StandardMC/Playlist6C/MasterAnaDev_mc_AnaTuple_run00122397_Playlist.root	9.865566884532146e+18	1.0005349799936195e+19	1	87376	227861	
RHC	mc	6C	mc122398	root://fndcadoor.fnal.gov:1095/pnfs/fnal.gov/usr/minerva/persistent/OpenData/MediumEnergy_RHC/MC/StandardMC/Playlist6C/MasterAnaDev_mc_AnaTuple_run00122398_Playlist.root	9.822357384885705e+18	9.960853393182847e+18	1	87558	226956	
RHC	mc	6C	mc122399	root://fndcadoor.fnal.gov:1095/pnfs/fnal.gov/usr/minerva/persistent/OpenData/MediumEnergy_RHC/MC/StandardMC/Playlist6C/MasterAnaDev_mc_AnaTuple_run00122399_Playlist.root	9.768947126167288e+18	9.883621459549393e+18	1	86672	224876	
RHC	mc	6C	mc122400	root://fndcadoor.fnal.gov:1095/pnfs/fnal.gov/usr/minerva/persistent/OpenData/MediumEnergy_RHC/MC/StandardMC/Playlist6C/MasterAnaDev_mc_AnaTuple_run00122400_Playlist.root	9.811865392215319e+18	9.962570412699273e+18	1	86860	227008	
RHC	mc	6C	mc122401	root://fndcadoor.fnal.gov:1095/pnfs/fnal.gov/usr/minerva/persistent/OpenData/MediumEnergy_RHC/MC/StandardMC/Playlist6C/MasterAnaDev_mc_AnaTuple_run00122401_Playlist.root	9.799269048418836e+18	9.967840971671951e+18	1	86595	226889	
RHC	mc	6C	mc122402	root://fndcadoor.fnal.gov:1095/pnfs/fnal.gov/usr/minerva/persistent/OpenData/MediumEnergy_RHC/MC/StandardMC/Playlist6C/MasterAnaDev_mc_AnaTuple_run00122402_Playlist.root	9.78803655920732e+18	9.921354284959928e+18	1	86644	225287	
RHC	mc	6C	mc122403	root://fndcadoor.fnal.gov:1095/pnfs/fnal.gov/usr/minerva/persistent/OpenData/MediumEnergy_RHC/MC/StandardMC/Playlist6C/MasterAnaDev_mc_AnaTuple_run00122403_Playlist.root	9.91833470916541e+18	9.961604795136526e+18	1	88184	226979	
RHC	mc	6C	mc122404	root://fndcadoor.fnal.gov:1095/pnfs/fnal.gov/usr/minerva/persistent/OpenData/MediumEnergy_RHC/MC/StandardMC/Playlist6C/MasterAnaDev_mc_AnaTuple_run00122404_Playlist.root	9.825745252883247e+18	9.981557294835069e+18	1	87027	227576	
RHC	mc	6C	mc122405	root://fndcadoor.fnal.gov:1095/pnfs/fnal.gov/usr/minerva/persistent/OpenData/MediumEnergy_RHC/MC/StandardMC/Playlist6C/MasterAnaDev_mc_AnaTuple_run00122405_Playlist.root	9.856354704978831e+18	9.990120479343352e+18	1	87152	227591	
RHC	mc	6C	mc122406	root://fndcadoor.fnal.gov:1095/pnfs/fnal.gov/usr/minerva/persistent/OpenData/MediumEnergy_RHC/MC/StandardMC/Playlist6C/MasterAnaDev_mc_AnaTuple_run00122406_Playlist.root	9.911862804927918e+18	1.002194742350205e+19	1	87870	227791	
RHC	mc	6C	mc122407	root://fndcadoor.fnal.gov:1095/pnfs/fnal.gov/usr/minerva/persistent/OpenData/MediumEnergy_RHC/MC/StandardMC/Playlist6C/MasterAnaDev_mc_AnaTuple_run00122407_Playlist.root	9.757421635312091e+18	9.931210201922922e+18	1	86663	226043	
RHC	mc	6C	mc122408	root://fndcadoor.fnal.gov:1095/pnfs/fnal.gov/usr/minerva/persistent/OpenData/MediumEnergy_RHC/MC/StandardMC/Playlist6C/MasterAnaDev_mc_AnaTuple_run00122408_Playlist.root	9.91962678337737e+18	1.0002714160333353e+19	1	87978	227493	
RHC	mc	6C	mc122409	root://fndcadoor.fnal.gov:1095/pnfs/fnal.gov/usr/minerva/persistent/OpenData/MediumEnergy_RHC/MC/StandardMC/Playlist6C/MasterAnaDev_mc_AnaTuple_run00122409_Playlist.root	9.816592087735333e+18	1.0000826585985774e+19	1	87323	228371	
RHC	mc	6C	mc122410	root://fndcadoor.fnal.gov:1095/pnfs/fnal.gov/usr/minerva/persistent/OpenData/MediumEnergy_RHC/MC/StandardMC/Playlist6C/MasterAnaDev_mc_AnaTuple_run00122410_Playlist.root	9.849084904363833e+18	9.962564676769473e+18	1	87178	226759	
RHC	mc	6C	mc122411	root://fndcadoor.fnal.gov:1095/pnfs/fnal.gov/usr/minerva/persistent/OpenData/MediumEnergy_RHC/MC/StandardMC/Playlist6C/MasterAnaDev_mc_AnaTuple_run00122411_Playlist.root	9.90890387586465e+18	9.96947063262544e+18	1	88455	227580	
RHC	mc	6C	mc122412	root://fndcadoor.fnal.gov:1095/pnfs/fnal.gov/usr/minerva/persistent/OpenData/MediumEnergy_RHC/MC/StandardMC/Playlist6C/MasterAnaDev_mc_AnaTuple_run00122412_Playlist.root	9.785566997495499e+18	9.98233725770873e+18	1	86805	227691	
RHC	mc	6C	mc122413	root://fndcadoor.fnal.gov:1095/pnfs/fnal.gov/usr/minerva/persistent/OpenData/MediumEnergy_RHC/MC/StandardMC/Playlist6C/MasterAnaDev_mc_AnaTuple_run00122413_Playlist.root	9.919072150158412e+18	1.0006592312691304e+19	1	88198	228300	
RHC	mc	6C	mc122414	root://fndcadoor.fnal.gov:1095/pnfs/fnal.gov/usr/minerva/persistent/OpenData/MediumEnergy_RHC/MC/StandardMC/Playlist6C/MasterAnaDev_mc_AnaTuple_run00122414_Playlist.root	9.9024194454911e+18	9.982772627407524e+18	1	87988	227063	
RHC	mc	6C	mc122415	root://fndcadoor.fnal.gov:1095/pnfs/fnal.gov/usr/minerva/persistent/OpenData/MediumEnergy_RHC/MC/StandardMC/Playlist6C/MasterAnaDev_mc_AnaTuple_run00122415_Playlist.root	9.866426799379272e+18	9.984517502327624e+18	1	87731	227404	
RHC	mc	6C	mc122416	root://fndcadoor.fnal.gov:1095/pnfs/fnal.gov/usr/minerva/persistent/OpenData/MediumEnergy_RHC/MC/StandardMC/Playlist6C/MasterAnaDev_mc_AnaTuple_run00122416_Playlist.root	9.86927824058045e+18	9.978673148166158e+18	1	87828	227406	
RHC	mc	6C	mc122417	root://fndcadoor.fnal.gov:1095/pnfs/fnal.gov/usr/minerva/persistent/OpenData/MediumEnergy_RHC/MC/StandardMC/Playlist6C/MasterAnaDev_mc_AnaTuple_run00122417_Playlist.root	9.88444828628769e+18	1.0023544669077977e+19	1	87480	228781	
RHC	mc	6C	mc122418	root://fndcadoor.fnal.gov:1095/pnfs/fnal.gov/usr/minerva/persistent/OpenData/MediumEnergy_RHC/MC/StandardMC/Playlist6C/MasterAnaDev_mc_AnaTuple_run00122418_Playlist.root	9.787414762495523e+18	9.930221746655603e+18	1	87369	227615	
RHC	mc	6C	mc122419	root://fndcadoor.fnal.gov:1095/pnfs/fnal.gov/usr/minerva/persistent/OpenData/MediumEnergy_RHC/MC/StandardMC/Playlist6C/MasterAnaDev_mc_AnaTuple_run00122419_Playlist.root	9.844618508523473e+18	9.955015783205431e+18	1	86916	226515	
RHC	mc	6C	mc122420	root://fndcadoor.fnal.gov:1095/pnfs/fnal.gov/usr/minerva/persistent/OpenData/MediumEnergy_RHC/MC/StandardMC/Playlist6C/MasterAnaDev_mc_AnaTuple_run00122420_Playlist.root	9.851567389324335e+18	1.0002673977868474e+19	1	87460	227844	
RHC	mc	6C	mc122421	root://fndcadoor.fnal.gov:1095/pnfs/fnal.gov/usr/minerva/persistent/OpenData/MediumEnergy_RHC/MC/StandardMC/Playlist6C/MasterAnaDev_mc_AnaTuple_run00122421_Playlist.root	9.937739234416222e+18	1.0005651762097463e+19	1	88044	227809	
RHC	mc	6C	mc122422	root://fndcadoor.fnal.gov:1095/pnfs/fnal.gov/usr/minerva/persistent/OpenData/MediumEnergy_RHC/MC/StandardMC/Playlist6C/MasterAnaDev_mc_AnaTuple_run00122422_Playlist.root	9.834178695069469e+18	9.983701456554715e+18	1	87761	227267	
RHC	mc	6C	mc122423	root://fndcadoor.fnal.gov:1095/pnfs/fnal.gov/usr/minerva/persistent/OpenData/MediumEnergy_RHC/MC/StandardMC/Playlist6C/MasterAnaDev_mc_AnaTuple_run00122423_Playlist.root	9.805765358731698e+18	9.981482145305868e+18	1	86857	226537	
RHC	mc	6C	mc122424	root://fndcadoor.fnal.gov:1095/pnfs/fnal.gov/usr/minerva/persistent/OpenData/MediumEnergy_RHC/MC/StandardMC/Playlist6C/MasterAnaDev_mc_AnaTuple_run00122424_Playlist.root	9.872339729516368e+18	1.0002001732288627e+19	1	88029	228578	
RHC	mc	6C	mc122425	root://fndcadoor.fnal.gov:1095/pnfs/fnal.gov/usr/minerva/persistent/OpenData/MediumEnergy_RHC/MC/StandardMC/Playlist6C/MasterAnaDev_mc_AnaTuple_run00122425_Playlist.root	9.904652222483485e+18	9.985328400293855e+18	1	87794	226877	
RHC	mc	6C	mc122426	root://fndcadoor.fnal.gov:1095/pnfs/fnal.gov/usr/minerva/persistent/OpenData/MediumEnergy_RHC/MC/StandardMC/Playlist6C/MasterAnaDev_mc_AnaTuple_run00122426_Playlist.root	9.9196312222321e+18	1.002072493802202e+19	1	88455	228443	
RHC	mc	6C	mc122427	root://fndcadoor.fnal.gov:1095/pnfs/fnal.gov/usr/minerva/persistent/OpenData/MediumEnergy_RHC/MC/StandardMC/Playlist6C/MasterAnaDev_mc_AnaTuple_run00122427_Playlist.root	9.881908421053086e+18	1.000320910805381e+19	1	87770	227491	
RHC	mc	6C	mc122428	root://fndcadoor.fnal.gov:1095/pnfs/fnal.gov/usr/minerva/persistent/OpenData/MediumEnergy_RHC/MC/StandardMC/Playlist6C/MasterAnaDev_mc_AnaTuple_run00122428_Playlist.root	9.94682210461969e+18	1.002219919288587e+19	1	87770	228007	
RHC	mc	6C	mc122429	root://fndcadoor.fnal.gov:1095/pnfs/fnal.gov/usr/minerva/persistent/OpenData/MediumEnergy_RHC/MC/StandardMC/Playlist6C/MasterAnaDev_mc_AnaTuple_run00122429_Playlist.root	9.851789823140864e+18	1.0002903026734539e+19	1	87432	227926	
RHC	mc	6C	mc122430	root://fndcadoor.fnal.gov:1095/pnfs/fnal.gov/usr/minerva/persistent/OpenData/MediumEnergy_RHC/MC/StandardMC/Playlist6C/MasterAnaDev_mc_AnaTuple_run00122430_Playlist.root	9.789019321201598e+18	9.966542133751919e+18	1	86658	227144	
RHC	mc	6C	mc122431	root://fndcadoor.fnal.gov:1095/pnfs/fnal.gov/usr/minerva/persistent/OpenData/MediumEnergy_RHC/MC/StandardMC/Playlist6C/MasterAnaDev_mc_AnaTuple_run00122431_Playlist.root	9.886216477467167e+18	9.960539444105677e+18	1	87383	226784	
RHC	mc	6C	mc122432	root://fndcadoor.fnal.gov:1095/pnfs/fnal.gov/usr/minerva/persistent/OpenData/MediumEnergy_RHC/MC/StandardMC/Playlist6C/MasterAnaDev_mc_AnaTuple_run00122432_Playlist.root	9.835154984727106e+18	1.0022341775671228e+19	1	87575	228659	
RHC	mc	6C	mc122433	root://fndcadoor.fnal.gov:1095/pnfs/fnal.gov/usr/minerva/persistent/OpenData/MediumEnergy_RHC/MC/StandardMC/Playlist6C/MasterAnaDev_mc_AnaTuple_run00122433_Playlist.root	9.857487714274048e+18	9.95131573414619e+18	1	87424	226373	
RHC	mc	6C	mc122434	root://fndcadoor.fnal.gov:1095/pnfs/fnal.gov/usr/minerva/persistent/OpenData/MediumEnergy_RHC/MC/StandardMC/Playlist6C/MasterAnaDev_mc_AnaTuple_run00122434_Playlist.root	9.902596043034278e+18	9.9796663593954e+18	1	88268	228067	
RHC	mc	6C	mc122435	root://fndcadoor.fnal.gov:1095/pnfs/fnal.gov/usr/minerva/persistent/OpenData/MediumEnergy_RHC/MC/StandardMC/Playlist6C/MasterAnaDev_mc_AnaTuple_run00122435_Playlist.root	9.880873243095132e+18	9.981889575078423e+18	1	87661	227960	
RHC	mc	6C	mc122436	root://fndcadoor.fnal.gov:1095/pnfs/fnal.gov/usr/minerva/persistent/OpenData/MediumEnergy_RHC/MC/StandardMC/Playlist6C/MasterAnaDev_mc_AnaTuple_run00122436_Playlist.root	9.833458760080427e+18	9.941430416010056e+18	1	87853	227313	
RHC	mc	6C	mc122437	root://fndcadoor.fnal.gov:1095/pnfs/fnal.gov/usr/minerva/persistent/OpenData/MediumEnergy_RHC/MC/StandardMC/Playlist6C/MasterAnaDev_mc_AnaTuple_run00122437_Playlist.root	9.802775025530255e+18	9.967332075723231e+18	1	87247	227534	
RHC	mc	6C	mc122438	root://fndcadoor.fnal.gov:1095/pnfs/fnal.gov/usr/minerva/persistent/OpenData/MediumEnergy_RHC/MC/StandardMC/Playlist6C/MasterAnaDev_mc_AnaTuple_run00122438_Playlist.root	9.942108525342329e+18	1.0002671813518311e+19	1	87892	227552	
RHC	mc	6C	mc122439	root://fndcadoor.fnal.gov:1095/pnfs/fnal.gov/usr/minerva/persistent/OpenData/MediumEnergy_RHC/MC/StandardMC/Playlist6C/MasterAnaDev_mc_AnaTuple_run00122439_Playlist.root	9.864527084384668e+18	1.0002376918290702e+19	1	87606	227683	
RHC	mc	6D	mc122565	root://fndcadoor.fnal.gov:1095/pnfs/fnal.gov/usr/minerva/persistent/OpenData/MediumEnergy_RHC/MC/StandardMC/Playlist6D/MasterAnaDev_mc_AnaTuple_run00122565_Playlist.root	1.00052662152798e+19	1.0005356843011238e+19	1	87677	227437	
RHC	mc	6D	mc122566	root://fndcadoor.fnal.gov:1095/pnfs/fnal.gov/usr/minerva/persistent/OpenData/MediumEnergy_RHC/MC/StandardMC/Playlist6D/MasterAnaDev_mc_AnaTuple_run00122566_Playlist.root	1.0020968157458856e+19	1.0020968157458856e+19	1	88049	227381	
RHC	mc	6D	mc122567	root://fndcadoor.fnal.gov:1095/pnfs/fnal.gov/usr/minerva/persistent/OpenData/MediumEnergy_RHC/MC/StandardMC/Playlist6D/MasterAnaDev_mc_AnaTuple_run00122567_Playlist.root	9.995923505292057e+18	9.99600988647245e+18	1	87945	227300	
RHC	mc	6D	mc122568	root://fndcadoor.fnal.gov:1095/pnfs/fnal.gov/usr/minerva/persistent/OpenData/MediumEnergy_RHC/MC/StandardMC/Playlist6D/MasterAnaDev_mc_AnaTuple_run00122568_Playlist.root	1.0022151247235985e+19	1.0022151247235985e+19	1	88129	228375	
RHC	mc	6D	mc122569	root://fndcadoor.fnal.gov:1095/pnfs/fnal.gov/usr/minerva/persistent/OpenData/MediumEnergy_RHC/MC/StandardMC/Playlist6D/MasterAnaDev_mc_AnaTuple_run00122569_Playlist.root	1.0024531470775388e+19	1.0024531470775388e+19	1	88125	227849	
RHC	mc	6D	mc122570	root://fndcadoor.fnal.gov:1095/pnfs/fnal.gov/usr/minerva/persistent/OpenData/MediumEnergy_RHC/MC/StandardMC/Playlist6D/MasterAnaDev_mc_AnaTuple_run00122570_Playlist.root	1.0021334956030216e+19	1.0021334956030216e+19	1	88118	227594	
RHC	mc	6D	mc122571	root://fndcadoor.fnal.gov:1095/pnfs/fnal.gov/usr/minerva/persistent/OpenData/MediumEnergy_RHC/MC/StandardMC/Playlist6D/MasterAnaDev_mc_AnaTuple_run00122571_Playlist.root	1.002037167925719e+19	1.0020506787874185e+19	1	88050	228640	
RHC	mc	6D	mc122572	root://fndcadoor.fnal.gov:1095/pnfs/fnal.gov/usr/minerva/persistent/OpenData/MediumEnergy_RHC/MC/StandardMC/Playlist6D/MasterAnaDev_mc_AnaTuple_run00122572_Playlist.root	1.0022283439367612e+19	1.0022283439367612e+19	1	88550	228349	
RHC	mc	6D	mc122573	root://fndcadoor.fnal.gov:1095/pnfs/fnal.gov/usr/minerva/persistent/OpenData/MediumEnergy_RHC/MC/StandardMC/Playlist6D/MasterAnaDev_mc_AnaTuple_run00122573_Playlist.root	1.0004223639762278e+19	1.0004223639762278e+19	1	88569	228108	
RHC	mc	6D	mc122574	root://fndcadoor.fnal.gov:1095/pnfs/fnal.gov/usr/minerva/persistent/OpenData/MediumEnergy_RHC/MC/StandardMC/Playlist6D/MasterAnaDev_mc_AnaTuple_run00122574_Playlist.root	1.0023141813762191e+19	1.002323117547918e+19	1	88085	228021	
RHC	mc	6D	mc122575	root://fndcadoor.fnal.gov:1095/pnfs/fnal.gov/usr/minerva/persistent/OpenData/MediumEnergy_RHC/MC/StandardMC/Playlist6D/MasterAnaDev_mc_AnaTuple_run00122575_Playlist.root	1.0003899414758394e+19	1.0003944235204911e+19	1	88229	227498	
RHC	mc	6D	mc122576	root://fndcadoor.fnal.gov:1095/pnfs/fnal.gov/usr/minerva/persistent/OpenData/MediumEnergy_RHC/MC/StandardMC/Playlist6D/MasterAnaDev_mc_AnaTuple_run00122576_Playlist.root	1.0022334746579796e+19	1.0022334746579796e+19	1	88300	228070	
RHC	mc	6D	mc122577	root://fndcadoor.fnal.gov:1095/pnfs/fnal.gov/usr/minerva/persistent/OpenData/MediumEnergy_RHC/MC/StandardMC/Playlist6D/MasterAnaDev_mc_AnaTuple_run00122577_Playlist.root	1.0020423717510812e+19	1.0020423717510812e+19	1	88202	227943	
RHC	mc	6D	mc122578	root://fndcadoor.fnal.gov:1095/pnfs/fnal.gov/usr/minerva/persistent/OpenData/MediumEnergy_RHC/MC/StandardMC/Playlist6D/MasterAnaDev_mc_AnaTuple_run00122578_Playlist.root	1.0021547184539376e+19	1.0021632847834472e+19	1	89049	228780	
RHC	mc	6D	mc122579	root://fndcadoor.fnal.gov:1095/pnfs/fnal.gov/usr/minerva/persistent/OpenData/MediumEnergy_RHC/MC/StandardMC/Playlist6D/MasterAnaDev_mc_AnaTuple_run00122579_Playlist.root	1.0022360827624569e+19	1.0022360827624569e+19	1	88185	227898	
RHC	mc	6D	mc122580	root://fndcadoor.fnal.gov:1095/pnfs/fnal.gov/usr/minerva/persistent/OpenData/MediumEnergy_RHC/MC/StandardMC/Playlist6D/MasterAnaDev_mc_AnaTuple_run00122580_Playlist.root	1.0001889940297697e+19	1.0001889940297697e+19	1	88825	227314	
RHC	mc	6D	mc122581	root://fndcadoor.fnal.gov:1095/pnfs/fnal.gov/usr/minerva/persistent/OpenData/MediumEnergy_RHC/MC/StandardMC/Playlist6D/MasterAnaDev_mc_AnaTuple_run00122581_Playlist.root	1.0002360665064933e+19	1.0002360665064933e+19	1	88181	228123	
RHC	mc	6D	mc122582	root://fndcadoor.fnal.gov:1095/pnfs/fnal.gov/usr/minerva/persistent/OpenData/MediumEnergy_RHC/MC/StandardMC/Playlist6D/MasterAnaDev_mc_AnaTuple_run00122582_Playlist.root	1.0024117182294673e+19	1.0024163741006645e+19	1	88837	228233	
RHC	mc	6D	mc122583	root://fndcadoor.fnal.gov:1095/pnfs/fnal.gov/usr/minerva/persistent/OpenData/MediumEnergy_RHC/MC/StandardMC/Playlist6D/MasterAnaDev_mc_AnaTuple_run00122583_Playlist.root	1.002222912344165e+19	1.002222912344165e+19	1	88206	228387	
RHC	mc	6D	mc122584	root://fndcadoor.fnal.gov:1095/pnfs/fnal.gov/usr/minerva/persistent/OpenData/MediumEnergy_RHC/MC/StandardMC/Playlist6D/MasterAnaDev_mc_AnaTuple_run00122584_Playlist.root	9.973663158547677e+18	9.973706368791044e+18	1	87763	227162	
RHC	mc	6D	mc122585	root://fndcadoor.fnal.gov:1095/pnfs/fnal.gov/usr/minerva/persistent/OpenData/MediumEnergy_RHC/MC/StandardMC/Playlist6D/MasterAnaDev_mc_AnaTuple_run00122585_Playlist.root	1.000674440458468e+19	1.0006789559070542e+19	1	88570	227692	
RHC	mc	6D	mc122586	root://fndcadoor.fnal.gov:1095/pnfs/fnal.gov/usr/minerva/persistent/OpenData/MediumEnergy_RHC/MC/StandardMC/Playlist6D/MasterAnaDev_mc_AnaTuple_run00122586_Playlist.root	1.001520844755551e+19	1.001529126083431e+19	1	87970	227930	
RHC	mc	6D	mc122587	root://fndcadoor.fnal.gov:1095/pnfs/fnal.gov/usr/minerva/persistent/OpenData/MediumEnergy_RHC/MC/StandardMC/Playlist6D/MasterAnaDev_mc_AnaTuple_run00122587_Playlist.root	1.0003943059047977e+19	1.0003943059047977e+19	1	88167	227719	
RHC	mc	6D	mc122588	root://fndcadoor.fnal.gov:1095/pnfs/fnal.gov/usr/minerva/persistent/OpenData/MediumEnergy_RHC/MC/StandardMC/Playlist6D/MasterAnaDev_mc_AnaTuple_run00122588_Playlist.root	9.799293837911933e+18	9.799293837911933e+18	1	86257	222925	
RHC	mc	6D	mc122589	root://fndcadoor.fnal.gov:1095/pnfs/fnal.gov/usr/minerva/persistent/OpenData/MediumEnergy_RHC/MC/StandardMC/Playlist6D/MasterAnaDev_mc_AnaTuple_run00122589_Playlist.root	9.894738907705057e+18	9.894780620339403e+18	1	87426	225511	
RHC	mc	6D	mc122590	root://fndcadoor.fnal.gov:1095/pnfs/fnal.gov/usr/minerva/persistent/OpenData/MediumEnergy_RHC/MC/StandardMC/Playlist6D/MasterAnaDev_mc_AnaTuple_run00122590_Playlist.root	9.989883154476851e+18	9.98997046499907e+18	1	88160	227294	
RHC	mc	6D	mc122591	root://fndcadoor.fnal.gov:1095/pnfs/fnal.gov/usr/minerva/persistent/OpenData/MediumEnergy_RHC/MC/StandardMC/Playlist6D/MasterAnaDev_mc_AnaTuple_run00122591_Playlist.root	9.991207706995802e+18	9.991296242968955e+18	1	88087	227700	
RHC	mc	6D	mc122592	root://fndcadoor.fnal.gov:1095/pnfs/fnal.gov/usr/minerva/persistent/OpenData/MediumEnergy_RHC/MC/StandardMC/Playlist6D/MasterAnaDev_mc_AnaTuple_run00122592_Playlist.root	1.0020242071569357e+19	1.0020242071569357e+19	1	88057	228002	
RHC	mc	6D	mc122593	root://fndcadoor.fnal.gov:1095/pnfs/fnal.gov/usr/minerva/persistent/OpenData/MediumEnergy_RHC/MC/StandardMC/Playlist6D/MasterAnaDev_mc_AnaTuple_run00122593_Playlist.root	1.0015668348695347e+19	1.0015710653163737e+19	1	88418	228604	
RHC	mc	6D	mc122594	root://fndcadoor.fnal.gov:1095/pnfs/fnal.gov/usr/minerva/persistent/OpenData/MediumEnergy_RHC/MC/StandardMC/Playlist6D/MasterAnaDev_mc_AnaTuple_run00122594_Playlist.root	1.002351750724444e+19	1.002351750724444e+19	1	88741	228910	
RHC	mc	6D	mc122595	root://fndcadoor.fnal.gov:1095/pnfs/fnal.gov/usr/minerva/persistent/OpenData/MediumEnergy_RHC/MC/StandardMC/Playlist6D/MasterAnaDev_mc_AnaTuple_run00122595_Playlist.root	9.991418547285166e+18	9.991457089750925e+18	1	88005	227305	
RHC	mc	6D	mc122596	root://fndcadoor.fnal.gov:1095/pnfs/fnal.gov/usr/minerva/persistent/OpenData/MediumEnergy_RHC/MC/StandardMC/Playlist6D/MasterAnaDev_mc_AnaTuple_run00122596_Playlist.root	1.002217266155728e+19	1.002217266155728e+19	1	88439	228596	
RHC	mc	6D	mc122597	root://fndcadoor.fnal.gov:1095/pnfs/fnal.gov/usr/minerva/persistent/OpenData/MediumEnergy_RHC/MC/StandardMC/Playlist6D/MasterAnaDev_mc_AnaTuple_run00122597_Playlist.root	1.0013914334574402e+19	1.0013914334574402e+19	1	88236	227800	
RHC	mc	6D	mc122598	root://fndcadoor.fnal.gov:1095/pnfs/fnal.gov/usr/minerva/persistent/OpenData/MediumEnergy_RHC/MC/StandardMC/Playlist6D/MasterAnaDev_mc_AnaTuple_run00122598_Playlist.root	1.0006531931403608e+19	1.0006574397438738e+19	1	88384	227741	
RHC	mc	6D	mc122599	root://fndcadoor.fnal.gov:1095/pnfs/fnal.gov/usr/minerva/persistent/OpenData/MediumEnergy_RHC/MC/StandardMC/Playlist6D/MasterAnaDev_mc_AnaTuple_run00122599_Playlist.root	9.985268721800999e+18	9.985311243244438e+18	1	87637	227182	
RHC	mc	6D	mc122600	root://fndcadoor.fnal.gov:1095/pnfs/fnal.gov/usr/minerva/persistent/OpenData/MediumEnergy_RHC/MC/StandardMC/Playlist6D/MasterAnaDev_mc_AnaTuple_run00122600_Playlist.root	9.966024555147063e+18	9.966024555147063e+18	1	88047	227241	
RHC	mc	6D	mc122601	root://fndcadoor.fnal.gov:1095/pnfs/fnal.gov/usr/minerva/persistent/OpenData/MediumEnergy_RHC/MC/StandardMC/Playlist6D/MasterAnaDev_mc_AnaTuple_run00122601_Playlist.root	9.982588922254795e+18	9.982636990955162e+18	1	87738	226679	
RHC	mc	6D	mc122602	root://fndcadoor.fnal.gov:1095/pnfs/fnal.gov/usr/minerva/persistent/OpenData/MediumEnergy_RHC/MC/StandardMC/Playlist6D/MasterAnaDev_mc_AnaTuple_run00122602_Playlist.root	8.939800663832386e+18	8.939800663832386e+18	1	78746	204003	
RHC	mc	6D	mc122603	root://fndcadoor.fnal.gov:1095/pnfs/fnal.gov/usr/minerva/persistent/OpenData/MediumEnergy_RHC/MC/StandardMC/Playlist6D/MasterAnaDev_mc_AnaTuple_run00122603_Playlist.root	9.321868430775747e+18	9.321868430775747e+18	1	82035	212264	
RHC	mc	6D	mc122604	root://fndcadoor.fnal.gov:1095/pnfs/fnal.gov/usr/minerva/persistent/OpenData/MediumEnergy_RHC/MC/StandardMC/Playlist6D/MasterAnaDev_mc_AnaTuple_run00122604_Playlist.root	9.098345159488632e+18	9.098389442085308e+18	1	80002	207322	
RHC	mc	6D	mc122605	root://fndcadoor.fnal.gov:1095/pnfs/fnal.gov/usr/minerva/persistent/OpenData/MediumEnergy_RHC/MC/StandardMC/Playlist6D/MasterAnaDev_mc_AnaTuple_run00122605_Playlist.root	9.059427351608441e+18	9.059427351608441e+18	1	79682	206177	
RHC	mc	6D	mc122606	root://fndcadoor.fnal.gov:1095/pnfs/fnal.gov/usr/minerva/persistent/OpenData/MediumEnergy_RHC/MC/StandardMC/Playlist6D/MasterAnaDev_mc_AnaTuple_run00122606_Playlist.root	8.88523062565753e+18	8.885322986407863e+18	1	78519	202392	
RHC	mc	6D	mc122607	root://fndcadoor.fnal.gov:1095/pnfs/fnal.gov/usr/minerva/persistent/OpenData/MediumEnergy_RHC/MC/StandardMC/Playlist6D/MasterAnaDev_mc_AnaTuple_run00122607_Playlist.root	9.137751201384172e+18	9.137751201384172e+18	1	79992	207536	
RHC	mc	6D	mc122608	root://fndcadoor.fnal.gov:1095/pnfs/fnal.gov/usr/minerva/persistent/OpenData/MediumEnergy_RHC/MC/StandardMC/Playlist6D/MasterAnaDev_mc_AnaTuple_run00122608_Playlist.root	9.161340998443873e+18	9.161340998443873e+18	1	80590	208556	
RHC	mc	6D	mc122609	root://fndcadoor.fnal.gov:1095/pnfs/fnal.gov/usr/minerva/persistent/OpenData/MediumEnergy_RHC/MC/StandardMC/Playlist6D/MasterAnaDev_mc_AnaTuple_run00122609_Playlist.root	9.17840568511992e+18	9.17840568511992e+18	1	80414	208302	
RHC	mc	6D	mc122610	root://fndcadoor.fnal.gov:1095/pnfs/fnal.gov/usr/minerva/persistent/OpenData/MediumEnergy_RHC/MC/StandardMC/Playlist6D/MasterAnaDev_mc_AnaTuple_run00122610_Playlist.root	9.220555568737763e+18	9.22060133860594e+18	1	80630	209277	
RHC	mc	6E	mc122730	root://fndcadoor.fnal.gov:1095/pnfs/fnal.gov/usr/minerva/persistent/OpenData/MediumEnergy_RHC/MC/StandardMC/Playlist6E/MasterAnaDev_mc_AnaTuple_run00122730_Playlist.root	8.846919749778035e+18	8.919872764304669e+18	1	78030	203594	
RHC	mc	6E	mc122731	root://fndcadoor.fnal.gov:1095/pnfs/fnal.gov/usr/minerva/persistent/OpenData/MediumEnergy_RHC/MC/StandardMC/Playlist6E/MasterAnaDev_mc_AnaTuple_run00122731_Playlist.root	9.327592039634188e+18	9.49346876007829e+18	1	82285	216717	
RHC	mc	6E	mc122732	root://fndcadoor.fnal.gov:1095/pnfs/fnal.gov/usr/minerva/persistent/OpenData/MediumEnergy_RHC/MC/StandardMC/Playlist6E/MasterAnaDev_mc_AnaTuple_run00122732_Playlist.root	7.302945905485283e+18	7.45570777403606e+18	1	64090	169446	
RHC	mc	6E	mc122733	root://fndcadoor.fnal.gov:1095/pnfs/fnal.gov/usr/minerva/persistent/OpenData/MediumEnergy_RHC/MC/StandardMC/Playlist6E/MasterAnaDev_mc_AnaTuple_run00122733_Playlist.root	8.069144183825535e+18	8.216020788782275e+18	1	71429	187936	
RHC	mc	6E	mc122734	root://fndcadoor.fnal.gov:1095/pnfs/fnal.gov/usr/minerva/persistent/OpenData/MediumEnergy_RHC/MC/StandardMC/Playlist6E/MasterAnaDev_mc_AnaTuple_run00122734_Playlist.root	7.563081110222861e+18	7.718500181294117e+18	1	66579	175958	
RHC	mc	6E	mc122735	root://fndcadoor.fnal.gov:1095/pnfs/fnal.gov/usr/minerva/persistent/OpenData/MediumEnergy_RHC/MC/StandardMC/Playlist6E/MasterAnaDev_mc_AnaTuple_run00122735_Playlist.root	9.649627756985735e+18	9.826089044913418e+18	1	84570	223705	
RHC	mc	6E	mc122736	root://fndcadoor.fnal.gov:1095/pnfs/fnal.gov/usr/minerva/persistent/OpenData/MediumEnergy_RHC/MC/StandardMC/Playlist6E/MasterAnaDev_mc_AnaTuple_run00122736_Playlist.root	9.905059009724029e+18	1.0002442049905224e+19	1	87219	227867	
RHC	mc	6E	mc122737	root://fndcadoor.fnal.gov:1095/pnfs/fnal.gov/usr/minerva/persistent/OpenData/MediumEnergy_RHC/MC/StandardMC/Playlist6E/MasterAnaDev_mc_AnaTuple_run00122737_Playlist.root	9.846850705708894e+18	9.999955932425624e+18	1	86620	227782	
RHC	mc	6E	mc122738	root://fndcadoor.fnal.gov:1095/pnfs/fnal.gov/usr/minerva/persistent/OpenData/MediumEnergy_RHC/MC/StandardMC/Playlist6E/MasterAnaDev_mc_AnaTuple_run00122738_Playlist.root	9.37090318861775e+18	9.516291507791477e+18	1	81990	216939	
RHC	mc	6E	mc122739	root://fndcadoor.fnal.gov:1095/pnfs/fnal.gov/usr/minerva/persistent/OpenData/MediumEnergy_RHC/MC/StandardMC/Playlist6E/MasterAnaDev_mc_AnaTuple_run00122739_Playlist.root	9.793457787937366e+18	9.9229578170946e+18	1	86338	225782	
RHC	mc	6E	mc122740	root://fndcadoor.fnal.gov:1095/pnfs/fnal.gov/usr/minerva/persistent/OpenData/MediumEnergy_RHC/MC/StandardMC/Playlist6E/MasterAnaDev_mc_AnaTuple_run00122740_Playlist.root	7.910152426020398e+18	8.057306009264616e+18	1	69371	183052	
RHC	mc	6E	mc122741	root://fndcadoor.fnal.gov:1095/pnfs/fnal.gov/usr/minerva/persistent/OpenData/MediumEnergy_RHC/MC/StandardMC/Playlist6E/MasterAnaDev_mc_AnaTuple_run00122741_Playlist.root	9.822281912732959e+18	9.961191882899483e+18	1	86237	226504	
RHC	mc	6E	mc122742	root://fndcadoor.fnal.gov:1095/pnfs/fnal.gov/usr/minerva/persistent/OpenData/MediumEnergy_RHC/MC/StandardMC/Playlist6E/MasterAnaDev_mc_AnaTuple_run00122742_Playlist.root	9.84901492280171e+18	9.980482907916755e+18	1	87055	227870	
RHC	mc	6E	mc122743	root://fndcadoor.fnal.gov:1095/pnfs/fnal.gov/usr/minerva/persistent/OpenData/MediumEnergy_RHC/MC/StandardMC/Playlist6E/MasterAnaDev_mc_AnaTuple_run00122743_Playlist.root	9.899477397992923e+18	1.0000521780343732e+19	1	86879	227699	
RHC	mc	6E	mc122744	root://fndcadoor.fnal.gov:1095/pnfs/fnal.gov/usr/minerva/persistent/OpenData/MediumEnergy_RHC/MC/StandardMC/Playlist6E/MasterAnaDev_mc_AnaTuple_run00122744_Playlist.root	9.836168858672595e+18	1.0002163255882334e+19	1	86636	228248	
RHC	mc	6E	mc122745	root://fndcadoor.fnal.gov:1095/pnfs/fnal.gov/usr/minerva/persistent/OpenData/MediumEnergy_RHC/MC/StandardMC/Playlist6E/MasterAnaDev_mc_AnaTuple_run00122745_Playlist.root	9.855722546954727e+18	9.9785187852778e+18	1	86985	227935	
RHC	mc	6E	mc122746	root://fndcadoor.fnal.gov:1095/pnfs/fnal.gov/usr/minerva/persistent/OpenData/MediumEnergy_RHC/MC/StandardMC/Playlist6E/MasterAnaDev_mc_AnaTuple_run00122746_Playlist.root	9.785140836199096e+18	9.986984590308661e+18	1	86159	228043	
RHC	mc	6E	mc122747	root://fndcadoor.fnal.gov:1095/pnfs/fnal.gov/usr/minerva/persistent/OpenData/MediumEnergy_RHC/MC/StandardMC/Playlist6E/MasterAnaDev_mc_AnaTuple_run00122747_Playlist.root	9.955937593051415e+18	1.0023181216484116e+19	1	87601	228300	
RHC	mc	6E	mc122748	root://fndcadoor.fnal.gov:1095/pnfs/fnal.gov/usr/minerva/persistent/OpenData/MediumEnergy_RHC/MC/StandardMC/Playlist6E/MasterAnaDev_mc_AnaTuple_run00122748_Playlist.root	9.662294248717769e+18	9.782387670371068e+18	1	84853	222753	
RHC	mc	6E	mc122749	root://fndcadoor.fnal.gov:1095/pnfs/fnal.gov/usr/minerva/persistent/OpenData/MediumEnergy_RHC/MC/StandardMC/Playlist6E/MasterAnaDev_mc_AnaTuple_run00122749_Playlist.root	9.80710432562799e+18	9.981910702764739e+18	1	86318	227359	
RHC	mc	6E	mc122750	root://fndcadoor.fnal.gov:1095/pnfs/fnal.gov/usr/minerva/persistent/OpenData/MediumEnergy_RHC/MC/StandardMC/Playlist6E/MasterAnaDev_mc_AnaTuple_run00122750_Playlist.root	9.839360547625636e+18	9.925197934069944e+18	1	86631	225670	
RHC	mc	6E	mc122751	root://fndcadoor.fnal.gov:1095/pnfs/fnal.gov/usr/minerva/persistent/OpenData/MediumEnergy_RHC/MC/StandardMC/Playlist6E/MasterAnaDev_mc_AnaTuple_run00122751_Playlist.root	9.717919579782472e+18	9.839726967896138e+18	1	85338	223644	
RHC	mc	6E	mc122752	root://fndcadoor.fnal.gov:1095/pnfs/fnal.gov/usr/minerva/persistent/OpenData/MediumEnergy_RHC/MC/StandardMC/Playlist6E/MasterAnaDev_mc_AnaTuple_run00122752_Playlist.root	9.723352200200755e+18	9.883044400732447e+18	1	85538	225766	
RHC	mc	6E	mc122753	root://fndcadoor.fnal.gov:1095/pnfs/fnal.gov/usr/minerva/persistent/OpenData/MediumEnergy_RHC/MC/StandardMC/Playlist6E/MasterAnaDev_mc_AnaTuple_run00122753_Playlist.root	9.784779385335216e+18	9.863366741677193e+18	1	86181	224448	
RHC	mc	6E	mc122754	root://fndcadoor.fnal.gov:1095/pnfs/fnal.gov/usr/minerva/persistent/OpenData/MediumEnergy_RHC/MC/StandardMC/Playlist6E/MasterAnaDev_mc_AnaTuple_run00122754_Playlist.root	9.688293762065906e+18	9.821347585891095e+18	1	84844	223300	
RHC	mc	6E	mc122755	root://fndcadoor.fnal.gov:1095/pnfs/fnal.gov/usr/minerva/persistent/OpenData/MediumEnergy_RHC/MC/StandardMC/Playlist6E/MasterAnaDev_mc_AnaTuple_run00122755_Playlist.root	9.657817198663045e+18	9.85622194239044e+18	1	84612	223787	
RHC	mc	6E	mc122756	root://fndcadoor.fnal.gov:1095/pnfs/fnal.gov/usr/minerva/persistent/OpenData/MediumEnergy_RHC/MC/StandardMC/Playlist6E/MasterAnaDev_mc_AnaTuple_run00122756_Playlist.root	9.605683181134643e+18	9.70213656710627e+18	1	84356	220267	
RHC	mc	6E	mc122757	root://fndcadoor.fnal.gov:1095/pnfs/fnal.gov/usr/minerva/persistent/OpenData/MediumEnergy_RHC/MC/StandardMC/Playlist6E/MasterAnaDev_mc_AnaTuple_run00122757_Playlist.root	9.633942980367544e+18	9.7619877603441e+18	1	84830	222970	
RHC	mc	6E	mc122758	root://fndcadoor.fnal.gov:1095/pnfs/fnal.gov/usr/minerva/persistent/OpenData/MediumEnergy_RHC/MC/StandardMC/Playlist6E/MasterAnaDev_mc_AnaTuple_run00122758_Playlist.root	9.597472527392373e+18	9.701888831740449e+18	1	85028	221458	
RHC	mc	6E	mc122759	root://fndcadoor.fnal.gov:1095/pnfs/fnal.gov/usr/minerva/persistent/OpenData/MediumEnergy_RHC/MC/StandardMC/Playlist6E/MasterAnaDev_mc_AnaTuple_run00122759_Playlist.root	9.501276971492368e+18	9.720721367765944e+18	1	83750	221294	
RHC	mc	6E	mc122760	root://fndcadoor.fnal.gov:1095/pnfs/fnal.gov/usr/minerva/persistent/OpenData/MediumEnergy_RHC/MC/StandardMC/Playlist6E/MasterAnaDev_mc_AnaTuple_run00122760_Playlist.root	9.782062348930603e+18	9.842913198006616e+18	1	85587	223334	
RHC	mc	6E	mc122761	root://fndcadoor.fnal.gov:1095/pnfs/fnal.gov/usr/minerva/persistent/OpenData/MediumEnergy_RHC/MC/StandardMC/Playlist6E/MasterAnaDev_mc_AnaTuple_run00122761_Playlist.root	9.53820937512626e+18	9.700986113314918e+18	1	83759	221312	
RHC	mc	6E	mc122762	root://fndcadoor.fnal.gov:1095/pnfs/fnal.gov/usr/minerva/persistent/OpenData/MediumEnergy_RHC/MC/StandardMC/Playlist6E/MasterAnaDev_mc_AnaTuple_run00122762_Playlist.root	9.723876903925498e+18	9.841009110650132e+18	1	85339	223429	
RHC	mc	6E	mc122763	root://fndcadoor.fnal.gov:1095/pnfs/fnal.gov/usr/minerva/persistent/OpenData/MediumEnergy_RHC/MC/StandardMC/Playlist6E/MasterAnaDev_mc_AnaTuple_run00122763_Playlist.root	9.724160532806924e+18	9.88236015690003e+18	1	85899	225812	
RHC	mc	6E	mc122764	root://fndcadoor.fnal.gov:1095/pnfs/fnal.gov/usr/minerva/persistent/OpenData/MediumEnergy_RHC/MC/StandardMC/Playlist6E/MasterAnaDev_mc_AnaTuple_run00122764_Playlist.root	9.821571334676634e+18	9.948904604326418e+18	1	86131	226805	
RHC	mc	6E	mc122765	root://fndcadoor.fnal.gov:1095/pnfs/fnal.gov/usr/minerva/persistent/OpenData/MediumEnergy_RHC/MC/StandardMC/Playlist6E/MasterAnaDev_mc_AnaTuple_run00122765_Playlist.root	9.359749914295765e+18	9.502961305952446e+18	1	81715	216310	
RHC	mc	6E	mc122766	root://fndcadoor.fnal.gov:1095/pnfs/fnal.gov/usr/minerva/persistent/OpenData/MediumEnergy_RHC/MC/StandardMC/Playlist6E/MasterAnaDev_mc_AnaTuple_run00122766_Playlist.root	9.759434502213927e+18	9.906820336941896e+18	1	85884	225997	
RHC	mc	6E	mc122767	root://fndcadoor.fnal.gov:1095/pnfs/fnal.gov/usr/minerva/persistent/OpenData/MediumEnergy_RHC/MC/StandardMC/Playlist6E/MasterAnaDev_mc_AnaTuple_run00122767_Playlist.root	9.85891300665203e+18	9.979738250367664e+18	1	87340	227623	
RHC	mc	6E	mc122768	root://fndcadoor.fnal.gov:1095/pnfs/fnal.gov/usr/minerva/persistent/OpenData/MediumEnergy_RHC/MC/StandardMC/Playlist6E/MasterAnaDev_mc_AnaTuple_run00122768_Playlist.root	9.852630040453822e+18	9.967907357765564e+18	1	86504	226883	
RHC	mc	6E	mc122769	root://fndcadoor.fnal.gov:1095/pnfs/fnal.gov/usr/minerva/persistent/OpenData/MediumEnergy_RHC/MC/StandardMC/Playlist6E/MasterAnaDev_mc_AnaTuple_run00122769_Playlist.root	9.892414591440296e+18	9.982253642890971e+18	1	86965	227690	
RHC	mc	6E	mc122770	root://fndcadoor.fnal.gov:1095/pnfs/fnal.gov/usr/minerva/persistent/OpenData/MediumEnergy_RHC/MC/StandardMC/Playlist6E/MasterAnaDev_mc_AnaTuple_run00122770_Playlist.root	9.801499163099951e+18	9.941385272016716e+18	1	85706	226389	
RHC	mc	6E	mc122771	root://fndcadoor.fnal.gov:1095/pnfs/fnal.gov/usr/minerva/persistent/OpenData/MediumEnergy_RHC/MC/StandardMC/Playlist6E/MasterAnaDev_mc_AnaTuple_run00122771_Playlist.root	9.7783842903013e+18	9.941720531354667e+18	1	85741	226036	
RHC	mc	6F	mc122880	root://fndcadoor.fnal.gov:1095/pnfs/fnal.gov/usr/minerva/persistent/OpenData/MediumEnergy_RHC/MC/StandardMC/Playlist6F/MasterAnaDev_mc_AnaTuple_run00122880_Playlist.root	2.0015689528651768e+19	2.002253460449361e+19	1	175853	455664	
RHC	mc	6F	mc122881	root://fndcadoor.fnal.gov:1095/pnfs/fnal.gov/usr/minerva/persistent/OpenData/MediumEnergy_RHC/MC/StandardMC/Playlist6F/MasterAnaDev_mc_AnaTuple_run00122881_Playlist.root	2.0027104954112827e+19	2.0039669103702815e+19	1	175845	456344	
RHC	mc	6F	mc122882	root://fndcadoor.fnal.gov:1095/pnfs/fnal.gov/usr/minerva/persistent/OpenData/MediumEnergy_RHC/MC/StandardMC/Playlist6F/MasterAnaDev_mc_AnaTuple_run00122882_Playlist.root	1.996577845574804e+19	1.998275026562385e+19	1	175226	454562	
RHC	mc	6F	mc122883	root://fndcadoor.fnal.gov:1095/pnfs/fnal.gov/usr/minerva/persistent/OpenData/MediumEnergy_RHC/MC/StandardMC/Playlist6F/MasterAnaDev_mc_AnaTuple_run00122883_Playlist.root	2.0023414395795268e+19	2.002345999388536e+19	1	176313	455318	
RHC	mc	6F	mc122884	root://fndcadoor.fnal.gov:1095/pnfs/fnal.gov/usr/minerva/persistent/OpenData/MediumEnergy_RHC/MC/StandardMC/Playlist6F/MasterAnaDev_mc_AnaTuple_run00122884_Playlist.root	2.0027220098285134e+19	2.002726270641655e+19	1	176237	454849	
RHC	mc	6F	mc122885	root://fndcadoor.fnal.gov:1095/pnfs/fnal.gov/usr/minerva/persistent/OpenData/MediumEnergy_RHC/MC/StandardMC/Playlist6F/MasterAnaDev_mc_AnaTuple_run00122885_Playlist.root	1.477138229897018e+19	1.4792989820757055e+19	1	129997	336324	
RHC	mc	6F	mc122886	root://fndcadoor.fnal.gov:1095/pnfs/fnal.gov/usr/minerva/persistent/OpenData/MediumEnergy_RHC/MC/StandardMC/Playlist6F/MasterAnaDev_mc_AnaTuple_run00122886_Playlist.root	1.8299240649320847e+19	1.8324564163491908e+19	1	160996	417370	
RHC	mc	6F	mc122887	root://fndcadoor.fnal.gov:1095/pnfs/fnal.gov/usr/minerva/persistent/OpenData/MediumEnergy_RHC/MC/StandardMC/Playlist6F/MasterAnaDev_mc_AnaTuple_run00122887_Playlist.root	1.9021785444821295e+19	1.902187337833514e+19	1	168199	433936	
RHC	mc	6F	mc122888	root://fndcadoor.fnal.gov:1095/pnfs/fnal.gov/usr/minerva/persistent/OpenData/MediumEnergy_RHC/MC/StandardMC/Playlist6F/MasterAnaDev_mc_AnaTuple_run00122888_Playlist.root	1.989904749904321e+19	1.9899090885469655e+19	1	175383	453883	
RHC	mc	6F	mc122889	root://fndcadoor.fnal.gov:1095/pnfs/fnal.gov/usr/minerva/persistent/OpenData/MediumEnergy_RHC/MC/StandardMC/Playlist6F/MasterAnaDev_mc_AnaTuple_run00122889_Playlist.root	1.935115449059571e+19	1.935119919869555e+19	1	170133	440570	
RHC	mc	6F	mc122890	root://fndcadoor.fnal.gov:1095/pnfs/fnal.gov/usr/minerva/persistent/OpenData/MediumEnergy_RHC/MC/StandardMC/Playlist6F/MasterAnaDev_mc_AnaTuple_run00122890_Playlist.root	1.809448232840535e+19	1.8102806105979165e+19	1	159488	413354	
RHC	mc	6F	mc122891	root://fndcadoor.fnal.gov:1095/pnfs/fnal.gov/usr/minerva/persistent/OpenData/MediumEnergy_RHC/MC/StandardMC/Playlist6F/MasterAnaDev_mc_AnaTuple_run00122891_Playlist.root	1.8392399120966074e+19	1.840146512004335e+19	1	161217	418319	
RHC	mc	6F	mc122892	root://fndcadoor.fnal.gov:1095/pnfs/fnal.gov/usr/minerva/persistent/OpenData/MediumEnergy_RHC/MC/StandardMC/Playlist6F/MasterAnaDev_mc_AnaTuple_run00122892_Playlist.root	1.5800565299533674e+19	1.580612564862686e+19	1	139100	359309	
RHC	mc	6F	mc122893	root://fndcadoor.fnal.gov:1095/pnfs/fnal.gov/usr/minerva/persistent/OpenData/MediumEnergy_RHC/MC/StandardMC/Playlist6F/MasterAnaDev_mc_AnaTuple_run00122893_Playlist.root	1.9325602930767696e+19	1.935353915414645e+19	1	170080	441197	
RHC	mc	6F	mc122894	root://fndcadoor.fnal.gov:1095/pnfs/fnal.gov/usr/minerva/persistent/OpenData/MediumEnergy_RHC/MC/StandardMC/Playlist6F/MasterAnaDev_mc_AnaTuple_run00122894_Playlist.root	1.9021251394142077e+19	1.90236471454548e+19	1	167031	432577	
RHC	mc	6F	mc122895	root://fndcadoor.fnal.gov:1095/pnfs/fnal.gov/usr/minerva/persistent/OpenData/MediumEnergy_RHC/MC/StandardMC/Playlist6F/MasterAnaDev_mc_AnaTuple_run00122895_Playlist.root	1.9310470245585474e+19	1.932090698596897e+19	1	169647	440662	
RHC	mc	6F	mc122896	root://fndcadoor.fnal.gov:1095/pnfs/fnal.gov/usr/minerva/persistent/OpenData/MediumEnergy_RHC/MC/StandardMC/Playlist6F/MasterAnaDev_mc_AnaTuple_run00122896_Playlist.root	1.9868996849876267e+19	1.9873955599688036e+19	1	174612	453789	
RHC	mc	6F	mc122897	root://fndcadoor.fnal.gov:1095/pnfs/fnal.gov/usr/minerva/persistent/OpenData/MediumEnergy_RHC/MC/StandardMC/Playlist6F/MasterAnaDev_mc_AnaTuple_run00122897_Playlist.root	1.97062018488624e+19	1.9706246135490896e+19	1	172631	447562	
RHC	mc	6F	mc122898	root://fndcadoor.fnal.gov:1095/pnfs/fnal.gov/usr/minerva/persistent/OpenData/MediumEnergy_RHC/MC/StandardMC/Playlist6F/MasterAnaDev_mc_AnaTuple_run00122898_Playlist.root	1.9947448150578897e+19	1.9964961600528454e+19	1	175342	455413	
RHC	mc	6F	mc122899	root://fndcadoor.fnal.gov:1095/pnfs/fnal.gov/usr/minerva/persistent/OpenData/MediumEnergy_RHC/MC/StandardMC/Playlist6F/MasterAnaDev_mc_AnaTuple_run00122899_Playlist.root	1.9936821638080106e+19	1.995467947537796e+19	1	175410	453039	
RHC	mc	6F	mc122900	root://fndcadoor.fnal.gov:1095/pnfs/fnal.gov/usr/minerva/persistent/OpenData/MediumEnergy_RHC/MC/StandardMC/Playlist6F/MasterAnaDev_mc_AnaTuple_run00122900_Playlist.root	1.989320767071469e+19	1.990674992436579e+19	1	174611	452589	
RHC	mc	6F	mc122901	root://fndcadoor.fnal.gov:1095/pnfs/fnal.gov/usr/minerva/persistent/OpenData/MediumEnergy_RHC/MC/StandardMC/Playlist6F/MasterAnaDev_mc_AnaTuple_run00122901_Playlist.root	1.986783736116538e+19	1.992449751809062e+19	1	174680	453601	
RHC	mc	6F	mc122902	root://fndcadoor.fnal.gov:1095/pnfs/fnal.gov/usr/minerva/persistent/OpenData/MediumEnergy_RHC/MC/StandardMC/Playlist6F/MasterAnaDev_mc_AnaTuple_run00122902_Playlist.root	1.9720498979918512e+19	1.972115226119147e+19	1	173158	448825	
RHC	mc	6F	mc122903	root://fndcadoor.fnal.gov:1095/pnfs/fnal.gov/usr/minerva/persistent/OpenData/MediumEnergy_RHC/MC/StandardMC/Playlist6F/MasterAnaDev_mc_AnaTuple_run00122903_Playlist.root	1.9802644791724286e+19	1.9810923274982957e+19	1	174252	452833	
RHC	mc	6F	mc122904	root://fndcadoor.fnal.gov:1095/pnfs/fnal.gov/usr/minerva/persistent/OpenData/MediumEnergy_RHC/MC/StandardMC/Playlist6F/MasterAnaDev_mc_AnaTuple_run00122904_Playlist.root	1.984604250124306e+19	1.985948066487787e+19	1	173361	451457	
RHC	mc	6F	mc122905	root://fndcadoor.fnal.gov:1095/pnfs/fnal.gov/usr/minerva/persistent/OpenData/MediumEnergy_RHC/MC/StandardMC/Playlist6F/MasterAnaDev_mc_AnaTuple_run00122905_Playlist.root	1.9950908445832794e+19	1.9964719022688764e+19	1	176072	455803	
RHC	mc	6F	mc122906	root://fndcadoor.fnal.gov:1095/pnfs/fnal.gov/usr/minerva/persistent/OpenData/MediumEnergy_RHC/MC/StandardMC/Playlist6F/MasterAnaDev_mc_AnaTuple_run00122906_Playlist.root	1.985767088683126e+19	1.9868594240440488e+19	1	174882	453043	
RHC	mc	6F	mc122907	root://fndcadoor.fnal.gov:1095/pnfs/fnal.gov/usr/minerva/persistent/OpenData/MediumEnergy_RHC/MC/StandardMC/Playlist6F/MasterAnaDev_mc_AnaTuple_run00122907_Playlist.root	1.987361606516896e+19	1.9882395465644814e+19	1	174620	453137	
RHC	mc	6F	mc122908	root://fndcadoor.fnal.gov:1095/pnfs/fnal.gov/usr/minerva/persistent/OpenData/MediumEnergy_RHC/MC/StandardMC/Playlist6F/MasterAnaDev_mc_AnaTuple_run00122908_Playlist.root	1.9949604317109318e+19	1.996358756882343e+19	1	175273	454857	
RHC	mc	6F	mc122909	root://fndcadoor.fnal.gov:1095/pnfs/fnal.gov/usr/minerva/persistent/OpenData/MediumEnergy_RHC/MC/StandardMC/Playlist6F/MasterAnaDev_mc_AnaTuple_run00122909_Playlist.root	2.001056719244567e+19	2.0013646519717487e+19	1	176287	456360	
RHC	mc	6F	mc122910	root://fndcadoor.fnal.gov:1095/pnfs/fnal.gov/usr/minerva/persistent/OpenData/MediumEnergy_RHC/MC/StandardMC/Playlist6F/MasterAnaDev_mc_AnaTuple_run00122910_Playlist.root	1.9944855724745626e+19	1.996139894963605e+19	1	175297	453928	
RHC	mc	6F	mc122911	root://fndcadoor.fnal.gov:1095/pnfs/fnal.gov/usr/minerva/persistent/OpenData/MediumEnergy_RHC/MC/StandardMC/Playlist6F/MasterAnaDev_mc_AnaTuple_run00122911_Playlist.root	1.9969231571018174e+19	2.0003793903885455e+19	1	175183	454609	
RHC	mc	6G	mc123100	root://fndcadoor.fnal.gov:1095/pnfs/fnal.gov/usr/minerva/persistent/OpenData/MediumEnergy_RHC/MC/StandardMC/Playlist6G/MasterAnaDev_mc_AnaTuple_run00123100_Playlist.root	1.0021185597344672e+19	1.0021185597344672e+19	1	88205	225193	
RHC	mc	6G	mc123101	root://fndcadoor.fnal.gov:1095/pnfs/fnal.gov/usr/minerva/persistent/OpenData/MediumEnergy_RHC/MC/StandardMC/Playlist6G/MasterAnaDev_mc_AnaTuple_run00123101_Playlist.root	1.001081219653982e+19	1.0010856958548685e+19	1	87244	223865	
RHC	mc	6G	mc123102	root://fndcadoor.fnal.gov:1095/pnfs/fnal.gov/usr/minerva/persistent/OpenData/MediumEnergy_RHC/MC/StandardMC/Playlist6G/MasterAnaDev_mc_AnaTuple_run00123102_Playlist.root	9.981919684871485e+18	9.981919684871485e+18	1	87947	224770	
RHC	mc	6G	mc123103	root://fndcadoor.fnal.gov:1095/pnfs/fnal.gov/usr/minerva/persistent/OpenData/MediumEnergy_RHC/MC/StandardMC/Playlist6G/MasterAnaDev_mc_AnaTuple_run00123103_Playlist.root	1.001218604929347e+19	1.001223083749641e+19	1	88255	225521	
RHC	mc	6G	mc123104	root://fndcadoor.fnal.gov:1095/pnfs/fnal.gov/usr/minerva/persistent/OpenData/MediumEnergy_RHC/MC/StandardMC/Playlist6G/MasterAnaDev_mc_AnaTuple_run00123104_Playlist.root	9.960653129687796e+18	9.960739056145945e+18	1	87746	224567	
RHC	mc	6G	mc123105	root://fndcadoor.fnal.gov:1095/pnfs/fnal.gov/usr/minerva/persistent/OpenData/MediumEnergy_RHC/MC/StandardMC/Playlist6G/MasterAnaDev_mc_AnaTuple_run00123105_Playlist.root	9.944433996067062e+18	9.944478297471857e+18	1	87132	223190	
RHC	mc	6G	mc123106	root://fndcadoor.fnal.gov:1095/pnfs/fnal.gov/usr/minerva/persistent/OpenData/MediumEnergy_RHC/MC/StandardMC/Playlist6G/MasterAnaDev_mc_AnaTuple_run00123106_Playlist.root	1.0002621327077032e+19	1.0002621327077032e+19	1	88118	224163	
RHC	mc	6G	mc123107	root://fndcadoor.fnal.gov:1095/pnfs/fnal.gov/usr/minerva/persistent/OpenData/MediumEnergy_RHC/MC/StandardMC/Playlist6G/MasterAnaDev_mc_AnaTuple_run00123107_Playlist.root	9.949924940795759e+18	9.950011342958223e+18	1	86804	223021	
RHC	mc	6G	mc123108	root://fndcadoor.fnal.gov:1095/pnfs/fnal.gov/usr/minerva/persistent/OpenData/MediumEnergy_RHC/MC/StandardMC/Playlist6G/MasterAnaDev_mc_AnaTuple_run00123108_Playlist.root	1.0002432498925783e+19	1.0002432498925783e+19	1	88018	224923	
RHC	mc	6G	mc123109	root://fndcadoor.fnal.gov:1095/pnfs/fnal.gov/usr/minerva/persistent/OpenData/MediumEnergy_RHC/MC/StandardMC/Playlist6G/MasterAnaDev_mc_AnaTuple_run00123109_Playlist.root	9.881113214290209e+18	9.881155571580492e+18	1	87285	222555	
RHC	mc	6G	mc123110	root://fndcadoor.fnal.gov:1095/pnfs/fnal.gov/usr/minerva/persistent/OpenData/MediumEnergy_RHC/MC/StandardMC/Playlist6G/MasterAnaDev_mc_AnaTuple_run00123110_Playlist.root	9.829248343353082e+18	9.829292282002694e+18	1	86472	220598	
RHC	mc	6G	mc123111	root://fndcadoor.fnal.gov:1095/pnfs/fnal.gov/usr/minerva/persistent/OpenData/MediumEnergy_RHC/MC/StandardMC/Playlist6G/MasterAnaDev_mc_AnaTuple_run00123111_Playlist.root	9.990923442909712e+18	9.990969949369078e+18	1	88069	224437	
RHC	mc	6G	mc123112	root://fndcadoor.fnal.gov:1095/pnfs/fnal.gov/usr/minerva/persistent/OpenData/MediumEnergy_RHC/MC/StandardMC/Playlist6G/MasterAnaDev_mc_AnaTuple_run00123112_Playlist.root	9.960426852416035e+18	9.960426852416035e+18	1	87254	223707	
RHC	mc	6G	mc123113	root://fndcadoor.fnal.gov:1095/pnfs/fnal.gov/usr/minerva/persistent/OpenData/MediumEnergy_RHC/MC/StandardMC/Playlist6G/MasterAnaDev_mc_AnaTuple_run00123113_Playlist.root	1.0006586126676666e+19	1.0006586126676666e+19	1	88545	225130	
RHC	mc	6G	mc123114	root://fndcadoor.fnal.gov:1095/pnfs/fnal.gov/usr/minerva/persistent/OpenData/MediumEnergy_RHC/MC/StandardMC/Playlist6G/MasterAnaDev_mc_AnaTuple_run00123114_Playlist.root	1.0003645361214038e+19	1.0003645361214038e+19	1	87883	224433	
RHC	mc	6G	mc123115	root://fndcadoor.fnal.gov:1095/pnfs/fnal.gov/usr/minerva/persistent/OpenData/MediumEnergy_RHC/MC/StandardMC/Playlist6G/MasterAnaDev_mc_AnaTuple_run00123115_Playlist.root	1.0022210122269661e+19	1.0022297536142563e+19	1	88177	224831	
RHC	mc	6G	mc123116	root://fndcadoor.fnal.gov:1095/pnfs/fnal.gov/usr/minerva/persistent/OpenData/MediumEnergy_RHC/MC/StandardMC/Playlist6G/MasterAnaDev_mc_AnaTuple_run00123116_Playlist.root	1.0005896065499242e+19	1.0005896065499242e+19	1	87779	224756	
RHC	mc	6G	mc123117	root://fndcadoor.fnal.gov:1095/pnfs/fnal.gov/usr/minerva/persistent/OpenData/MediumEnergy_RHC/MC/StandardMC/Playlist6G/MasterAnaDev_mc_AnaTuple_run00123117_Playlist.root	1.0011668010274015e+19	1.0011668010274015e+19	1	88564	225713	
RHC	mc	6G	mc123118	root://fndcadoor.fnal.gov:1095/pnfs/fnal.gov/usr/minerva/persistent/OpenData/MediumEnergy_RHC/MC/StandardMC/Playlist6G/MasterAnaDev_mc_AnaTuple_run00123118_Playlist.root	9.976859694654894e+18	9.976900709352782e+18	1	87744	223898	
RHC	mc	6G	mc123119	root://fndcadoor.fnal.gov:1095/pnfs/fnal.gov/usr/minerva/persistent/OpenData/MediumEnergy_RHC/MC/StandardMC/Playlist6G/MasterAnaDev_mc_AnaTuple_run00123119_Playlist.root	1.0001466880867985e+19	1.0001466880867985e+19	1	87970	225429	
RHC	mc	6G	mc123120	root://fndcadoor.fnal.gov:1095/pnfs/fnal.gov/usr/minerva/persistent/OpenData/MediumEnergy_RHC/MC/StandardMC/Playlist6G/MasterAnaDev_mc_AnaTuple_run00123120_Playlist.root	9.997204020671416e+18	9.997250754145204e+18	1	88004	224619	
RHC	mc	6G	mc123121	root://fndcadoor.fnal.gov:1095/pnfs/fnal.gov/usr/minerva/persistent/OpenData/MediumEnergy_RHC/MC/StandardMC/Playlist6G/MasterAnaDev_mc_AnaTuple_run00123121_Playlist.root	9.742974808834322e+18	9.742974808834322e+18	1	85914	219548	
RHC	mc	6G	mc123122	root://fndcadoor.fnal.gov:1095/pnfs/fnal.gov/usr/minerva/persistent/OpenData/MediumEnergy_RHC/MC/StandardMC/Playlist6G/MasterAnaDev_mc_AnaTuple_run00123122_Playlist.root	9.921207310061556e+18	9.921207310061556e+18	1	87396	223111	
RHC	mc	6G	mc123123	root://fndcadoor.fnal.gov:1095/pnfs/fnal.gov/usr/minerva/persistent/OpenData/MediumEnergy_RHC/MC/StandardMC/Playlist6G/MasterAnaDev_mc_AnaTuple_run00123123_Playlist.root	1.0022551475982096e+19	1.002264143954594e+19	1	88226	225115	
RHC	mc	6G	mc123124	root://fndcadoor.fnal.gov:1095/pnfs/fnal.gov/usr/minerva/persistent/OpenData/MediumEnergy_RHC/MC/StandardMC/Playlist6G/MasterAnaDev_mc_AnaTuple_run00123124_Playlist.root	1.0023717919617763e+19	1.0023804048510851e+19	1	87980	225173	
RHC	mc	6G	mc123125	root://fndcadoor.fnal.gov:1095/pnfs/fnal.gov/usr/minerva/persistent/OpenData/MediumEnergy_RHC/MC/StandardMC/Playlist6G/MasterAnaDev_mc_AnaTuple_run00123125_Playlist.root	1.001252133564632e+19	1.001252133564632e+19	1	88214	224432	
RHC	mc	6G	mc123126	root://fndcadoor.fnal.gov:1095/pnfs/fnal.gov/usr/minerva/persistent/OpenData/MediumEnergy_RHC/MC/StandardMC/Playlist6G/MasterAnaDev_mc_AnaTuple_run00123126_Playlist.root	9.982204755591924e+18	9.982204755591924e+18	1	87099	222694	
RHC	mc	6G	mc123127	root://fndcadoor.fnal.gov:1095/pnfs/fnal.gov/usr/minerva/persistent/OpenData/MediumEnergy_RHC/MC/StandardMC/Playlist6G/MasterAnaDev_mc_AnaTuple_run00123127_Playlist.root	9.985744208979497e+18	9.985787675081806e+18	1	87945	224340	
RHC	mc	6G	mc123128	root://fndcadoor.fnal.gov:1095/pnfs/fnal.gov/usr/minerva/persistent/OpenData/MediumEnergy_RHC/MC/StandardMC/Playlist6G/MasterAnaDev_mc_AnaTuple_run00123128_Playlist.root	9.971542944505967e+18	9.971542944505967e+18	1	87714	224226	
RHC	mc	6G	mc123129	root://fndcadoor.fnal.gov:1095/pnfs/fnal.gov/usr/minerva/persistent/OpenData/MediumEnergy_RHC/MC/StandardMC/Playlist6G/MasterAnaDev_mc_AnaTuple_run00123129_Playlist.root	9.980167015503688e+18	9.98020775519981e+18	1	88003	224711	
RHC	mc	6G	mc123130	root://fndcadoor.fnal.gov:1095/pnfs/fnal.gov/usr/minerva/persistent/OpenData/MediumEnergy_RHC/MC/StandardMC/Playlist6G/MasterAnaDev_mc_AnaTuple_run00123130_Playlist.root	9.963894893631846e+18	9.963894893631846e+18	1	87891	223969	
RHC	mc	6G	mc123131	root://fndcadoor.fnal.gov:1095/pnfs/fnal.gov/usr/minerva/persistent/OpenData/MediumEnergy_RHC/MC/StandardMC/Playlist6G/MasterAnaDev_mc_AnaTuple_run00123131_Playlist.root	9.884248078486258e+18	9.884248078486258e+18	1	86721	221822	
RHC	mc	6G	mc123132	root://fndcadoor.fnal.gov:1095/pnfs/fnal.gov/usr/minerva/persistent/OpenData/MediumEnergy_RHC/MC/StandardMC/Playlist6G/MasterAnaDev_mc_AnaTuple_run00123132_Playlist.root	1.0019358578316558e+19	1.0019400737190072e+19	1	88109	224856	
RHC	mc	6G	mc123133	root://fndcadoor.fnal.gov:1095/pnfs/fnal.gov/usr/minerva/persistent/OpenData/MediumEnergy_RHC/MC/StandardMC/Playlist6G/MasterAnaDev_mc_AnaTuple_run00123133_Playlist.root	9.983621165416776e+18	9.983621165416776e+18	1	87700	223987	
RHC	mc	6G	mc123134	root://fndcadoor.fnal.gov:1095/pnfs/fnal.gov/usr/minerva/persistent/OpenData/MediumEnergy_RHC/MC/StandardMC/Playlist6G/MasterAnaDev_mc_AnaTuple_run00123134_Playlist.root	1.0023555302682466e+19	1.0023555302682466e+19	1	88485	224937	
RHC	mc	6G	mc123135	root://fndcadoor.fnal.gov:1095/pnfs/fnal.gov/usr/minerva/persistent/OpenData/MediumEnergy_RHC/MC/StandardMC/Playlist6G/MasterAnaDev_mc_AnaTuple_run00123135_Playlist.root	9.995787576487363e+18	9.99583447867347e+18	1	87439	224620	
RHC	mc	6G	mc123136	root://fndcadoor.fnal.gov:1095/pnfs/fnal.gov/usr/minerva/persistent/OpenData/MediumEnergy_RHC/MC/StandardMC/Playlist6G/MasterAnaDev_mc_AnaTuple_run00123136_Playlist.root	1.0013068488541346e+19	1.0013068488541346e+19	1	88314	225186	
RHC	mc	6G	mc123137	root://fndcadoor.fnal.gov:1095/pnfs/fnal.gov/usr/minerva/persistent/OpenData/MediumEnergy_RHC/MC/StandardMC/Playlist6G/MasterAnaDev_mc_AnaTuple_run00123137_Playlist.root	9.974608650668454e+18	9.974653329995305e+18	1	88023	225583	
RHC	mc	6G	mc123138	root://fndcadoor.fnal.gov:1095/pnfs/fnal.gov/usr/minerva/persistent/OpenData/MediumEnergy_RHC/MC/StandardMC/Playlist6G/MasterAnaDev_mc_AnaTuple_run00123138_Playlist.root	9.97608532254574e+18	9.976126576687761e+18	1	87873	224160	
RHC	mc	6G	mc123139	root://fndcadoor.fnal.gov:1095/pnfs/fnal.gov/usr/minerva/persistent/OpenData/MediumEnergy_RHC/MC/StandardMC/Playlist6G/MasterAnaDev_mc_AnaTuple_run00123139_Playlist.root	1.0003184333401209e+19	1.0003227817293939e+19	1	87751	224733	
RHC	mc	6G	mc123140	root://fndcadoor.fnal.gov:1095/pnfs/fnal.gov/usr/minerva/persistent/OpenData/MediumEnergy_RHC/MC/StandardMC/Playlist6G/MasterAnaDev_mc_AnaTuple_run00123140_Playlist.root	9.999978870574184e+18	9.999978870574184e+18	1	87935	224682	
RHC	mc	6G	mc123141	root://fndcadoor.fnal.gov:1095/pnfs/fnal.gov/usr/minerva/persistent/OpenData/MediumEnergy_RHC/MC/StandardMC/Playlist6G/MasterAnaDev_mc_AnaTuple_run00123141_Playlist.root	1.0008860083860077e+19	1.0008860083860077e+19	1	87362	224665	
RHC	mc	6H	mc123250	root://fndcadoor.fnal.gov:1095/pnfs/fnal.gov/usr/minerva/persistent/OpenData/MediumEnergy_RHC/MC/StandardMC/Playlist6H/MasterAnaDev_mc_AnaTuple_run00123250_Playlist.root	1.0002606577956602e+19	1.0002695031370947e+19	1	88634	224826	
RHC	mc	6H	mc123251	root://fndcadoor.fnal.gov:1095/pnfs/fnal.gov/usr/minerva/persistent/OpenData/MediumEnergy_RHC/MC/StandardMC/Playlist6H/MasterAnaDev_mc_AnaTuple_run00123251_Playlist.root	9.976608426660942e+18	9.976608426660942e+18	1	88259	224640	
RHC	mc	6H	mc123252	root://fndcadoor.fnal.gov:1095/pnfs/fnal.gov/usr/minerva/persistent/OpenData/MediumEnergy_RHC/MC/StandardMC/Playlist6H/MasterAnaDev_mc_AnaTuple_run00123252_Playlist.root	9.986769663965512e+18	9.986769663965512e+18	1	89189	224787	
RHC	mc	6H	mc123253	root://fndcadoor.fnal.gov:1095/pnfs/fnal.gov/usr/minerva/persistent/OpenData/MediumEnergy_RHC/MC/StandardMC/Playlist6H/MasterAnaDev_mc_AnaTuple_run00123253_Playlist.root	9.99656389935328e+18	9.99665808204314e+18	1	88642	224924	
RHC	mc	6H	mc123254	root://fndcadoor.fnal.gov:1095/pnfs/fnal.gov/usr/minerva/persistent/OpenData/MediumEnergy_RHC/MC/StandardMC/Playlist6H/MasterAnaDev_mc_AnaTuple_run00123254_Playlist.root	1.0014959628029428e+19	1.0014959628029428e+19	1	88728	224953	
RHC	mc	6H	mc123255	root://fndcadoor.fnal.gov:1095/pnfs/fnal.gov/usr/minerva/persistent/OpenData/MediumEnergy_RHC/MC/StandardMC/Playlist6H/MasterAnaDev_mc_AnaTuple_run00123255_Playlist.root	9.95461632746257e+18	9.95461632746257e+18	1	88291	224023	
RHC	mc	6H	mc123256	root://fndcadoor.fnal.gov:1095/pnfs/fnal.gov/usr/minerva/persistent/OpenData/MediumEnergy_RHC/MC/StandardMC/Playlist6H/MasterAnaDev_mc_AnaTuple_run00123256_Playlist.root	9.814268339404857e+18	9.814313529113315e+18	1	87182	221153	
RHC	mc	6H	mc123257	root://fndcadoor.fnal.gov:1095/pnfs/fnal.gov/usr/minerva/persistent/OpenData/MediumEnergy_RHC/MC/StandardMC/Playlist6H/MasterAnaDev_mc_AnaTuple_run00123257_Playlist.root	9.986203832105927e+18	9.986249071753308e+18	1	88407	224210	
RHC	mc	6H	mc123258	root://fndcadoor.fnal.gov:1095/pnfs/fnal.gov/usr/minerva/persistent/OpenData/MediumEnergy_RHC/MC/StandardMC/Playlist6H/MasterAnaDev_mc_AnaTuple_run00123258_Playlist.root	9.982378945769834e+18	9.982378945769834e+18	1	88521	224574	
RHC	mc	6H	mc123259	root://fndcadoor.fnal.gov:1095/pnfs/fnal.gov/usr/minerva/persistent/OpenData/MediumEnergy_RHC/MC/StandardMC/Playlist6H/MasterAnaDev_mc_AnaTuple_run00123259_Playlist.root	1.002292865355127e+19	1.002292865355127e+19	1	89008	224933	
RHC	mc	6H	mc123260	root://fndcadoor.fnal.gov:1095/pnfs/fnal.gov/usr/minerva/persistent/OpenData/MediumEnergy_RHC/MC/StandardMC/Playlist6H/MasterAnaDev_mc_AnaTuple_run00123260_Playlist.root	9.984295379068342e+18	9.98438129418961e+18	1	88903	224550	
RHC	mc	6H	mc123261	root://fndcadoor.fnal.gov:1095/pnfs/fnal.gov/usr/minerva/persistent/OpenData/MediumEnergy_RHC/MC/StandardMC/Playlist6H/MasterAnaDev_mc_AnaTuple_run00123261_Playlist.root	9.981448322910366e+18	9.981448322910366e+18	1	88127	223804	
RHC	mc	6H	mc123262	root://fndcadoor.fnal.gov:1095/pnfs/fnal.gov/usr/minerva/persistent/OpenData/MediumEnergy_RHC/MC/StandardMC/Playlist6H/MasterAnaDev_mc_AnaTuple_run00123262_Playlist.root	1.0000975071078631e+19	1.0001111079909603e+19	1	88610	224981	
RHC	mc	6H	mc123263	root://fndcadoor.fnal.gov:1095/pnfs/fnal.gov/usr/minerva/persistent/OpenData/MediumEnergy_RHC/MC/StandardMC/Playlist6H/MasterAnaDev_mc_AnaTuple_run00123263_Playlist.root	9.985389441913156e+18	9.985430606365581e+18	1	88564	223948	
RHC	mc	6H	mc123264	root://fndcadoor.fnal.gov:1095/pnfs/fnal.gov/usr/minerva/persistent/OpenData/MediumEnergy_RHC/MC/StandardMC/Playlist6H/MasterAnaDev_mc_AnaTuple_run00123264_Playlist.root	1.0002087964427885e+19	1.0002087964427885e+19	1	88794	225195	
RHC	mc	6H	mc123265	root://fndcadoor.fnal.gov:1095/pnfs/fnal.gov/usr/minerva/persistent/OpenData/MediumEnergy_RHC/MC/StandardMC/Playlist6H/MasterAnaDev_mc_AnaTuple_run00123265_Playlist.root	9.955092598826863e+18	9.955092598826863e+18	1	87910	224118	
RHC	mc	6H	mc123266	root://fndcadoor.fnal.gov:1095/pnfs/fnal.gov/usr/minerva/persistent/OpenData/MediumEnergy_RHC/MC/StandardMC/Playlist6H/MasterAnaDev_mc_AnaTuple_run00123266_Playlist.root	9.999597348237896e+18	9.999687757567107e+18	1	88661	224468	
RHC	mc	6H	mc123267	root://fndcadoor.fnal.gov:1095/pnfs/fnal.gov/usr/minerva/persistent/OpenData/MediumEnergy_RHC/MC/StandardMC/Playlist6H/MasterAnaDev_mc_AnaTuple_run00123267_Playlist.root	9.98364963351765e+18	9.983692220248451e+18	1	88167	223784	
RHC	mc	6H	mc123268	root://fndcadoor.fnal.gov:1095/pnfs/fnal.gov/usr/minerva/persistent/OpenData/MediumEnergy_RHC/MC/StandardMC/Playlist6H/MasterAnaDev_mc_AnaTuple_run00123268_Playlist.root	1.0021870585947849e+19	1.0021870585947849e+19	1	89318	225564	
RHC	mc	6H	mc123269	root://fndcadoor.fnal.gov:1095/pnfs/fnal.gov/usr/minerva/persistent/OpenData/MediumEnergy_RHC/MC/StandardMC/Playlist6H/MasterAnaDev_mc_AnaTuple_run00123269_Playlist.root	9.981341972303456e+18	9.981384956315802e+18	1	88770	224743	
RHC	mc	6H	mc123270	root://fndcadoor.fnal.gov:1095/pnfs/fnal.gov/usr/minerva/persistent/OpenData/MediumEnergy_RHC/MC/StandardMC/Playlist6H/MasterAnaDev_mc_AnaTuple_run00123270_Playlist.root	9.990648830496924e+18	9.990732443935322e+18	1	88201	223996	
RHC	mc	6H	mc123271	root://fndcadoor.fnal.gov:1095/pnfs/fnal.gov/usr/minerva/persistent/OpenData/MediumEnergy_RHC/MC/StandardMC/Playlist6H/MasterAnaDev_mc_AnaTuple_run00123271_Playlist.root	9.96304866581372e+18	9.963091041882216e+18	1	88776	224417	
RHC	mc	6H	mc123272	root://fndcadoor.fnal.gov:1095/pnfs/fnal.gov/usr/minerva/persistent/OpenData/MediumEnergy_RHC/MC/StandardMC/Playlist6H/MasterAnaDev_mc_AnaTuple_run00123272_Playlist.root	9.995847389730896e+18	9.995932975691317e+18	1	89013	224608	
RHC	mc	6H	mc123273	root://fndcadoor.fnal.gov:1095/pnfs/fnal.gov/usr/minerva/persistent/OpenData/MediumEnergy_RHC/MC/StandardMC/Playlist6H/MasterAnaDev_mc_AnaTuple_run00123273_Playlist.root	9.991227813692615e+18	9.991227813692615e+18	1	88748	224892	
RHC	mc	6H	mc123274	root://fndcadoor.fnal.gov:1095/pnfs/fnal.gov/usr/minerva/persistent/OpenData/MediumEnergy_RHC/MC/StandardMC/Playlist6H/MasterAnaDev_mc_AnaTuple_run00123274_Playlist.root	9.983167699912157e+18	9.983212088043954e+18	1	89093	225255	
RHC	mc	6H	mc123275	root://fndcadoor.fnal.gov:1095/pnfs/fnal.gov/usr/minerva/persistent/OpenData/MediumEnergy_RHC/MC/StandardMC/Playlist6H/MasterAnaDev_mc_AnaTuple_run00123275_Playlist.root	9.997679978349623e+18	9.997679978349623e+18	1	89179	225586	
RHC	mc	6H	mc123276	root://fndcadoor.fnal.gov:1095/pnfs/fnal.gov/usr/minerva/persistent/OpenData/MediumEnergy_RHC/MC/StandardMC/Playlist6H/MasterAnaDev_mc_AnaTuple_run00123276_Playlist.root	1.0010868735803048e+19	1.0010917068455408e+19	1	89148	225328	
RHC	mc	6H	mc123277	root://fndcadoor.fnal.gov:1095/pnfs/fnal.gov/usr/minerva/persistent/OpenData/MediumEnergy_RHC/MC/StandardMC/Playlist6H/MasterAnaDev_mc_AnaTuple_run00123277_Playlist.root	1.0007258466032296e+19	1.0007304492541684e+19	1	88868	225277	
RHC	mc	6H	mc123278	root://fndcadoor.fnal.gov:1095/pnfs/fnal.gov/usr/minerva/persistent/OpenData/MediumEnergy_RHC/MC/StandardMC/Playlist6H/MasterAnaDev_mc_AnaTuple_run00123278_Playlist.root	9.987342965628058e+18	9.987342965628058e+18	1	88283	224149	
RHC	mc	6H	mc123279	root://fndcadoor.fnal.gov:1095/pnfs/fnal.gov/usr/minerva/persistent/OpenData/MediumEnergy_RHC/MC/StandardMC/Playlist6H/MasterAnaDev_mc_AnaTuple_run00123279_Playlist.root	1.0020027726408638e+19	1.0020027726408638e+19	1	88957	225292	
RHC	mc	6H	mc123280	root://fndcadoor.fnal.gov:1095/pnfs/fnal.gov/usr/minerva/persistent/OpenData/MediumEnergy_RHC/MC/StandardMC/Playlist6H/MasterAnaDev_mc_AnaTuple_run00123280_Playlist.root	9.993855330746814e+18	9.993855330746814e+18	1	88616	224283	
RHC	mc	6H	mc123281	root://fndcadoor.fnal.gov:1095/pnfs/fnal.gov/usr/minerva/persistent/OpenData/MediumEnergy_RHC/MC/StandardMC/Playlist6H/MasterAnaDev_mc_AnaTuple_run00123281_Playlist.root	1.0006209563290624e+19	1.0012982793094435e+19	1	88860	224943	
RHC	mc	6H	mc123282	root://fndcadoor.fnal.gov:1095/pnfs/fnal.gov/usr/minerva/persistent/OpenData/MediumEnergy_RHC/MC/StandardMC/Playlist6H/MasterAnaDev_mc_AnaTuple_run00123282_Playlist.root	9.970997285620625e+18	9.971083170683128e+18	1	88423	224230	
RHC	mc	6H	mc123283	root://fndcadoor.fnal.gov:1095/pnfs/fnal.gov/usr/minerva/persistent/OpenData/MediumEnergy_RHC/MC/StandardMC/Playlist6H/MasterAnaDev_mc_AnaTuple_run00123283_Playlist.root	1.000215663107753e+19	1.000215663107753e+19	1	88973	224497	
RHC	mc	6H	mc123284	root://fndcadoor.fnal.gov:1095/pnfs/fnal.gov/usr/minerva/persistent/OpenData/MediumEnergy_RHC/MC/StandardMC/Playlist6H/MasterAnaDev_mc_AnaTuple_run00123284_Playlist.root	1.0002773570495332e+19	1.0002818636618734e+19	1	88341	224037	
RHC	mc	6H	mc123285	root://fndcadoor.fnal.gov:1095/pnfs/fnal.gov/usr/minerva/persistent/OpenData/MediumEnergy_RHC/MC/StandardMC/Playlist6H/MasterAnaDev_mc_AnaTuple_run00123285_Playlist.root	9.942667026904953e+18	9.94271269891951e+18	1	87820	223220	
RHC	mc	6H	mc123286	root://fndcadoor.fnal.gov:1095/pnfs/fnal.gov/usr/minerva/persistent/OpenData/MediumEnergy_RHC/MC/StandardMC/Playlist6H/MasterAnaDev_mc_AnaTuple_run00123286_Playlist.root	9.981735509753383e+18	9.981735509753383e+18	1	88495	224967	
RHC	mc	6H	mc123287	root://fndcadoor.fnal.gov:1095/pnfs/fnal.gov/usr/minerva/persistent/OpenData/MediumEnergy_RHC/MC/StandardMC/Playlist6H/MasterAnaDev_mc_AnaTuple_run00123287_Playlist.root	1.0022158452674386e+19	1.0022253163858625e+19	1	89033	225085	
RHC	mc	6H	mc123288	root://fndcadoor.fnal.gov:1095/pnfs/fnal.gov/usr/minerva/persistent/OpenData/MediumEnergy_RHC/MC/StandardMC/Playlist6H/MasterAnaDev_mc_AnaTuple_run00123288_Playlist.root	9.961424735437058e+18	9.961469398881903e+18	1	87949	223175	
RHC	mc	6H	mc123289	root://fndcadoor.fnal.gov:1095/pnfs/fnal.gov/usr/minerva/persistent/OpenData/MediumEnergy_RHC/MC/StandardMC/Playlist6H/MasterAnaDev_mc_AnaTuple_run00123289_Playlist.root	9.992867583696527e+18	9.992954198419671e+18	1	88366	224341	
RHC	mc	6H	mc123290	root://fndcadoor.fnal.gov:1095/pnfs/fnal.gov/usr/minerva/persistent/OpenData/MediumEnergy_RHC/MC/StandardMC/Playlist6H/MasterAnaDev_mc_AnaTuple_run00123290_Playlist.root	1.0003698307512142e+19	1.0003698307512142e+19	1	88758	224678	
RHC	mc	6H	mc123291	root://fndcadoor.fnal.gov:1095/pnfs/fnal.gov/usr/minerva/persistent/OpenData/MediumEnergy_RHC/MC/StandardMC/Playlist6H/MasterAnaDev_mc_AnaTuple_run00123291_Playlist.root	9.973690648400488e+18	9.980891638466978e+18	1	88494	224196	
RHC	mc	6H	mc123292	root://fndcadoor.fnal.gov:1095/pnfs/fnal.gov/usr/minerva/persistent/OpenData/MediumEnergy_RHC/MC/StandardMC/Playlist6H/MasterAnaDev_mc_AnaTuple_run00123292_Playlist.root	1.0015424777233873e+19	1.0021306447088423e+19	1	88677	225086	
RHC	mc	6H	mc123293	root://fndcadoor.fnal.gov:1095/pnfs/fnal.gov/usr/minerva/persistent/OpenData/MediumEnergy_RHC/MC/StandardMC/Playlist6H/MasterAnaDev_mc_AnaTuple_run00123293_Playlist.root	9.997880543984525e+18	9.997880543984525e+18	1	88812	225058	
RHC	mc	6H	mc123294	root://fndcadoor.fnal.gov:1095/pnfs/fnal.gov/usr/minerva/persistent/OpenData/MediumEnergy_RHC/MC/StandardMC/Playlist6H/MasterAnaDev_mc_AnaTuple_run00123294_Playlist.root	1.0024190161152215e+19	1.0024190161152215e+19	1	89211	225265	
RHC	mc	6H	mc123295	root://fndcadoor.fnal.gov:1095/pnfs/fnal.gov/usr/minerva/persistent/OpenData/MediumEnergy_RHC/MC/StandardMC/Playlist6H/MasterAnaDev_mc_AnaTuple_run00123295_Playlist.root	9.967149762297598e+18	9.967149762297598e+18	1	87848	223135	
RHC	mc	6H	mc123296	root://fndcadoor.fnal.gov:1095/pnfs/fnal.gov/usr/minerva/persistent/OpenData/MediumEnergy_RHC/MC/StandardMC/Playlist6H/MasterAnaDev_mc_AnaTuple_run00123296_Playlist.root	1.000977201141335e+19	1.000977201141335e+19	1	88907	225167	
RHC	mc	6H	mc123297	root://fndcadoor.fnal.gov:1095/pnfs/fnal.gov/usr/minerva/persistent/OpenData/MediumEnergy_RHC/MC/StandardMC/Playlist6H/MasterAnaDev_mc_AnaTuple_run00123297_Playlist.root	9.976546740330527e+18	9.976546740330527e+18	1	88766	224547	
RHC	mc	6H	mc123298	root://fndcadoor.fnal.gov:1095/pnfs/fnal.gov/usr/minerva/persistent/OpenData/MediumEnergy_RHC/MC/StandardMC/Playlist6H/MasterAnaDev_mc_AnaTuple_run00123298_Playlist.root	1.0023713775596603e+19	1.0023713775596603e+19	1	88838	225983	
RHC	mc	6H	mc123299	root://fndcadoor.fnal.gov:1095/pnfs/fnal.gov/usr/minerva/persistent/OpenData/MediumEnergy_RHC/MC/StandardMC/Playlist6H/MasterAnaDev_mc_AnaTuple_run00123299_Playlist.root	9.986120200245615e+18	9.986120200245615e+18	1	88804	224496	
RHC	mc	6H	mc123300	root://fndcadoor.fnal.gov:1095/pnfs/fnal.gov/usr/minerva/persistent/OpenData/MediumEnergy_RHC/MC/StandardMC/Playlist6H/MasterAnaDev_mc_AnaTuple_run00123300_Playlist.root	1.002178779584114e+19	1.0021920749131745e+19	1	88764	225242	
RHC	mc	6I	mc120449	root://fndcadoor.fnal.gov:1095/pnfs/fnal.gov/usr/minerva/persistent/OpenData/MediumEnergy_RHC/MC/StandardMC/Playlist6I/MasterAnaDev_mc_AnaTuple_run00120449_Playlist.root	1.0021046433597772e+19	1.002113383222039e+19	1	85779	218915	
RHC	mc	6I	mc120450	root://fndcadoor.fnal.gov:1095/pnfs/fnal.gov/usr/minerva/persistent/OpenData/MediumEnergy_RHC/MC/StandardMC/Playlist6I/MasterAnaDev_mc_AnaTuple_run00120450_Playlist.root	1.0023392171181343e+19	1.0023392171181343e+19	1	85262	217802	
RHC	mc	6I	mc120451	root://fndcadoor.fnal.gov:1095/pnfs/fnal.gov/usr/minerva/persistent/OpenData/MediumEnergy_RHC/MC/StandardMC/Playlist6I/MasterAnaDev_mc_AnaTuple_run00120451_Playlist.root	9.98561441708305e+18	9.98561441708305e+18	1	84985	217106	
RHC	mc	6I	mc120452	root://fndcadoor.fnal.gov:1095/pnfs/fnal.gov/usr/minerva/persistent/OpenData/MediumEnergy_RHC/MC/StandardMC/Playlist6I/MasterAnaDev_mc_AnaTuple_run00120452_Playlist.root	9.95513985598025e+18	9.955185326558364e+18	1	85357	217148	
RHC	mc	6I	mc120453	root://fndcadoor.fnal.gov:1095/pnfs/fnal.gov/usr/minerva/persistent/OpenData/MediumEnergy_RHC/MC/StandardMC/Playlist6I/MasterAnaDev_mc_AnaTuple_run00120453_Playlist.root	9.974652761870897e+18	9.974652761870897e+18	1	85219	217362	
RHC	mc	6I	mc120454	root://fndcadoor.fnal.gov:1095/pnfs/fnal.gov/usr/minerva/persistent/OpenData/MediumEnergy_RHC/MC/StandardMC/Playlist6I/MasterAnaDev_mc_AnaTuple_run00120454_Playlist.root	1.0001458864981654e+19	1.0001555234068175e+19	1	85181	217440	
RHC	mc	6I	mc120455	root://fndcadoor.fnal.gov:1095/pnfs/fnal.gov/usr/minerva/persistent/OpenData/MediumEnergy_RHC/MC/StandardMC/Playlist6I/MasterAnaDev_mc_AnaTuple_run00120455_Playlist.root	1.0023271990601748e+19	1.0023271990601748e+19	1	85934	218310	
RHC	mc	6I	mc120456	root://fndcadoor.fnal.gov:1095/pnfs/fnal.gov/usr/minerva/persistent/OpenData/MediumEnergy_RHC/MC/StandardMC/Playlist6I/MasterAnaDev_mc_AnaTuple_run00120456_Playlist.root	1.0014643334568722e+19	1.0014643334568722e+19	1	85528	217908	
RHC	mc	6I	mc120457	root://fndcadoor.fnal.gov:1095/pnfs/fnal.gov/usr/minerva/persistent/OpenData/MediumEnergy_RHC/MC/StandardMC/Playlist6I/MasterAnaDev_mc_AnaTuple_run00120457_Playlist.root	1.0008331439321428e+19	1.0008331439321428e+19	1	85112	217522	
RHC	mc	6I	mc120458	root://fndcadoor.fnal.gov:1095/pnfs/fnal.gov/usr/minerva/persistent/OpenData/MediumEnergy_RHC/MC/StandardMC/Playlist6I/MasterAnaDev_mc_AnaTuple_run00120458_Playlist.root	9.992596334111617e+18	9.992596334111617e+18	1	85134	217497	
RHC	mc	6I	mc120459	root://fndcadoor.fnal.gov:1095/pnfs/fnal.gov/usr/minerva/persistent/OpenData/MediumEnergy_RHC/MC/StandardMC/Playlist6I/MasterAnaDev_mc_AnaTuple_run00120459_Playlist.root	9.985605121128665e+18	9.98564937101034e+18	1	85307	217555	
RHC	mc	6I	mc120460	root://fndcadoor.fnal.gov:1095/pnfs/fnal.gov/usr/minerva/persistent/OpenData/MediumEnergy_RHC/MC/StandardMC/Playlist6I/MasterAnaDev_mc_AnaTuple_run00120460_Playlist.root	9.968861948028123e+18	9.968861948028123e+18	1	85078	216828	
RHC	mc	6I	mc120461	root://fndcadoor.fnal.gov:1095/pnfs/fnal.gov/usr/minerva/persistent/OpenData/MediumEnergy_RHC/MC/StandardMC/Playlist6I/MasterAnaDev_mc_AnaTuple_run00120461_Playlist.root	1.000702521120336e+19	1.0007076005370943e+19	1	85573	217930	
RHC	mc	6I	mc120462	root://fndcadoor.fnal.gov:1095/pnfs/fnal.gov/usr/minerva/persistent/OpenData/MediumEnergy_RHC/MC/StandardMC/Playlist6I/MasterAnaDev_mc_AnaTuple_run00120462_Playlist.root	1.0024002770028149e+19	1.002404924847632e+19	1	85412	217793	
RHC	mc	6I	mc120463	root://fndcadoor.fnal.gov:1095/pnfs/fnal.gov/usr/minerva/persistent/OpenData/MediumEnergy_RHC/MC/StandardMC/Playlist6I/MasterAnaDev_mc_AnaTuple_run00120463_Playlist.root	9.976833147047107e+18	9.976974692678617e+18	1	85084	217091	
RHC	mc	6I	mc120464	root://fndcadoor.fnal.gov:1095/pnfs/fnal.gov/usr/minerva/persistent/OpenData/MediumEnergy_RHC/MC/StandardMC/Playlist6I/MasterAnaDev_mc_AnaTuple_run00120464_Playlist.root	9.952369849534933e+18	9.962926679763126e+18	1	85435	217607	
RHC	mc	6I	mc120465	root://fndcadoor.fnal.gov:1095/pnfs/fnal.gov/usr/minerva/persistent/OpenData/MediumEnergy_RHC/MC/StandardMC/Playlist6I/MasterAnaDev_mc_AnaTuple_run00120465_Playlist.root	1.0020871165464058e+19	1.0020960613264323e+19	1	85515	218320	
RHC	mc	6I	mc123425	root://fndcadoor.fnal.gov:1095/pnfs/fnal.gov/usr/minerva/persistent/OpenData/MediumEnergy_RHC/MC/StandardMC/Playlist6I/MasterAnaDev_mc_AnaTuple_run00123425_Playlist.root	2.405923096645366e+17	2.405923096645366e+17	1	2070	5291	
RHC	mc	6I	mc123426	root://fndcadoor.fnal.gov:1095/pnfs/fnal.gov/usr/minerva/persistent/OpenData/MediumEnergy_RHC/MC/StandardMC/Playlist6I/MasterAnaDev_mc_AnaTuple_run00123426_Playlist.root	1.0006640131340933e+19	1.0006778829000151e+19	1	88201	225835	
RHC	mc	6I	mc123427	root://fndcadoor.fnal.gov:1095/pnfs/fnal.gov/usr/minerva/persistent/OpenData/MediumEnergy_RHC/MC/StandardMC/Playlist6I/MasterAnaDev_mc_AnaTuple_run00123427_Playlist.root	1.0012702423513082e+19	1.0012702423513082e+19	1	87884	224465	
RHC	mc	6I	mc123428	root://fndcadoor.fnal.gov:1095/pnfs/fnal.gov/usr/minerva/persistent/OpenData/MediumEnergy_RHC/MC/StandardMC/Playlist6I/MasterAnaDev_mc_AnaTuple_run00123428_Playlist.root	1.0001987382182531e+19	1.0001987382182531e+19	1	87652	224483	
RHC	mc	6I	mc123429	root://fndcadoor.fnal.gov:1095/pnfs/fnal.gov/usr/minerva/persistent/OpenData/MediumEnergy_RHC/MC/StandardMC/Playlist6I/MasterAnaDev_mc_AnaTuple_run00123429_Playlist.root	1.0022568181005545e+19	1.0022656723828318e+19	1	87907	224913	
RHC	mc	6I	mc123430	root://fndcadoor.fnal.gov:1095/pnfs/fnal.gov/usr/minerva/persistent/OpenData/MediumEnergy_RHC/MC/StandardMC/Playlist6I/MasterAnaDev_mc_AnaTuple_run00123430_Playlist.root	1.0015882510663285e+19	1.001597366465582e+19	1	88150	224887	
RHC	mc	6I	mc123431	root://fndcadoor.fnal.gov:1095/pnfs/fnal.gov/usr/minerva/persistent/OpenData/MediumEnergy_RHC/MC/StandardMC/Playlist6I/MasterAnaDev_mc_AnaTuple_run00123431_Playlist.root	1.0015340895874769e+19	1.0015431548885561e+19	1	87743	224339	
RHC	mc	6I	mc123432	root://fndcadoor.fnal.gov:1095/pnfs/fnal.gov/usr/minerva/persistent/OpenData/MediumEnergy_RHC/MC/StandardMC/Playlist6I/MasterAnaDev_mc_AnaTuple_run00123432_Playlist.root	1.0001287869571545e+19	1.0001335793822941e+19	1	88063	225207	
RHC	mc	6I	mc123433	root://fndcadoor.fnal.gov:1095/pnfs/fnal.gov/usr/minerva/persistent/OpenData/MediumEnergy_RHC/MC/StandardMC/Playlist6I/MasterAnaDev_mc_AnaTuple_run00123433_Playlist.root	1.002100034184584e+19	1.002104208807023e+19	1	88018	225058	
RHC	mc	6I	mc123434	root://fndcadoor.fnal.gov:1095/pnfs/fnal.gov/usr/minerva/persistent/OpenData/MediumEnergy_RHC/MC/StandardMC/Playlist6I/MasterAnaDev_mc_AnaTuple_run00123434_Playlist.root	9.993123941311488e+18	9.993168831346788e+18	1	88103	224893	
RHC	mc	6I	mc123435	root://fndcadoor.fnal.gov:1095/pnfs/fnal.gov/usr/minerva/persistent/OpenData/MediumEnergy_RHC/MC/StandardMC/Playlist6I/MasterAnaDev_mc_AnaTuple_run00123435_Playlist.root	1.001009296756564e+19	1.001009296756564e+19	1	87952	224677	
RHC	mc	6I	mc123436	root://fndcadoor.fnal.gov:1095/pnfs/fnal.gov/usr/minerva/persistent/OpenData/MediumEnergy_RHC/MC/StandardMC/Playlist6I/MasterAnaDev_mc_AnaTuple_run00123436_Playlist.root	1.0006574073843214e+19	1.0006574073843214e+19	1	87682	225113	
RHC	mc	6I	mc123437	root://fndcadoor.fnal.gov:1095/pnfs/fnal.gov/usr/minerva/persistent/OpenData/MediumEnergy_RHC/MC/StandardMC/Playlist6I/MasterAnaDev_mc_AnaTuple_run00123437_Playlist.root	9.958536129358213e+18	9.95858226841269e+18	1	86857	222295	
RHC	mc	6I	mc123438	root://fndcadoor.fnal.gov:1095/pnfs/fnal.gov/usr/minerva/persistent/OpenData/MediumEnergy_RHC/MC/StandardMC/Playlist6I/MasterAnaDev_mc_AnaTuple_run00123438_Playlist.root	9.998529197204357e+18	9.998529197204357e+18	1	87433	223467	
RHC	mc	6I	mc123439	root://fndcadoor.fnal.gov:1095/pnfs/fnal.gov/usr/minerva/persistent/OpenData/MediumEnergy_RHC/MC/StandardMC/Playlist6I/MasterAnaDev_mc_AnaTuple_run00123439_Playlist.root	1.0021535855831132e+19	1.0021579431837258e+19	1	87927	224399	
RHC	mc	6I	mc123440	root://fndcadoor.fnal.gov:1095/pnfs/fnal.gov/usr/minerva/persistent/OpenData/MediumEnergy_RHC/MC/StandardMC/Playlist6I/MasterAnaDev_mc_AnaTuple_run00123440_Playlist.root	9.973550963753748e+18	9.973596353130394e+18	1	87473	223456	
RHC	mc	6I	mc123441	root://fndcadoor.fnal.gov:1095/pnfs/fnal.gov/usr/minerva/persistent/OpenData/MediumEnergy_RHC/MC/StandardMC/Playlist6I/MasterAnaDev_mc_AnaTuple_run00123441_Playlist.root	9.96469146590407e+18	9.96469146590407e+18	1	87003	222947	
RHC	mc	6I	mc123442	root://fndcadoor.fnal.gov:1095/pnfs/fnal.gov/usr/minerva/persistent/OpenData/MediumEnergy_RHC/MC/StandardMC/Playlist6I/MasterAnaDev_mc_AnaTuple_run00123442_Playlist.root	1.0023620236098703e+19	1.0023620236098703e+19	1	87966	225000	
RHC	mc	6I	mc123443	root://fndcadoor.fnal.gov:1095/pnfs/fnal.gov/usr/minerva/persistent/OpenData/MediumEnergy_RHC/MC/StandardMC/Playlist6I/MasterAnaDev_mc_AnaTuple_run00123443_Playlist.root	9.882030427878414e+18	9.882117006416794e+18	1	87186	222292	
RHC	mc	6I	mc123444	root://fndcadoor.fnal.gov:1095/pnfs/fnal.gov/usr/minerva/persistent/OpenData/MediumEnergy_RHC/MC/StandardMC/Playlist6I/MasterAnaDev_mc_AnaTuple_run00123444_Playlist.root	9.685636363938195e+18	9.685685149590594e+18	1	85561	218021	
RHC	mc	6I	mc123445	root://fndcadoor.fnal.gov:1095/pnfs/fnal.gov/usr/minerva/persistent/OpenData/MediumEnergy_RHC/MC/StandardMC/Playlist6I/MasterAnaDev_mc_AnaTuple_run00123445_Playlist.root	9.982301126925543e+18	9.982438471303975e+18	1	87841	224634	
RHC	mc	6I	mc123446	root://fndcadoor.fnal.gov:1095/pnfs/fnal.gov/usr/minerva/persistent/OpenData/MediumEnergy_RHC/MC/StandardMC/Playlist6I/MasterAnaDev_mc_AnaTuple_run00123446_Playlist.root	1.001092810485545e+19	1.0011014750132417e+19	1	87724	225278	
RHC	mc	6I	mc123447	root://fndcadoor.fnal.gov:1095/pnfs/fnal.gov/usr/minerva/persistent/OpenData/MediumEnergy_RHC/MC/StandardMC/Playlist6I/MasterAnaDev_mc_AnaTuple_run00123447_Playlist.root	1.0003915644626706e+19	1.0003915644626706e+19	1	87891	224939	
RHC	mc	6I	mc123448	root://fndcadoor.fnal.gov:1095/pnfs/fnal.gov/usr/minerva/persistent/OpenData/MediumEnergy_RHC/MC/StandardMC/Playlist6I/MasterAnaDev_mc_AnaTuple_run00123448_Playlist.root	1.0022982605420134e+19	1.0023027850623515e+19	1	87992	224797	
RHC	mc	6J	mc120565	root://fndcadoor.fnal.gov:1095/pnfs/fnal.gov/usr/minerva/persistent/OpenData/MediumEnergy_RHC/MC/StandardMC/Playlist6J/MasterAnaDev_mc_AnaTuple_run00120565_Playlist.root	1.3418214183229028e+18	1.3418214183229028e+18	1	11445	29373	
RHC	mc	6J	mc120566	root://fndcadoor.fnal.gov:1095/pnfs/fnal.gov/usr/minerva/persistent/OpenData/MediumEnergy_RHC/MC/StandardMC/Playlist6J/MasterAnaDev_mc_AnaTuple_run00120566_Playlist.root	7.338100157486226e+18	7.338148044304315e+18	1	62732	160143	
RHC	mc	6J	mc120567	root://fndcadoor.fnal.gov:1095/pnfs/fnal.gov/usr/minerva/persistent/OpenData/MediumEnergy_RHC/MC/StandardMC/Playlist6J/MasterAnaDev_mc_AnaTuple_run00120567_Playlist.root	9.940314079762987e+18	9.940360936027363e+18	1	85113	216826	
RHC	mc	6J	mc120568	root://fndcadoor.fnal.gov:1095/pnfs/fnal.gov/usr/minerva/persistent/OpenData/MediumEnergy_RHC/MC/StandardMC/Playlist6J/MasterAnaDev_mc_AnaTuple_run00120568_Playlist.root	9.986993034405818e+18	9.987081582511331e+18	1	85147	217159	
RHC	mc	6J	mc120569	root://fndcadoor.fnal.gov:1095/pnfs/fnal.gov/usr/minerva/persistent/OpenData/MediumEnergy_RHC/MC/StandardMC/Playlist6J/MasterAnaDev_mc_AnaTuple_run00120569_Playlist.root	9.533143783492053e+18	9.533143783492053e+18	1	81218	207257	
RHC	mc	6J	mc120570	root://fndcadoor.fnal.gov:1095/pnfs/fnal.gov/usr/minerva/persistent/OpenData/MediumEnergy_RHC/MC/StandardMC/Playlist6J/MasterAnaDev_mc_AnaTuple_run00120570_Playlist.root	9.980265251964396e+18	9.980310139698838e+18	1	85464	217595	
RHC	mc	6J	mc120571	root://fndcadoor.fnal.gov:1095/pnfs/fnal.gov/usr/minerva/persistent/OpenData/MediumEnergy_RHC/MC/StandardMC/Playlist6J/MasterAnaDev_mc_AnaTuple_run00120571_Playlist.root	9.782106498811265e+18	9.782152959687367e+18	1	83118	213474	
RHC	mc	6J	mc120572	root://fndcadoor.fnal.gov:1095/pnfs/fnal.gov/usr/minerva/persistent/OpenData/MediumEnergy_RHC/MC/StandardMC/Playlist6J/MasterAnaDev_mc_AnaTuple_run00120572_Playlist.root	9.970297137537257e+18	9.970297137537257e+18	1	84945	216662	
RHC	mc	6J	mc120573	root://fndcadoor.fnal.gov:1095/pnfs/fnal.gov/usr/minerva/persistent/OpenData/MediumEnergy_RHC/MC/StandardMC/Playlist6J/MasterAnaDev_mc_AnaTuple_run00120573_Playlist.root	1.0002849834416538e+19	1.0002895116358498e+19	1	85434	218221	
RHC	mc	6J	mc120574	root://fndcadoor.fnal.gov:1095/pnfs/fnal.gov/usr/minerva/persistent/OpenData/MediumEnergy_RHC/MC/StandardMC/Playlist6J/MasterAnaDev_mc_AnaTuple_run00120574_Playlist.root	1.0017295381996784e+19	1.0017340934204918e+19	1	85786	218832	
RHC	mc	6J	mc120575	root://fndcadoor.fnal.gov:1095/pnfs/fnal.gov/usr/minerva/persistent/OpenData/MediumEnergy_RHC/MC/StandardMC/Playlist6J/MasterAnaDev_mc_AnaTuple_run00120575_Playlist.root	1.0006413778103466e+19	1.0006413778103466e+19	1	85459	218118	
RHC	mc	6J	mc120576	root://fndcadoor.fnal.gov:1095/pnfs/fnal.gov/usr/minerva/persistent/OpenData/MediumEnergy_RHC/MC/StandardMC/Playlist6J/MasterAnaDev_mc_AnaTuple_run00120576_Playlist.root	1.0002495898738215e+19	1.0002495898738215e+19	1	85190	217754	
RHC	mc	6J	mc120577	root://fndcadoor.fnal.gov:1095/pnfs/fnal.gov/usr/minerva/persistent/OpenData/MediumEnergy_RHC/MC/StandardMC/Playlist6J/MasterAnaDev_mc_AnaTuple_run00120577_Playlist.root	9.993912426981646e+18	1.0002584517582776e+19	1	85283	217872	
RHC	mc	6J	mc120578	root://fndcadoor.fnal.gov:1095/pnfs/fnal.gov/usr/minerva/persistent/OpenData/MediumEnergy_RHC/MC/StandardMC/Playlist6J/MasterAnaDev_mc_AnaTuple_run00120578_Playlist.root	9.964015822013864e+18	9.964015822013864e+18	1	84969	216819	
RHC	mc	6J	mc120579	root://fndcadoor.fnal.gov:1095/pnfs/fnal.gov/usr/minerva/persistent/OpenData/MediumEnergy_RHC/MC/StandardMC/Playlist6J/MasterAnaDev_mc_AnaTuple_run00120579_Playlist.root	1.0022147497579373e+19	1.0022195577500279e+19	1	86225	218616	
RHC	mc	6J	mc120580	root://fndcadoor.fnal.gov:1095/pnfs/fnal.gov/usr/minerva/persistent/OpenData/MediumEnergy_RHC/MC/StandardMC/Playlist6J/MasterAnaDev_mc_AnaTuple_run00120580_Playlist.root	1.0022653640762614e+19	1.0022698358231736e+19	1	85699	218079	
RHC	mc	6J	mc120581	root://fndcadoor.fnal.gov:1095/pnfs/fnal.gov/usr/minerva/persistent/OpenData/MediumEnergy_RHC/MC/StandardMC/Playlist6J/MasterAnaDev_mc_AnaTuple_run00120581_Playlist.root	1.0002765490756405e+19	1.00206747814424e+19	1	85512	218988	
RHC	mc	6J	mc120582	root://fndcadoor.fnal.gov:1095/pnfs/fnal.gov/usr/minerva/persistent/OpenData/MediumEnergy_RHC/MC/StandardMC/Playlist6J/MasterAnaDev_mc_AnaTuple_run00120582_Playlist.root	9.987393686866252e+18	9.987436287737434e+18	1	85142	217489	
RHC	mc	6J	mc120583	root://fndcadoor.fnal.gov:1095/pnfs/fnal.gov/usr/minerva/persistent/OpenData/MediumEnergy_RHC/MC/StandardMC/Playlist6J/MasterAnaDev_mc_AnaTuple_run00120583_Playlist.root	9.9475764350543e+18	9.94770768046862e+18	1	84464	216722	
RHC	mc	6J	mc120584	root://fndcadoor.fnal.gov:1095/pnfs/fnal.gov/usr/minerva/persistent/OpenData/MediumEnergy_RHC/MC/StandardMC/Playlist6J/MasterAnaDev_mc_AnaTuple_run00120584_Playlist.root	9.99785363537276e+18	1.0006674096740174e+19	1	85348	217441	
RHC	mc	6J	mc120585	root://fndcadoor.fnal.gov:1095/pnfs/fnal.gov/usr/minerva/persistent/OpenData/MediumEnergy_RHC/MC/StandardMC/Playlist6J/MasterAnaDev_mc_AnaTuple_run00120585_Playlist.root	9.992612716148374e+18	9.992612716148374e+18	1	85812	218090	
RHC	mc	6J	mc120586	root://fndcadoor.fnal.gov:1095/pnfs/fnal.gov/usr/minerva/persistent/OpenData/MediumEnergy_RHC/MC/StandardMC/Playlist6J/MasterAnaDev_mc_AnaTuple_run00120586_Playlist.root	9.97582394119562e+18	9.97582394119562e+18	1	85325	217803	
RHC	mc	6J	mc120587	root://fndcadoor.fnal.gov:1095/pnfs/fnal.gov/usr/minerva/persistent/OpenData/MediumEnergy_RHC/MC/StandardMC/Playlist6J/MasterAnaDev_mc_AnaTuple_run00120587_Playlist.root	9.890593478845501e+18	9.890593478845501e+18	1	84531	215430	
RHC	mc	6J	mc120588	root://fndcadoor.fnal.gov:1095/pnfs/fnal.gov/usr/minerva/persistent/OpenData/MediumEnergy_RHC/MC/StandardMC/Playlist6J/MasterAnaDev_mc_AnaTuple_run00120588_Playlist.root	1.0013297589273643e+19	1.0022129658141794e+19	1	85658	218308	
RHC	mc	6J	mc120589	root://fndcadoor.fnal.gov:1095/pnfs/fnal.gov/usr/minerva/persistent/OpenData/MediumEnergy_RHC/MC/StandardMC/Playlist6J/MasterAnaDev_mc_AnaTuple_run00120589_Playlist.root	9.973599836243511e+18	9.98273687242116e+18	1	84843	217262	
RHC	mc	6J	mc120590	root://fndcadoor.fnal.gov:1095/pnfs/fnal.gov/usr/minerva/persistent/OpenData/MediumEnergy_RHC/MC/StandardMC/Playlist6J/MasterAnaDev_mc_AnaTuple_run00120590_Playlist.root	9.948969487612946e+18	9.948969487612946e+18	1	84751	216077	
RHC	mc	6J	mc120591	root://fndcadoor.fnal.gov:1095/pnfs/fnal.gov/usr/minerva/persistent/OpenData/MediumEnergy_RHC/MC/StandardMC/Playlist6J/MasterAnaDev_mc_AnaTuple_run00120591_Playlist.root	9.961077295333108e+18	9.961976596000868e+18	1	85397	216865	
RHC	mc	6J	mc120592	root://fndcadoor.fnal.gov:1095/pnfs/fnal.gov/usr/minerva/persistent/OpenData/MediumEnergy_RHC/MC/StandardMC/Playlist6J/MasterAnaDev_mc_AnaTuple_run00120592_Playlist.root	1.0019250062095399e+19	1.0019250062095399e+19	1	85860	218623	
RHC	mc	6J	mc120593	root://fndcadoor.fnal.gov:1095/pnfs/fnal.gov/usr/minerva/persistent/OpenData/MediumEnergy_RHC/MC/StandardMC/Playlist6J/MasterAnaDev_mc_AnaTuple_run00120593_Playlist.root	1.000568467696516e+19	1.000568467696516e+19	1	86022	218379	
RHC	mc	6J	mc120594	root://fndcadoor.fnal.gov:1095/pnfs/fnal.gov/usr/minerva/persistent/OpenData/MediumEnergy_RHC/MC/StandardMC/Playlist6J/MasterAnaDev_mc_AnaTuple_run00120594_Playlist.root	9.992627619820085e+18	9.992627619820085e+18	1	85461	217769	
RHC	mc	6J	mc120595	root://fndcadoor.fnal.gov:1095/pnfs/fnal.gov/usr/minerva/persistent/OpenData/MediumEnergy_RHC/MC/StandardMC/Playlist6J/MasterAnaDev_mc_AnaTuple_run00120595_Playlist.root	1.0019549822767272e+19	1.0019640883669e+19	1	85905	218259	
RHC	mc	6J	mc120596	root://fndcadoor.fnal.gov:1095/pnfs/fnal.gov/usr/minerva/persistent/OpenData/MediumEnergy_RHC/MC/StandardMC/Playlist6J/MasterAnaDev_mc_AnaTuple_run00120596_Playlist.root	9.752104943547412e+18	9.760326682715376e+18	1	83705	213833	
RHC	mc	6J	mc120597	root://fndcadoor.fnal.gov:1095/pnfs/fnal.gov/usr/minerva/persistent/OpenData/MediumEnergy_RHC/MC/StandardMC/Playlist6J/MasterAnaDev_mc_AnaTuple_run00120597_Playlist.root	8.524347570025347e+18	8.524347570025347e+18	1	72366	185304	
RHC	mc	6J	mc120598	root://fndcadoor.fnal.gov:1095/pnfs/fnal.gov/usr/minerva/persistent/OpenData/MediumEnergy_RHC/MC/StandardMC/Playlist6J/MasterAnaDev_mc_AnaTuple_run00120598_Playlist.root	9.981931069951902e+18	9.981976692895134e+18	1	85345	217686	
RHC	mc	6J	mc120599	root://fndcadoor.fnal.gov:1095/pnfs/fnal.gov/usr/minerva/persistent/OpenData/MediumEnergy_RHC/MC/StandardMC/Playlist6J/MasterAnaDev_mc_AnaTuple_run00120599_Playlist.root	9.901544342817198e+18	9.901544342817198e+18	1	84906	215942	
RHC	mc	6J	mc120600	root://fndcadoor.fnal.gov:1095/pnfs/fnal.gov/usr/minerva/persistent/OpenData/MediumEnergy_RHC/MC/StandardMC/Playlist6J/MasterAnaDev_mc_AnaTuple_run00120600_Playlist.root	9.932424433141879e+18	9.932424433141879e+18	1	85444	216153	
RHC	mc	6J	mc120601	root://fndcadoor.fnal.gov:1095/pnfs/fnal.gov/usr/minerva/persistent/OpenData/MediumEnergy_RHC/MC/StandardMC/Playlist6J/MasterAnaDev_mc_AnaTuple_run00120601_Playlist.root	1.002223422745201e+19	1.002223422745201e+19	1	85784	218219	
RHC	mc	6J	mc120602	root://fndcadoor.fnal.gov:1095/pnfs/fnal.gov/usr/minerva/persistent/OpenData/MediumEnergy_RHC/MC/StandardMC/Playlist6J/MasterAnaDev_mc_AnaTuple_run00120602_Playlist.root	9.981787663114043e+18	9.981787663114043e+18	1	85659	217970	
RHC	mc	6J	mc120603	root://fndcadoor.fnal.gov:1095/pnfs/fnal.gov/usr/minerva/persistent/OpenData/MediumEnergy_RHC/MC/StandardMC/Playlist6J/MasterAnaDev_mc_AnaTuple_run00120603_Playlist.root	1.000123033664202e+19	1.000123033664202e+19	1	85813	218295	
RHC	mc	6J	mc120604	root://fndcadoor.fnal.gov:1095/pnfs/fnal.gov/usr/minerva/persistent/OpenData/MediumEnergy_RHC/MC/StandardMC/Playlist6J/MasterAnaDev_mc_AnaTuple_run00120604_Playlist.root	9.997107192910567e+18	9.99720315424339e+18	1	85594	217955	
RHC	mc	6J	mc120605	root://fndcadoor.fnal.gov:1095/pnfs/fnal.gov/usr/minerva/persistent/OpenData/MediumEnergy_RHC/MC/StandardMC/Playlist6J/MasterAnaDev_mc_AnaTuple_run00120605_Playlist.root	1.0015870753501477e+19	1.0015915559691307e+19	1	85722	218521	
